,SMILES,labels
0,CN1CCC[C@@H](c2nc3ccccc3n2Cc2ccc(F)cc2)C1,1
1,C=CCn1c2c(c3cc(C(=O)N4CCC(C)CC4)ccc31)CN(CC1CC1)CC2,0
2,CC12NC(Cc3ccccc31)c1ccccc12,1
3,c1ccccc1,1
4,CCCCCCCC,1
5,CC(NC(C)(C)C)C(=O)c1cccc(Cl)c1,1
6,Cc1ccccc1,1
7,CNC(C)Cc1ccccc1,1
8,CCC(C)N(C)C(=O)c1cc2ccccc2c(-c2ccccc2Cl)n1,1
9,CN(C)CCC=C1c2ccccc2CCc2ccccc21,1
10,CC(C)NCC(O)COc1ccc(CCOCC2CC2)cc1,1
11,OC(CCN1CCCCC1)(c1ccccc1)C1CC2C=CC1C2,1
12,O=C(CCCN1CCC(O)(c2ccc(Br)cc2)CC1)c1ccc(F)cc1,1
13,CC(C)(C)NCC(O)COc1ccccc1C#N,1
14,O=C1CC2(CCCC2)CC(=O)N1CCCCN1CCN(c2ncccn2)CC1,1
15,CCCCOC(=O)c1ccc(N)cc1,1
16,CN(C)CCCN1c2ccccc2Sc2ccc(Cl)cc21,1
17,Clc1cccc(Cl)c1N=C1NCCN1,1
18,CNCCCN1c2ccccc2CCc2ccccc21,1
19,O=C1CN=C(c2ccccc2)c2cc(Cl)ccc2N1,1
20,CC(N)Cc1ccccc1,1
21,CN1C(=O)CN=C(c2ccccc2)c2cc(Cl)ccc21,1
22,CN(C)CCOC(c1ccccc1)c1ccccc1,1
23,COc1cc2c(cc1OC)C(=O)C(CC1CCN(Cc3ccccc3)CC1)C2,1
24,CCC(=O)N(c1ccccc1)C1CCN(CCc2ccccc2)CC1,1
25,OCCN1CCN(CCCN2c3ccccc3Sc3ccc(C(F)(F)F)cc32)CC1,1
26,CNCCC(Oc1ccc(C(F)(F)F)cc1)c1ccccc1,1
27,O=C(CCCN1CCC(O)(c2ccc(Cl)cc2)CC1)c1ccc(F)cc1,1
28,OCCOCCN1CCN(C(c2ccccc2)c2ccc(Cl)cc2)CC1,1
29,CN(C)CCCN1c2ccccc2CCc2ccccc21,1
30,FC(F)OC(Cl)C(F)(F)F,1
31,Nc1nnc(-c2cccc(Cl)c2Cl)c(N)n1,1
32,O=C1Nc2ccc(Cl)cc2C(c2ccccc2Cl)=NC1O,1
33,OC(c1cc(C(F)(F)F)nc2c(C(F)(F)F)cccc12)C1CCCCN1,1
34,COC(=O)C(c1ccccc1)C1CCCCN1,1
35,COCCc1ccc(OCC(O)CNC(C)C)cc1,1
36,CN1CCN2c3ccccc3Cc3ccccc3C2C1,1
37,CN1CCN2c3ncccc3Cc3ccccc3C2C1,1
38,O=C1Nc2ccc(Cl)cc2C(c2ccccc2)=NC1O,1
39,CC(C)=CCN1CCC2(C)c3cc(O)ccc3CC1C2C,1
40,CN(C)CCCN1c2ccccc2Sc2ccccc21,1
41,CC(C)c1cccc(C(C)C)c1O,1
42,COc1ccc(C2CNC(=O)C2)cc1OC1CCCC1,1
43,Cc1nnc2n1-c1ccc(Cl)cc1C(c1ccccc1Cl)=NC2,1
44,CN1CCN(CCCN2c3ccccc3Sc3ccc(C(F)(F)F)cc32)CC1,1
45,CN(C)CCCN1c2ccccc2Sc2ccc(C(F)(F)F)cc21,1
46,COC(=O)C1C(OC(=O)c2ccccc2)CC2CCC1N2C,1
47,CCCCN1CC2Cc3cc(OC)c(OC)cc3C2C1,1
48,CC(Cl)(Cl)Cl,1
49,CC(C)Br,1
50,CCC(C)(C)C,1
51,c1ccc(C2(N3CCCCC3)CCCCC2)cc1,1
52,CCCOC(=O)c1ccc(N)cc1,1
53,Cc1ccccc1C,1
54,CCC(C)CC,1
55,CC1CCCC1,1
56,CC(C)(C)c1ccccc1,1
57,C=Cc1ccccc1,1
58,Cc1ccc(C)cc1,1
59,CCCC(C)C,1
60,CC(=O)OC(C)C,1
61,CC1CCCCC1,1
62,CCCCC,1
63,CC(=O)OCC(C)C,1
64,CCCCCC,1
65,C1CCCCC1,1
66,C=CCCCCCC,1
67,CCCCCCCCC,1
68,CCCCCCC,1
69,CCCCCCC1(CC)C(=O)NC(=O)NC1=O,1
70,COc1ccc2c3c1OC1CC(O)C=CC31CCN(C)C2,1
71,CC1CCCCC1C,1
72,CCCCC(C)C,1
73,CCCCCC(C)C,1
74,CCCCCOC(C)=O,1
75,ClCC(Cl)(Cl)Cl,1
76,CCCC(=O)c1ccc2c(c1)N(CCCN1CCN(C)CC1)c1ccccc1S2,1
77,CCCCCCCC(C)C,1
78,C=CCCCCCCCC,1
79,COC(C)(C)C,1
80,CCCCCCCCCC,1
81,FS(F)(F)(F)(F)F,1
82,CC(C)(C)C1CCCCC1,1
83,CCCCCCC(C)C,1
84,CNCCCN1c2ccccc2Sc2ccccc21,1
85,CC(=O)OCCC(C)C,1
86,C=CCCCCCCC,1
87,ClC(Cl)=C(Cl)Cl,1
88,CNCCCN1c2ccccc2Sc2ccc(Cl)cc21,1
89,CCc1ccc(C(=O)C(C)CN2CCCC2)cc1,1
90,CCCCCC1(CC)C(=O)NC(=O)NC1=O,0
91,c1ccc2c(c1)CCCN2,1
92,NCCCN1c2ccccc2Sc2ccc(Cl)cc21,1
93,CC(C)(C)OC(=O)CCCc1ccc(N(CCCl)CCCl)cc1,1
94,O=C1CC(=O)N(c2ccccc2)c2cc(Cl)ccc2N1,1
95,Clc1ccc(N=C2NCCN2)c(Cl)c1,1
96,CC1CCC(C)C(C)C1,1
97,CSc1ccc2c(c1)N(CCC1CCCNC1)c1ccccc1S2,1
98,CN1CN(c2ccccc2)C2(CCN(CCCC(=O)c3ccc(F)cc3)CC2)C1=O,1
99,CNCCCN1c2ccccc2CCc2cc(O)ccc21,1
100,NCCCN1c2ccccc2CCc2ccccc21,1
101,Cc1cccc2c1Oc1ccccc1C1(O)CCN(C)CC21,1
102,CN1CCC2(C)c3cc(OC(=O)Nc4ccccc4)ccc3N(C)C12,1
103,O=C(CCC1CCN(Cc2ccccc2)CC1)c1ccc2c(c1)NCCCC2,1
104,C#CC1(O)CCC2C3C(C)CC4=C(CCC(=O)C4)C3CCC21C,1
105,Cc1c(F)c(=O)n(-c2ccccc2)n1C,0
106,Cc1csc(NC(=N)N)n1,0
107,N=C(N)Nc1nc(-c2ccccc2)cs1,0
108,COc1ccc2c3c1OC1C(O)C=CC4C(C2)N(C)CCC341,1
109,COCCCCC(=NOCCN)c1ccc(C(F)(F)F)cc1,1
110,COc1ccc(C(C)C)cc1CNC1C2CCN(CC2)C1C(c1ccccc1)c1ccccc1,1
111,FC(F)(F)c1ccc(N2CCNCC2)nc1Cl,1
112,O=c1c(Br)ccc2n1CC1CNCC2C1,0
113,CN1CCC(n2nc(-c3c(-c4ccccc4)nn4ccccc34)ccc2=O)CC1,0
114,COc1ccc(OC(F)(F)F)cc1CNC1CCCNC1c1ccccc1,1
115,CC(C)Oc1ccc(OC(F)(F)F)cc1CNC1CCCNC1c1ccccc1,1
116,COc1ccc(C(C)C)cc1CNC1CCCNC1c1ccccc1,1
117,CN1CC2c3ccccc3Oc3ccc(Cl)cc3C2C1,1
118,COc1ccc(-c2nccs2)cc1CNC1CCCNC1c1ccccc1,1
119,CC(C)(C)c1ccc(OC(F)(F)F)c(CNC2CCCNC2c2ccccc2)c1,1
120,COc1ccccc1CNC1C2CCN(CC2)C1C(c1ccccc1)c1ccccc1,1
121,c1ccc(NCCCOc2cccc(CN3CCCCC3)c2)nc1,1
122,COC(=O)C1C(=O)C=C(Nc2cccc(OC(F)(F)F)c2)CC1C,0
123,FC(F)Oc1ccc(OC(F)(F)F)cc1CNC1CCCNC1c1ccccc1,1
124,Brc1cccc(Br)c1N=C1NCCN1,1
125,COc1cccc(CC2CCN(C3CCC(OC)(c4ccc5c(c4)OCO5)CC3)CC2)c1,1
126,Clc1cc(Cl)c(N=C2NCCN2)c(Cl)c1,1
127,O=c1ccc(-c2c(-c3ccccc3)nn3ccccc23)nn1CCN1CCCCC1,1
128,CCCC(C)CC,1
129,Clc1ccc(Cl)c(N=C2NCCN2)c1,1
130,Fc1cccc(F)c1N=C1NCCN1,0
131,Clc1cc(Br)cc(Cl)c1N=C1NCCN1,1
132,Brc1cc(Br)c(N=C2NCCN2)c(Br)c1,1
133,Ic1ccc(CN2CCCCC2)cc1CN1CCCCC1,1
134,CCCN1CN(c2ccc(Br)cc2)C2(CCN(CCCC(=O)c3ccc(F)cc3)CC2)C1=O,0
135,CCCCCCN1CCN(c2ccc(I)cc2)CC1,1
136,c1cc(CN2CCCCC2)cc(OCCCNc2nccs2)c1,1
137,O=C1CN=C(c2ccccc2)c2c(Cl)cccc2N1,1
138,COc1ccc(C(C)(C)C)cc1CNC1C2CCN(CC2)C1C(c1ccccc1)c1ccccc1,1
139,FC(F)(F)CC(Cl)Br,1
140,COc1ccccc1CNC1CCCNC1c1ccccc1,1
141,CCc1cccc(N=C(C)Nc2cccc(CC)c2)c1,1
142,COc1ccc(S(C)(=O)=O)cc1CNC1CCCNC1c1ccccc1,0
143,CC1CCN(CCCN2c3ccccc3Sc3ccc(C(F)(F)F)cc32)CC1,1
144,Cc1cccc2c1Oc1ccccc1C1(O)CCNCC21,1
145,COc1cc2sc(C)nc2cc1CNC1CCCNC1c1ccccc1,1
146,COc1ccc(N2CCCC2=O)cc1CNC1CCCNC1c1ccccc1,0
147,COc1cc2sc(-c3ccccc3)nc2cc1CNC1CCCNC1c1ccccc1,1
148,COc1cc2oc(C)nc2cc1CNC1CCCNC1c1ccccc1,1
149,COc1cc2sc(C3CC3)nc2cc1CNC1CCCNC1c1ccccc1,1
150,COc1cc2sc(C(C)(C)C)nc2cc1CNC1CCCNC1c1ccccc1,1
151,O=[N+]([O-])c1nccn1CC(O)COCF,0
152,Cc1cc2c(s1)Nc1ccccc1N=C2N1CCN(C)CC1,1
153,COc1cc2c(c(CNC3CCCNC3c3ccccc3)c1)OCC2,1
154,COc1ccc(C(C)(C)C)cc1CNC1CCCNC1c1ccccc1,1
155,Clc1ccc2c(c1)C1CNCC1c1ccccc1O2,1
156,CN1CCN(C2=Nc3cc(Cl)ccc3Nc3ccccc32)CC1,1
157,CCC(C)N1CCN(c2ccc(I)cc2)CC1,1
158,CN1CCN(CCCN2c3ccccc3Sc3cccc(C(F)(F)F)c32)CC1,1
159,CCC(C)Nc1ccc(I)c(NC(C)CC)c1,1
160,Cc1nc2cc(CNC3CCCNC3c3ccccc3)c(OC(C)C)cc2s1,1
161,CN(C)c1ccccc1Sc1ccc(CCF)cc1N,1
162,CC(F)OC(=O)c1ncn2c1CN(C)C(=O)c1cc(F)ccc1-2,0
163,N[C@H]1C[C@@H]1c1ccc(F)cc1,1
164,COc1cc2c(cc1OC)[C@@H]1Cc3ccc(OC)c(OC)c3CN1CC2,0
165,Fc1ccc(Cn2c([C@H]3CNCCS3)nc3ccccc32)cc1,1
166,CCCCNC(=S)Nc1ccccc1,0
167,CC1(O)NC=C2CN=C(c3ccccc3F)c3cc(Cl)ccc3N21,0
168,CC(C)CN1CCN(c2ccc(I)cc2)CC1,1
169,Clc1ccc(N2CCN(Cc3cnn4ccccc34)CC2)cc1,1
170,CC(C)CCO,0
171,FC(F)(F)CCC(Cl)Br,1
172,Fc1ccc(Cn2c([C@@H]3CCCNC3)nc3ccccc32)cc1,1
173,CC1NC(NCC(F)F)=Nc2cccc(Cl)c21,1
174,Cc1ccc(Cn2c([C@H]3CNCCO3)nc3ccccc32)cc1,1
175,Fc1ccc(Cn2c([C@H]3CNCCO3)nc3ccccc32)cc1,1
176,Nc1nc(NC2CC2)c2ncn([C@H]3C=C[C@H](CO)C3)c2n1,0
177,c1ccc2c(c1)CCC(CNCCCNC1=NCCCN1)O2,0
178,Clc1ccc2c(c1)C(N1CCNCC1)=Nc1ccccc1O2,1
179,CC(C)(C)c1cnc(CSc2cnc(NC(=O)C3CCNCC3)s2)o1,0
180,CCC12CCN(CC3(O)CC3)C(Cc3ccc(O)cc31)C2(C)C,1
181,CC(C)(C)N1CCC(c2ccccc2)(c2ccccc2)CC1,1
182,S=C=S,1
183,CN(C)CCCC1(c2ccc(F)cc2)OCc2cc(C#N)ccc21,1
184,CN(C)c1ccnc2sc3c(=O)n(N4CCCCCC4)cnc3c12,1
185,C[C@]12CCC(=O)C=C1CC[C@H]1[C@@H]2[C@@H](O)C[C@@]2(C)[C@H]1CC[C@]2(O)C(=O)CO,0
186,COc1ccc2c3c1O[C@H]1[C@@H](O)CC[C@H]4[C@@H](C2)N(C)CC[C@@]341,1
187,COC(=O)[C@@H]1C(=O)C=C(Nc2ccc(Cl)cc2)C[C@@H]1C,0
188,CN(C)CC/C=C1\c2ccccc2COc2ccccc21,1
189,CN(C)CCO[C@@](C)(c1ccccc1)c1ccccn1,1
190,NC1=NCC2c3ccccc3Cc3ccccc3N12,0
191,CCNC(=O)C(C(N)=O)c1ccccc1,0
192,N#Cc1ccc(OCC2CCN(C/C=C/I)CC2)cc1,1
193,Cc1cnc(N=C(N)N)s1,0
194,O=C(Cc1ccc(OCc2ccccc2)cc1)Nc1ccc2cnn(CCN3CCCC3)c2c1,0
195,CN(C)Cc1ccc(-c2c[nH]c(=O)c3cccc(O)c23)cc1,0
196,CS(=O)(=O)CCNCc1ccc(-c2ccc3ncnc(Nc4ccc(OCc5cccc(F)c5)c(Cl)c4)c3c2)o1,0
197,CN1CCN(C2=Nc3ccccc3Oc3ccc(Cl)cc32)CC1,1
198,CNCCCC12CCC(c3ccccc31)c1ccccc12,1
199,CCN(CC)Cc1ccc2c(c1)CCC(N1CCN(CCc3ccc(F)cc3)CC1=O)C2,1
200,Clc1ccc2[nH]nc(NC3CCN(Cc4ccc5c(c4)OCO5)CC3)c2c1,1
201,CCc1ccc(-c2ccc(C(=O)N(C)C3CCN(C(=O)N4CCC(N5CCCCC5)C4)C3)cc2)cc1,1
202,COc1ccc2[nH]nc(NC3CCN(Cc4ccc5c(c4)OCO5)CC3)c2c1,1
203,COc1cc(-n2cnc3cc(-c4ccc(Cl)cc4)sc3c2=O)ccc1OCCN1CCCC1,1
204,O=c1cc(NC2CCN(Cc3ccc4c(c3)CCO4)CC2)c2cc(Cl)ccc2o1,0
205,CCOC(=O)C1(c2ccccc2)CCN(C)CC1,1
206,CCC(=O)C(CC(C)N(C)C)(c1ccccc1)c1ccccc1,1
207,CCN(CC)CCNC(=O)c1cc(Cl)c(N)cc1OC,1
208,COc1ccccc1N1CCN(CCN(C(=O)c2ccc(F)cc2)c2ccccn2)CC1,0
209,OC(CNCC(O)C1CCc2cc(F)ccc2O1)C1CCc2cc(F)ccc2O1,1
210,c1ccc2c(c1)[nH]c1cnccc12,1
211,c1cncc([C@@H]2CCCN2)c1,1
212,OCCN1CCN(CCCN2c3ccccc3Sc3ccc(Cl)cc32)CC1,1
213,CC(C)(C)/[N+]([O-])=C\c1ccccc1,0
214,C[n+]1ccccc1/C=N/O,0
215,C[C@]12C=CC(=O)C=C1CC[C@@H]1[C@@H]2C(O)C[C@@]2(C)[C@H]1CC[C@]2(O)C(=O)CO,0
216,CN[C@H](C)CC1CCCCC1,1
217,COCCCN1CCC(NC(=O)c2cc(Cl)c(N)c3c2OCC3)CC1,0
218,OCCOCCN1CCN(C2=Nc3ccccc3Sc3ccccc32)CC1,1
219,C=CC1CC2CCC1CC2C(O)c1ccnc2ccc(OC)cc12,0
220,CCN(C)C(=O)Oc1cccc([C@H](C)N(C)C)c1,1
221,CS(=O)(=O)c1ccc(C2=C(c3ccccc3)C(=O)OC2)cc1,0
222,CC(CF)NC[C@H](O)COc1cccc2[nH]c3ccccc3c12,1
223,CN(c1nc2ccccc2s1)C1CCN(CC(O)COc2ccc(F)cc2)CC1,1
224,CN[C@H]1CC[C@@H](c2ccc(Cl)c(Cl)c2)c2ccccc21,1
225,COc1cc(N)c(Cl)cc1C(=O)NC1CCNCC1OC,0
226,COc1cccc([C@@]2(O)CCCC[C@@H]2CN(C)C)c1,1
227,Cl/C=C/Cl,0
228,CC(CN(C)C)CN1c2ccccc2CCc2ccccc21,1
229,Clc1ccc(Cl)c(NC2=NCCN2)c1,1
230,Clc1cc(Cl)c(NC2=NCCN2)c(Cl)c1,1
231,Brc1cc(Br)c(NC2=NCCN2)c(Br)c1,1
232,Brc1cccc(Br)c1NC1=NCCN1,1
233,Clc1cc(Br)cc(Cl)c1NC1=NCCN1,1
234,Fc1cccc(F)c1NC1=NCCN1,0
235,Cn1nnc2ccc(C(c3ccc(Cl)cc3)n3cncn3)cc21,0
236,Cc1nc(-c2csc(NC(=N)N)n2)c[nH]1,0
237,CCCCc1c(O)n(-c2ccccc2)n(-c2ccccc2)c1=O,0
238,CC(=O)Cn1nc(-c2c(-c3ccccc3)nn3ccccc23)ccc1=O,0
239,COc1cc2c(cc1CNC1CCCNC1c1ccccc1)N(S(C)(=O)=O)C(C)C2,0
240,COc1ccc(N(c2nc(C)c(C)s2)S(C)(=O)=O)cc1CNC1CCCNC1c1ccccc1,0
241,NC(=O)C1c2ccccc2C2OC2c2ccccc21,0
242,CC1c2ccccc2N(C(N)=O)c2ccccc2C1C,0
243,CCN1CN(c2ccc(Br)cc2)C2(CCN(CCCC(=O)c3ccc(F)cc3)CC2)C1=O,0
244,CCCN(CCC)CCc1cc(O)c2c(c1)CC(=O)N2,0
245,CC(C)(C)/[N+]([O-])=C\c1cc[n+]([O-])cc1,0
246,NC1(C(=O)O)CCCC1,0
247,CCc1ccc(-n2cnc3c(sc4nccc(N(C)C)c43)c2=O)cc1,0
248,C[C@]12C[C@@H](O)[C@H]3[C@@H](CCC4=CC(=O)CC[C@@]43C)[C@@H]1CC[C@@H]2C(=O)CO,0
249,CN1CCN(c2c(F)cc3c(=O)c(C(=O)O)cn(CCF)c3c2F)CC1,0
250,COc1cc2ncnc(Nc3ccc(F)c(Cl)c3)c2cc1OCCCN1CCOCC1,0
251,NC(Cc1ccc(N(CCCl)CCCl)cc1)C(=O)O,0
252,N[C@@]1(C(=O)O)CC(=O)[C@@H]2[C@H]1[C@@]2(F)C(=O)O,0
253,CN1CN(c2ccccc2)C2(CCN(CCCC(=O)c3csc(I)c3)CC2)C1=O,0
254,CC(C)(O)Cn1nc(-c2c(-c3ccccc3)nn3ccccc23)ccc1=O,0
255,Cc1cc(Br)cc(C)c1N=C1NCCN1,0
256,CN(C)Cc1ccnc(-c2cccc(Nc3[nH]ccc3[N+](=O)[O-])c2)c1,0
257,CN(C)Cc1ccc(-c2cccc(Nc3[nH]ccc3[N+](=O)[O-])c2)o1,0
258,CN(C)c1ccc(-c2cccc(Nc3[nH]ccc3[N+](=O)[O-])c2)o1,0
259,CC[C@@]1(O)C(=O)OCc2c1cc1n(c2=O)Cc2cc3ccccc3nc2-1,0
260,CC1(C)SSC(C)(C)[C@@H](NC(=O)C(N)Cc2ccc(O)cc2)C(=O)NCC(=O)NC(Cc2ccccc2)C(=O)N[C@@H]1C(=O)O,0
261,CCOc1ccc(C(=O)c2cccc3ccccc23)c2ccccc12,0
262,CCOc1ccc(Cc2nc3cc(N(C)S(=O)(=O)c4cccs4)ccc3n2CC2CCCCC2)nc1,0
263,CCS(=O)(=O)n1c2c(c3cc(C(=O)N4CCC(C)CC4)ccc31)CN(C1CCOCC1)CC2,0
264,O=C(O)c1ccccc1O,0
265,CC(C)(C)NCC(O)c1ccc(O)c(CO)c1,0
266,CC(C)NCC(O)COc1ccc(CC(N)=O)cc1,0
267,CC(C)CC1C(=O)N2CCCC2C2(O)OC(NC(=O)C3C=C4c5cccc6[nH]c(Br)c(c56)CC4N(C)C3)(C(C)C)C(=O)N12,0
268,O=C(O)COCCN1CCN(C(c2ccccc2)c2ccc(Cl)cc2)CC1,0
269,Oc1c(I)cc(Cl)c2cccnc12,0
270,CS(=O)(=O)N(CCO)c1c(Cl)c(Cl)cc2[nH]c(=O)c(=O)[nH]c12,0
271,CCN/C(=N\C#N)NCCSCc1ncccc1Br,0
272,O=c1[nH]c2cc(Cl)ccc2c(O)c1-c1cccc(Oc2ccccc2)c1,0
273,COc1cccnc1CCCCNc1nc(=O)c(Cc2ccc(C)nc2)c[nH]1,0
274,CCC(CC)O[C@@H]1C=C(C(=O)O)C[C@H](N)[C@@H]1NCOC,0
275,Cc1ccc(Cc2c[nH]c(NCCCCc3ncc(Br)cc3C)nc2=O)cn1,0
276,CC(C)c1nc(CN(C)C(=O)N[C@@H](C)C(=O)C[C@@H](Cc2ccccc2)C[C@H](O)[C@H](Cc2ccccc2)NC(=O)OCc2cncs2)cs1,0
277,O=C(c1ccc(OCCN2CCCCC2)cc1)c1c(-c2ccc(O)cc2)sc2cc(O)ccc12,0
278,CCOC(=O)N1CSCC1C(=O)O,0
279,CC(C(=O)O)c1ccc(-c2ccccc2)c(F)c1,0
280,OCC(O)C(O)C(O)C(O)CO,0
281,CC(=O)Nc1cccc(-c2csc(N=C(N)N)n2)c1,0
282,CN/C(=N\C#N)Nc1cccc(-c2csc(N=C(N)N)n2)c1,0
283,CC(C)CC(=O)c1ccc(OCCCCOc2ccc3ccc(=O)oc3c2)cc1O,0
284,CC(C)CC(=O)c1ccc(OCCCCO)cc1O,0
285,CC(C)CC(=O)c1ccc(OCCCCOc2ccc(CCC(=O)O)c(O)c2)cc1O,0
286,CCc1cccc2c3c([nH]c12)C(CC)(CC(=O)O)OCC3,0
287,CN/C(=N\C#N)NCCSCc1nc[nH]c1C,0
288,CC(C)NC(O)COc1ccc(CC(N)=O)cc1,0
289,COc1nccc(-c2c(-c3ccc(F)cc3)ncn2C2CCC(O)CC2)n1,0
290,CC(C)c1c(C(=O)Nc2ccccc2)c(-c2ccccc2)c(-c2ccc(F)cc2)n1CC[C@@H](O)C[C@@H](O)CC(=O)O,0
291,CN1[C@H]2CC[C@H]1[C@@H](CC(=O)O)[C@@H](OC(=O)c1ccccc1)C2,0
292,COc1ccc(NS(=O)(=O)c2sc3ccc(Cl)cc3c2C)cc1N1CCNCC1,0
293,Cc1nc(Nc2ncc(C(=O)Nc3c(Cl)cccc3Cl)s2)cc(N2CCN(CCO)CC2)n1,0
294,CN(C)Cc1ccc(CSCCNc2nc(=O)c(Cc3ccc4ccccc4c3)c[nH]2)o1,0
295,NCC1(Cc2noc(=O)[nH]2)CCCCC1,0
296,O=C(O)Cc1ccccc1Nc1c(Cl)cccc1Cl,0
297,O=c1nc[nH]c2c1ncn2[C@H]1CC[C@@H](CO)O1,0
298,CN/C(=N\C[N+](=O)[O-])NCCSCc1coc(CN(C)C)c1,0
299,CO[C@H]1CN(CC2Cc3ccc(NC(=O)C(C)C)cc3C2)CCC1n1c(C)nc2cc(C)ccc21,0
300,Nc1nc(=O)n([C@@H]2CS[C@H](CO)O2)cc1F,0
301,CN(C)c1cc(-c2n[nH]c(N)n2)ccn1,0
302,CC(C)Nc1cccnc1N1CCN(C(=O)c2cc3cc(NS(C)(=O)=O)ccc3[nH]2)CC1,0
303,CN(C)Cc1ccc(CSCCNc2[nH]ccc2[N+](=O)[O-])o1,0
304,CCCCc1oc2ccccc2c1C(=O)c1cc(I)c(OCCN(CC)CC)c(I)c1,0
305,CC(C)(C)NC(=O)[C@@H]1CN(Cc2cccnc2)CCN1C[C@@H](O)C[C@H](Cc1ccccc1)C(=O)N[C@H]1c2ccccc2C[C@H]1O,0
306,Cc1ccc(Cc2c[nH]c(NCCSCc3ccc(CN(C)C)o3)nc2=O)cn1,0
307,CN(C)CCc1c[nH]c2ccc(C[C@H]3COC(=O)N3)cc12,0
308,CCC(NC(=O)c1c(OCC(=O)O)c(-c2ccccc2)nc2ccccc12)c1ccccc1,0
309,Oc1cc(-c2nc(-c3ccccc3)[nH]c2-c2ccncc2)ccc1Cl,0
310,CCOC(=O)NNc1ccc(N(CC(C)O)C(C)C)nn1,0
311,Cc1ccc(-c2cc(C(F)(F)F)nn2-c2ccc(S(N)(=O)=O)cc2)cc1,0
312,CCOC(=O)C1=C[C@@H](OC(CC)CC)[C@@H](NCOC)[C@@H](N)C1,0
313,CC(C)(C)c1ccc(C(=O)N2CCN(c3ccc(OCCCN4CCCCC4)cc3)C(=O)C2)cc1,0
314,O=C(c1ccc(C(=O)N2CCN(c3ccc(OC4CCN(C5CCC5)CC4)cc3)C(=O)C2)cc1)N1CCC1,0
315,COc1cc(N)cn[n+]1-c1ccccc1,0
316,CSc1nn2c(N3CCNCC3)c3c(nc2c1S(=O)(=O)c1ccccc1)CCC3,0
317,Cc1cn([C@H]2C[C@H](N=[N+]=[N-])[C@@H](CO)O2)c(=O)[nH]c1=O,0
318,C[C@]12C=CC(=O)C=C1CC[C@@H]1[C@@H]2C(=O)C[C@@]2(C)[C@H]1CCC2(O)C(=O)CO,0
319,Nc1cccc(CN2CCC(NC(=O)C(O)(c3ccccc3)C3CCC(F)(F)C3)CC2)n1,0
320,COc1ccc(NS(=O)(=O)c2ccc(N)cc2)nn1,0
321,CN(C)CCOc1ccc(-c2nc(-c3ccc4c(c3)CC/C4=N\CO)c(-c3ccncc3)[nH]2)cc1,0
322,CN/C(=N\CCSCc1csc(NC(=N)N)n1)NC#N,0
323,Cc1nc2n(c(=O)c1CCN1CCC(c3coc4cc(F)ccc34)CC1)CCCC2O,0
324,CNC(=O)c1c(NCC2CCC3(CCC3)CC2)nc(C#N)nc1OCC1CCN(C(C)=O)CC1,0
325,CN(C)Cc1ccc(CSCCNc2[nH]ccc2Cc2ccccc2)o1,0
326,CCC(CO)Nc1nc(NCc2ccccc2)c2ncn(C(C)C)c2n1,0
327,S=c1nc[nH]c2nc[nH]c12,0
328,CCCC(=O)N(c1ccccc1)C1(COC)CCN(CCn2nnn(CC)c2=O)CC1,0
329,N#Cc1ccc(C(=O)N2CCN(c3ccc(OC4CCN(C5CCC5)CC4)cc3)C(=O)C2)cc1,0
330,C=CC1C[C@@H]2CC[C@H]1C[C@@H]2[C@@H](O)c1ccnc2ccc(OC)cc12,0
331,CNC(=O)c1c(NCC2CCC3(CCC3)CC2)nc(C#N)nc1OCC1CCNCC1,0
332,O=[N+]([O-])c1[nH]ccc1NCCSCc1ncccc1Br,0
333,COc1cc2nc(N3CCN(C(=O)c4ccco4)CC3)nc(C)c2cc1OC,0
334,CCC(C)n1ncn(-c2ccc(N3CCN(c4ccc(OC[C@H]5CO[C@](Cn6cncn6)(c6ccc(Cl)cc6Cl)O5)cc4)CC3)cc2)c1=O,0
335,CC(=O)N1CCc2ccc(N(C(=O)/C=C/c3cccc(C#N)c3)N3CCN(CCC4CCCC4)CC3)cc21,0
336,C[C@@H]1CCCN1CCCOc1ccc(N2CCN(C(=O)c3ccc(F)cc3F)CC2=O)cc1,0
337,O=S1(=O)N[C@H]2CCCN2c2ccccc21,0
338,NC(=O)N1c2ccccc2CC(O)c2ccccc21,0
339,CC(C)CC1C(=O)N2CCC[C@H]2C2O[C@](NC(=O)[C@@H]3C=C4c5cccc6[nH]c(Br)c(c56)C[C@H]4N(C)C3)(C(C)C)C(=O)N12,0
340,Cc1ccc(C(=O)NC2CC2)cc1-c1ccc(C(=O)NCC2CC2)cc1,0
341,COc1ccc(S(=O)(=O)Nc2cc(Br)cc(F)c2Br)cc1N1CCNCC1,0
342,CN1CCC[C@H]1Cc1c[nH]c2ccc(CCS(=O)(=O)c3ccccc3)cc12,0
343,Cn1nnc2c(C(N)=O)ncn2c1=O,0
344,NC(=O)c1ccc(S(=O)(=O)C2CCN(CCc3ccc(F)cc3F)CC2)cc1,0
345,CNS(=O)(=O)CCc1ccc2[nH]cc(C3CCN(C)CC3)c2c1,0
346,O=C(c1ccc(F)cc1)N1CCN(c2ccc(OCCCN3CCCCC3)cc2)C(=O)C1,0
347,CC[S@@]1(O)C(=O)OCc2c1cc1n(c2=O)Cc2cc3cc(CN(C)C)c(O)cc3nc2-1,0
348,CC1=C(C(=O)OC(C)(C)C)C(c2cccc([N+](=O)[O-])c2)C(C(=O)OC(C)(C)C)=C(C)N1,0
349,NCCCS(=O)(=O)O,0
350,O=C(c1ccc(Cl)cc1)N1CCN(c2ccc(OC3CCN(C4CCC4)CC3)cc2)C(=O)C1,0
351,Cc1ccc2c(OCCN3CCC(Cc4ccc5c(c4)NC(=O)CO5)CC3)cccc2n1,0
352,COc1cc(Nc2nn3c(NC(CO)C(C)C)cc(C4CC4)nc3c2C(N)=O)cc(OC)c1,0
353,CC(C)Oc1cccc(CC(=O)N2CCC[C@](CC[N+]34CCC(c5ccccc5)(CC3)CC4)(c3ccc(Cl)c(Cl)c3)C2)c1,0
354,O=C(OCc1ccccc1)N1CCC(CNc2ncccn2)CC1,0
355,CC(=O)C1CSc2ccccc2N1CCC1CCCCN1C,0
356,Cc1nc2n(c(=O)c1CCN1CCC(c3coc4cc(F)ccc34)CC1)CCCC2,0
357,CN1CC[C@]23c4c5ccc(O)c4O[C@H]2[C@@H](O)C=C[C@H]3[C@H]1C5,0
358,O=C(Nc1cc(Cl)ccc1O)Nc1cc(C(F)(F)F)ccc1Cl,0
359,CC1C=Nc2c1c(=O)[nH]c(=O)n2C,0
360,CC[S@@]1(O)C(=O)OCc2c1cc1n(c2=O)Cc2cc3ccccc3nc2-1,0
361,CN(C)C(=O)C(CCCN1CCC(O)(c2ccc(Cl)cc2)CC1)(c1ccccc1)c1ccccc1,0
362,CNC(=O)c1c(NCC2CCC3(CCC3)CC2)nc(C#N)nc1OC1CC(C)(C)NC(C)(C)C1,0
363,Cc1cccc(Cl)c1Nc1nc2ccc(N3CCNC(C)C3)nc2n2cncc12,0
364,CCCN(CC1CC1)c1nc(C)nc2c1CCN2c1ccc(Cl)cc1Cl,0
365,Cn1ncnc1COc1nn2c(-c3cc(F)ccc3F)nnc2cc1C(C)(C)C,0
366,O=C(OCc1ccccc1)N1CCC(CNc2ccncn2)CC1,0
367,CCCC(C)(COC(N)=O)COC(=O)NC,0
368,CC1CCN(CC[C@H]2CCCN2S(=O)(=O)c2cccc(O)c2)CC1,0
369,c1ccc(-c2nnc(N3CCN(c4ncccn4)CC3)cc2-c2ccncc2)cc1,0
370,CC(=O)/C=C/c1cccs1,0
371,CC(C)Nc1cccnc1N1CCNCC1,0
372,Cc1nc(C)c(C)nc1C,0
373,O=S(=O)(c1ccc2cc[nH]c2c1)N1CCCC1CCN1CCC(Oc2ccc(Cl)cc2)CC1,0
374,CC[C@H](C)C(=O)O[C@H]1C[C@@H](C)C=C2C=C[C@H](C)[C@H](CC[C@@H]3C[C@@H](O)CC(=O)O3)[C@H]21,0
375,C=CCC1(C(C)CCCC)C(=O)NC(=O)N(C)C1=O,0
376,CO[C@@H]1CN(CC2Cc3ccc(C#N)cc3C2)CCC1n1c(C(C)(C)O)nc2cc(C)ccc21,0
377,Cc1cccc(C)c1Nc1ncc(-c2cccc(OCCN3CCCC3)c2)n2cncc12,0
378,CCNCc1ccc(C(=O)Nc2cc(C)n(Cc3cc(Cl)ccc3OCC(C)C)n2)cc1,0
379,Oc1ccc2c(c1)OCO2,0
380,O=c1[nH]c(CCCN2CCC(c3ccccc3)CC2)nc2c(Cl)cccc12,0
381,O=C(OCc1ccccc1)N1CCC(CNc2ccccn2)CC1,0
382,CCNc1cccnc1N1CCN(C(=O)c2cc3cc(OC)ccc3[nH]2)CC1,0
383,CC(=O)N1CCN(C2CCN(C(=O)N(C)C(C)c3cc(C(F)(F)F)cc(C(F)(F)F)c3)C(c3ccc(F)cc3C)C2)CC1,0
384,CCC1(CCC(C)C)CNC(=O)NC1=O,0
385,CN1C(=O)NC2N=CN(C)C2C1=O,0
386,CNC(=O)c1c(NCC2CCC3(CCC3)CC2)nc(C#N)nc1OCC1CCN(C(C)C)CC1,0
387,FCC(Cl)(Cl)Cl,0
388,CCOc1cc(OCCCCOc2ccc(C(=O)CC(C)C)c(O)c2)ccc1CCC(=O)O,0
389,CCN(CC)CCCC(=O)c1cc(Cl)c(N)cc1OC,0
390,CN1CC(C)(C2=CCCCC2)C(=O)NC1=O,0
391,OC1CNCc2ccccc21,1
392,COc1ccc2c3c1O[C@H]1C(=O)CC[C@H]4[C@@H](C2)N(C)CC[C@]314,1
393,Cc1nc2c(c(-n3ccc(C(F)(F)F)n3)n1)CCN2c1ccc(Cl)cc1Cl,1
394,O=c1[nH]c(C2=CC(N3CCC(c4ccccc4)CC3)CC2)nc2c(Cl)cccc12,1
395,Cc1ncc2n1-c1ccc(Cl)cc1C(c1ccccc1F)=NC2,1
396,CCOC(=O)Nc1cc2c(c(N)n1)N=C(CN(C)c1ccc(OC)cc1)CN2,1
397,CNC(=O)c1c(NCC2CCC3(CCC3)CC2)nc(C#N)nc1OCC1CCN(C)CC1,1
398,Clc1ccc2c(c1)C1CCNCC1c1ccccc1O2,1
399,C#CC1(O)CCC2C3C(C)CC4=C(CCC(=O)C4)C3CCC21,1
400,COc1ccc(C=C2CCCN=C2c2cccnc2)c(OC)c1,1
401,O=C(Nc1ccc(Cl)nc1)c1ccc(F)c(F)c1,1
402,CCC(=O)OC(Cc1ccccc1)(c1ccccc1)[C@H](C)CN(C)C,1
403,O=S(=O)(c1cccc(Cl)c1)n1ccc2c(N3CCNCC3)c(Cl)ccc21,1
404,CCc1nc(N)nc(N)c1-c1ccc(Cl)cc1,1
405,Fc1ccc([C@@H]2CCNCC2COc2ccc3c(c2)OCO3)cc1,1
406,COc1ccc2c3c1O[C@H]1[C@@H](O)C=C[C@H]4[C@@H](C2)N(C)CC[C@@]341,1
407,c1ccc2c(c1)CCNC2,1
408,N#Cc1ccc2c(c1)CCN(CC[C@H]1CC[C@H](NC(=O)c3ccnc4ccccc34)CC1)C2,1
409,Cc1ccn(CCCCN2CCN(c3cc(C(F)(F)F)nc(C(C)(C)C)n3)CC2)c(=O)c1,1
410,C#CCN(C)[C@H](C)Cc1ccccc1,1
411,c1cnc(N2CCNCC2)nc1,1
412,CCCCC1CCN(CCCN2C(=O)CCc3ccccc32)CC1,1
413,CC1=NC(O)C(=O)Nc2ccc(Cl)cc21,1
414,COc1ccc(C(CN(C)C)C2(O)CCCCC2)cc1,1
415,CN(C)CCOC(C)(c1ccccc1)c1ccccn1,1
416,CCc1nc(N)nc(N)c1-c1ccc(Cl)c(Cl)c1,1
417,CNC(=O)c1c(NCC2CCC3(CCC3)CC2)nc(C#N)nc1OCCO,1
418,Cc1ncc2n1-c1ccc(Cl)cc1C(c1ccccc1Cl)=NC2,1
419,CSc1ccc2c(c1)N(CCC1CCCCN1)c1ccccc1S2,1
420,COCCCC/C(=N\OCCN)c1ccc(C(F)(F)F)cc1,1
421,Cc1nc(N)nc(N)c1-c1ccc(Cl)c(Cl)c1,1
422,CC1CCN(CCCC(=O)c2ccc(F)cc2)CC1,1
423,CC(C)(C)c1cc(CN2CCN(CC(O)c3ccc(Cl)cc3)CC2)cc(C(C)(C)C)c1O,1
424,N#Cc1ccc(S(=O)(=O)C2CCN(CCc3ccc(F)cc3F)CC2)cc1,1
425,CN1CCC2(O)c3ccccc3Oc3ccc(Cl)cc3C2C1,1
426,COc1ccc(Cl)cc1[C@]1(F)C(=O)Nc2cc(C(F)(F)F)ccc21,1
427,CNCCC=C1c2ccccc2CCc2ccccc21,1
428,CN(C)CCC=C1c2ccccc2C=Cc2ccccc21,1
429,CNCCCN1c2ccccc2Sc2cccc(Cl)c21,1
430,FC(F)(Cl)C(F)(F)Cl,1
431,CC1CCCCC1(c1cccs1)N1CCCCC1,1
432,CC(Cc1ccccc1)NCCn1cnc2c1c(=O)n(C)c(=O)n2C,1
433,CC(=O)NCCCN1CCN(c2cc(Cl)ccc2Cl)CC1,1
434,CC(=O)OC1CCC2(C)C3CCC4(C)C(C(C)CCCC(C)C)CCC4C3CC(Br)C2(Br)C1,1
435,CCC(Br)(CC)C(=O)NC(=O)NC(C)=O,1
436,CC(=O)OCC(=O)OCCC(SC(=O)c1ccco1)=C(C)N(C=O)Cc1cnc(C)nc1N,1
437,CC(=O)NC(CCC(N)=O)C(=O)O,1
438,CC(=O)NCC1(c2ccccc2)CCN(CCCC(=O)c2ccc(F)cc2)CC1,1
439,CC(=O)Nc1ccc(OC(=O)c2ccccc2O)cc1,1
440,CC(=O)OCCC(SC(C)=O)=C(C)N(C=O)Cc1cnc(C)nc1N,1
441,CC(=O)SCC(Cc1ccccc1)C(=O)NCC(=O)OCc1ccccc1,1
442,CCCC(C)(O)C1CC23C=CC1(OC)C1Oc4c(OC(C)=O)ccc5c4C12CCN(C)C3C5,1
443,CCC(OC(C)=O)C(CC(C)N(C)C)(c1ccccc1)c1ccccc1,1
444,CC(=O)OCC1=COC(OC(=O)CC(C)(C)OC(C)=O)C2C1=CC(OC(=O)CC(C)C)C21CO1,1
445,C=CC1OC2CC3C4CCC5=CC(=O)C=CC5(C)C4(F)C(O)CC3(C)C2(C(=O)CO)O1,1
446,O=C(COc1ccc(Cl)cc1)OCCNC12CC3CC(CC(C3)C1)C2,1
447,O=C(NCCN1CCN(c2ncccn2)CC1)C12CC3CC(CC(C3)C1)C2,1
448,CC(N)C(=O)OC(C)(C)Cc1ccc(Cl)cc1,1
449,CCC(=O)OCC(=O)C1(OC(=O)CC)C(C)CC2C3C(Cl)CC4=CC(=O)C=CC4(C)C3C(O)CC21C,1
450,CCCN(CCC)C1Cc2cccc3cc(O)cc(c23)C1,1
451,CC12CC(=O)C3C(CCC4CC(O)CCC43C)C1CCC2C(=O)CO,1
452,CC(=O)C1CCC2C3CCC4CC(O)CCC4(C)C3C(=O)CC12C,1
453,CCC(=O)N(c1ccccc1)C1(COC)CCN(CCn2nnn(CC)c2=O)CC1,1
454,CC(=O)C12OC(C)(C)OC1CC1C3CCC4=CC(=O)CCC4(C)C3CCC12C,1
455,COC1(F)C(F)(F)C1(F)Cl,1
456,C=CCN1CCC23c4c5ccc(O)c4OC2C2(OC)C=CC3(CC2C(C)(O)CCC)C1C5,1
457,C=CCN1C(=O)OC(C)C1=O,1
458,CNCC1CN(c2ccc(OCc3cccc(Cl)c3)cc2)C(=O)O1,1
459,COc1cccc2c1CC(CCCNCCCCN1C(=O)CC3(CCCC3)CC1=O)CO2,1
460,O=C1CCC2(CCC(=O)c3ccccc32)C(=O)N1,1
461,CC(=O)NCCn1c(C)cc(C=O)c1C,1
462,CC(CC#N)N(C)CC(=O)N(C)c1ccc(Cl)cc1C(=O)c1ccccc1F,1
463,CCC(=O)OC1(c2ccccc2)CCN(C)CC1CC,1
464,CCC(O)C(CC(C)N(C)C)(c1ccccc1)c1ccccc1,1
465,C=CCN1CCCC1CNC(=O)c1cc(S(=O)(=O)NC)c(N)cc1OC,1
466,O=C(O)CN1C(=O)c2cccc3cccc(c23)C1=O,1
467,CCC1(CC)OC2CC3C4CCC5=CC(=O)C=CC5(C)C4(F)C(O)CC3(C)C2(C(=O)CO)O1,1
468,CC1(c2ccccc2)OC2CC3C4CCC5=CC(=O)C=CC5(C)C4(F)C(O)CC3(C)C2(C(=O)CO)O1,1
469,CC(=O)OCC(=O)C12OC3(CCCC3)OC1CC1C3CCC4=CC(=O)C=CC4(C)C3(F)C(O)CC12C,1
470,CCC(=O)OC1(C(=O)COC)C(C)CC2C3CCC4=CC(=O)C=CC4(C)C3(F)C(O)CC21C,1
471,Cc1cccc(C)c1NC(=O)c1ccc(N)cc1,1
472,CC(C)n1cc2c3c(cccc31)C1CC(C(=O)NC3CCCCC3)CN(C)C1C2,1
473,CC(Cc1ccccc1)NC(C#N)c1ccccc1,1
474,O=C(O)CCCCCCNC1c2ccccc2CCc2ccccc21,1
475,CCN1CCCC1CNC(=O)c1cc(S(=O)(=O)CC)c(N)cc1OC,1
476,C[N+](C)([O-])CCC=C1c2ccccc2CCc2ccccc21,1
477,CC(C)CCOC(CN1CCCC1)c1ccccc1,1
478,CCNC(=O)N1CCN(CCCC(c2ccc(F)cc2)c2ccc(F)cc2)CC1,1
479,Nc1cccc(-n2ccccc2=O)c1,1
480,CN(C)c1cnccn1,1
481,CCOC(=O)C1(c2ccccc2)CCN(CCc2ccc(N)cc2)CC1,1
482,COc1ccc(C(=O)N2CCCC2=O)cc1,1
483,COc1cc2oc(=O)c(C)c(C)c2cc1OCCCN1CCN(c2ccccc2OC)CC1,1
484,CCCNC(=O)c1ccc2c(c1)N(CCN1CCCC1)c1ccccc1S2,1
485,CN1CCc2cccc3c2C1Cc1ccc(O)c(O)c1-3,1
486,C=CCC1(C(C)C)C(=O)NC(=O)NC1=O,1
487,O=C1CCc2ccc(OCCCCN3CCN(c4cccc(Cl)c4Cl)CC3)cc2N1,1
488,O=C1OC(C(O)CO)C(O)=C1O,1
489,CCN(CC)c1ccc(NC(=O)c2ccccc2N)c(C)c1,1
490,CN1C2CCC1CC(OC(=O)C(C)(CO)c1ccccc1)C2,1
491,C[N+]1([O-])C2CCC1CC(OC(=O)C(CO)c1ccccc1)C2,1
492,CN(C(=O)CNC(=O)C(N)CCCCN)c1ccc(Cl)cc1C(=O)c1ccccc1,1
493,O=c1[nH]c2cc(Cl)ccc2n1C1CCN(CC2COc3ccccc3O2)CC1,1
494,Nc1ccc(S(=O)(=O)N2CC3CCC(CC3)C2)cc1,1
495,O=C(CCCN1CCN2CCCC2C1)c1ccc(F)cc1,1
496,OC(c1ccccc1)(c1ccccc1)C1CCNCC1,1
497,O=C1NCCN1C1CCN(CCC2COc3ccccc3O2)CC1,1
498,O=C(CCCN1CCN(c2ccccn2)CC1)c1ccc(F)cc1,1
499,c1ccc2c(c1)CCN1CCNCC21,1
500,c1ccc2c(c1)cc1n2CCCNC1,1
501,CN(CCc1cc2cccc3c2n1-c1ccccc1CC3)Cc1ccccc1,1
502,O=c1[nH]c2ccccc2c(=O)n1CCN1CC2CC(c3ccc(F)cc3)C2C1,1
503,CCN(CCO)CCn1c(Cc2ccccc2)nc2c1c(=O)n(C)c(=O)n2C,1
504,Cc1nc2n(n1)C(N1CCN(C)CC1)=Nc1ccccc1C2,1
505,O=C(CCCl)NCc1ccccc1,1
506,CC1CC2C3CCC4=CC(=O)C=CC4(C)C3(Cl)C(O)CC2(C)C1(O)C(=O)CO,1
507,COCC1CN(c2ccc(OCCC(O)C(F)(F)F)cc2)C(=O)O1,1
508,CCC1(C)CC(=O)NC(=O)C1,1
509,CCN(CC)CCOC(=O)C(O)(c1ccccc1)c1ccccc1,1
510,CC(=C(CCOP(=O)(O)O)SC(=O)c1ccccc1)N(C=O)Cc1cnc(C)nc1N,1
511,CC(=O)Nc1ccc(OC(=O)c2ccccc2OC(C)=O)cc1,1
512,O=C(CCCN1CCC(n2c(=O)[nH]c3ccccc32)CC1)c1ccc(F)cc1,1
513,O=C1CN=C(c2ccccc2)c2c(sc3c2CCCC3)N1,1
514,CC(=C(CCOC(=O)c1ccccc1)SC(=O)c1ccccc1)N(C=O)Cc1cnc(C)nc1N,1
515,C[N+](C)([O-])CCC=C1c2ccccc2C=Cc2c(Cl)cccc21,1
516,c1ccc(Cn2cc(CCc3ccncc3)c3ccccc32)cc1,1
517,CCN(CC)C(=O)C1CN2CCc3cc(OC)c(OC)cc3C2CC1OC(C)=O,1
518,CN1C2CCC1CC(OC(c1ccccc1)c1ccccc1)C2,1
519,OCc1ccccc1,1
520,CN1CCc2cc(Cl)c(O)cc2C(c2cc(Br)cc3c2OCC3)C1,1
521,CCOC(=O)CC(O)CC(O)C=CC1=C(c2ccc(F)cc2)c2ccccc2OC12CCCC2,1
522,CC(=O)OCC(=O)C1(OC(=O)C(C)C)C(C)CC2C3CCC4=CC(=O)C=CC4(C)C3(F)C(O)CC21C,1
523,CC1CC2C3CCC4=CC(=O)C=CC4(C)C3(F)C(O)CC2(C)C1(OC(=O)c1ccccc1)C(=O)CO,1
524,O=C1CC2(CCCC2)CC(=O)N1CCNCC1COc2ccccc2O1,1
525,O=C(O)CCCCC1SCC2NC(=O)NC21,1
526,NCc1ccccc1Sc1ccccc1CO,1
527,O=C(CCCN1CCN2Cc3[nH]c4ccccc4c3CC2C1)c1ccc(F)cc1,1
528,CC(=C(CCOC(=O)c1ccccc1)SSC(CCOC(=O)c1ccccc1)=C(C)N(C=O)Cc1cnc(C)nc1N)N(C=O)Cc1cnc(C)nc1N,1
529,CC(=O)NCCCC(NC(C)=O)C(=O)O,1
530,CCN1CCN(c2cc(-c3ccc(F)cc3)c3c(n2)CCCCCC3)CC1,1
531,CC1(C)OC(=O)Nc2ccc(Br)cc21,1
532,O=C1CN=C(c2ccccn2)c2cc(Br)ccc2N1,1
533,CC(C)C(Br)C(=O)NC(N)=O,1
534,BrC(Br)Br,1
535,Cc1cc(Br)cc(C(N)=O)c1O,1
536,O=C1CC(c2cccc(Br)c2)C(=O)N1,1
537,Cc1nnc2n1-c1sc(Br)cc1C(c1ccccc1Cl)=NC2,1
538,Nc1nc2c(ncn2CCC(O)CO)c(=O)[nH]1,1
539,CC(C)(C)c1ccc(CN2CCN(C(c3ccccc3)c3ccc(Cl)cc3)CC2)cc1,1
540,COC12CCC3(CC1C(C)(O)C(C)(C)C)C1Cc4ccc(O)c5c4C3(CCN1CC1CC1)C2O5,1
541,O=C(NCc1ccccc1)OCCO,1
542,CC(=O)Nc1ccc(OC(C)(C)C)cc1,1
543,CC(C)(C)C1(O)CCN2CC3c4ccccc4CCc4cccc(c43)C2C1,1
544,CCCCC(CC)CNC(=O)CC(C)O,1
545,Oc1ccc2c(c1)C13CCCCC1(O)C(C2)N(CC1CCC1)CC3,1
546,C=CCN1CC(C(=O)N(CCCN(C)C)C(=O)NCC)CC2c3cccc4[nH]cc(c34)CC21,1
547,CC(NCCn1cnc2c1c(=O)n(C)c(=O)n2C)C(O)c1ccccc1,1
548,CN(C)C(=O)OC1N=C(c2ccccc2)c2cc(Cl)ccc2N(C)C1=O,1
549,CC12CCC(CC1=O)C2(C)C,1
550,CCCCCC(=NOCCN)c1ccc(C)c(N)c1,1
551,CCCCSc1ccc(C(SCCN(C)C)c2ccccc2)cc1,1
552,CCC(C)C(CC)C(=O)NC(N)=O,1
553,CCCCC1(CCOC(N)=O)C(=O)NC(=O)NC1=O,1
554,CN1C(=O)CN(C(N)=O)C(c2ccccc2)c2cc(Cl)ccc21,1
555,C#CC(OC(N)=O)c1ccccc1,1
556,O=C(O)C1CCN1C12CC3CC(CC(C3)C1)C2,1
557,NC(=O)CN1Cc2ccccc2OC1=O,1
558,CC(C)NC(=O)OC1CCN(CCCC(=O)c2ccc(F)cc2)CC1,1
559,CCC(=O)c1ccc2c(c1)N(CCCN1CCN(CCO)CC1)c1ccccc1S2,1
560,NS(=O)(=O)c1ccc(C(=O)O)cc1,1
561,CC(N)C(=O)c1ccccc1,1
562,O=C1CN(C(=O)CN2CC(c3ccc(Cl)cc3)CC2=O)CCN1,1
563,OC1OC(COCCOC(O)C(Cl)(Cl)Cl)C(OC2OC(COCCOCCOC(O)C(Cl)(Cl)Cl)CC(OC(O)C(Cl)(Cl)Cl)C2O)C(OCCOCCOC(O)C(Cl)(Cl)Cl)C1O,1
564,COCc1c(C(C)C)nc(C(C)C)c(C=CC(O)CC(O)CC(=O)O)c1-c1ccc(F)cc1,1
565,Cc1cc(C)c(=O)[nH]n1,1
566,CC(=O)c1ccc(C(O)C(CO)NC(=O)C(Cl)Cl)cc1,1
567,CCOC(=O)OCCC(SC(=O)OCC)=C(C)N(C=O)Cc1cnc(C)nc1N,1
568,OC(O)C(Cl)(Cl)Cl,1
569,OCC(O)C1OC2OC(C(Cl)(Cl)Cl)OC2C1O,1
570,CNC1=Nc2ccc(Cl)cc2C(c2ccccc2)=[N+]([O-])C1,1
571,CC(CC(C)(C)O)OC(O)C(Cl)(Cl)Cl,1
572,CN1C(=O)CCS(=O)(=O)C1c1ccc(Cl)cc1,1
573,CC(=O)OCC(=O)C1(O)CCC2C3CC(Cl)C4=CC(=O)C=CC4(C)C3C(=O)CC21C,1
574,O=C(O)c1cc(=O)c2ccccc2o1,1
575,CC(C)C(=O)OCC(=O)C12OC(C3CCCCC3)OC1CC1C3CCC4=CC(=O)C=CC4(C)C3C(O)CC12C,1
576,Clc1ccccc1C1=NCc2nnc(C3CCCCC3)n2-c2sc(Br)cc21,1
577,CC(=O)CC(=O)C12OC(C)(C)OC1CC1C3CC(C#N)=C4C=C(OCCCl)CCC4(C)C3(F)C(O)CC12C,1
578,CC(C)NC1C2CCC(CC2)C1(O)c1ccc(Cl)c(Cl)c1,1
579,NNCC1CCCCC1,1
580,CC(C)C(O)C1CCCCC1,1
581,COCC1CN(c2ccc(OCc3cccc(C#N)c3)cc2)C(=O)O1,1
582,COc1cc(C=CC(=O)N2CCCCCCC2)cc(OC)c1OC,1
583,N#CCCN1C(=O)C(O)N=C(c2ccccc2F)c2cc(Cl)ccc21,1
584,CN(C(=O)CNC1CC1)c1ccc(Cl)cc1C(=O)c1ccccc1Cl,1
585,CC1(C)OC2CC3C4CC(F)C5=CC(=O)C=CC5(C)C4(F)C(O)CC3(C)C2(C(=O)COC(=O)C2CC2)O1,1
586,CN1CCC2=C(CC1)c1cc(C#N)ccc1Sc1ccccc12,1
587,COc1cc(N)c(Cl)cc1C(=O)NC1CCN(Cc2ccccc2)CC1,1
588,Clc1cccc(Cl)c1N=C1NCCO1,1
589,CC1CC2C3CCC4=CC(=O)C=CC4(C)C3(F)C(=O)CC2(C)C1(O)C(=O)CCl,1
590,CCCC(=O)OC1(C(=O)CCl)C(C)CC2C3CCC4=CC(=O)C=CC4(C)C3(F)C(=O)CC21C,1
591,NC(=O)C1(N2CCCCC2)CCN(CCCN2c3ccccc3CCc3ccc(Cl)cc32)CC1,1
592,CC1CC2C3CC(F)C4=CC(=O)C=CC4(C)C3(Cl)C(O)CC2(C)C1C(=O)CO,1
593,CC(=O)OCC(=O)C1C(C)CC2C3CC(F)C4=CC(=O)C=CC4(C)C3(Cl)C(O)CC21C,1
594,CC1CC2C3CC(F)C4=CC(=O)C=CC4(C)C3(Cl)C(O)CC2(C)C1C(=O)COC(=O)C(C)(C)C,1
595,CN(C)CCCn1c(=O)n(-c2ccccc2)c2cc(Cl)ccc21,1
596,CCN(CC)CCOC1(c2ccc(Cl)cc2)CCCCC1,1
597,O=C(CCCN1CCC(O)(c2ccc(Cl)c(C(F)(F)F)c2)CC1)c1ccc(F)cc1,1
598,Cc1ncsc1CCCl,1
599,OCCN1CCN(CCC=C2c3ccccc3Sc3ccc(Cl)cc32)CC1,1
600,O=c1[nH]c2ccccc2c(=O)n1CCCN1CCN(c2cccc(Cl)c2)CC1,1
601,O=c1[nH]c2cc(Cl)ccc2n1C1CCN(CCCC(c2ccc(F)cc2)c2ccc(F)cc2)CC1,1
602,CC12C=CC(=O)C=C1C(Cl)=CC1C2C(O)CC2(C)C1CCC2(O)C(=O)CO,1
603,O=C(OCC(Cl)(Cl)Cl)OCC(Cl)(Cl)Cl,1
604,C#CCN(C)CCCOc1ccc(Cl)cc1Cl,1
605,O=C(CCCN1CCC(C(=O)c2ccc(Cl)cc2)CC1)c1ccc(F)cc1,1
606,CN1CCN(C2Cc3ccccc3Sc3ccc(Cl)cc32)CC1,1
607,CCc1cc2c(s1)N(C)C(=O)CN=C2c1ccccc1Cl,1
608,CCC(=O)OC1(C(=O)SCCl)C(C)CC2C3CC(F)C4=CC(=O)C=CC4(C)C3(F)C(O)CC21C,1
609,CNC(=O)CCN1CCN(CCC=C2c3ccccc3Sc3ccc(Cl)cc32)CC1,1
610,CCC12CCN(CC3CCC3)C(Cc3ccc(O)cc31)C2(C)C,1
611,CCC1CC(=O)C2Oc3c(OC)ccc4c3C23CCN(CC2CC2)C(C4)C13,1
612,CC1CC2C3CC(F)(F)C4=CC(=O)C=C[C@]4(C)C3(F)C(O)CC2(C)C1(O)C(=O)CO,1
613,CC12CCC(=O)C=C1CCC1C2CCC2(C)C1CCC2(O)C(=O)CO,1
614,CC(=O)OCC(=O)C1(O)CCC2C3CCC4=CC(=O)CCC4(C)C3C(=O)CC21C,1
615,CC1=CC2C(C(O)CC3(C)C2CC(C)C3(O)C(=O)COC(=O)c2cccc(S(=O)(=O)O)c2)C2(C)Cc3cnn(-c4ccccc4)c3C=C12,1
616,CC(=O)OCC(=O)C1(O)C(C)CC2C3C=C(C)C4=Cc5c(cnn5-c5ccccc5)CC4(C)C3C(O)CC21C,1
617,CN(C)CC(=O)C=C1c2ccccc2CCc2ccccc21,1
618,CC1CC(OC(=O)C2CCC(=O)N2)CC(C)(C)C1,1
619,CC=CC(=O)N(CC)C(CC)C(=O)N(C)C,1
620,O=C(Nc1ccccc1)OCC1(COC(=O)Nc2ccccc2)CCCC1,1
621,CC1C2Cc3ccc(O)cc3C1(C)CCN2CC1CC1,1
622,CN(C)C1CCc2[nH]c3ccccc3c2C1,1
623,FC(F)(F)c1ccc2c(c1)N(CCCN1CCN(C3CC3)CC1)c1ccccc1S2,1
624,CC(=O)C1CCC2C3CC(O)C45CC4CCC5(C)C3CCC12C,1
625,CC(=C1CCOC(=O)S1)N(C=O)Cc1cnc(C)nc1N,1
626,NC(=O)C1c2ccccc2CCc2ccccc21,1
627,COC12C=CC3(CC1C(C)(C)O)C1Cc4ccc(O)c5c4C3(CCN1CC1CC1)C2O5,1
628,CN(C)CCOC(=O)CCC1CCCCC1,1
629,OC(c1ccccc1)(c1ccccc1)C1CC1c1ccncc1,1
630,O=C1NC(=O)C2(c3ccc(Cl)cc3)CC12,1
631,CN(C)CC(=O)N1c2ccccc2Sc2ccccc21,1
632,OC(C1=NCCN1)(c1ccc(Cl)cc1)c1ccccn1,1
633,CN(C)CCO,1
634,CCCCCCCCCCOc1c(OC)cc(C(N)=O)cc1OC,1
635,Cc1ccc(Cc2ccccc2)c(N2CCNCC2)c1,1
636,O=C1C[N+]([O-])=C(c2ccccc2)c2cc(Cl)ccc2N1,1
637,CCCCn1c(=O)c2c(ncn2CC(C)=O)n(CCCC)c1=O,1
638,CC(=O)C1(O)CCC2C3CCC4=CC(=O)C=CC4(C)C3C(O)CC21C,1
639,Nc1ncc2ncn(COCCO)c2n1,1
640,CC(=O)C12OC(C)(C)OC1CC1C3CCC4=CC(=O)C=CC4(C)C3(F)C(O)CC12C,1
641,COC(=O)C1C2CC3c4[nH]c5ccccc5c4CCN3CC2CC(OC(=O)c2cc(OC)c(OC)c(OC)c2)C1OC,1
642,CC1(C)OC2CC3C4CCC5=CC(=O)C=CC5(C)C4C(O)CC3(C)C2(C(=O)CO)O1,1
643,CC1CC2C3CCC4=CC(=O)C=CC4(C)C3(F)C(O)CC2(C)C1C(=O)CO,1
644,Cc1cccc(Cc2c[nH]cn2)c1C,1
645,CC(=O)OCC(=O)C1(OC(=O)c2ccco2)C(C)CC2C3CCC4=CC(=O)C=CC4(C)C3(F)C(O)CC21C,1
646,c1ccc(C2CN3CCSC3=N2)cc1,1
647,c1ccc(C2CN=C3NCCN32)cc1,1
648,c1ccc(C2(c3ccccc3)OCC(C3CCCCN3)O2)cc1,1
649,CC12C=CC(=O)C=C1CCC1C3CCC(O)(C(=O)CO)C3(C)CC(Cl)C12Cl,1
650,CC(=O)CC(=O)C1(O)CCC2C3CCC4=CC(=O)C=CC4(C)C3(Cl)C(Cl)CC21C,1
651,CCN(CC)CCNC(=O)c1cc(Cl)cc(Cl)c1OC,1
652,CC(=O)OC1CC2C(COC(=O)CC(C)C)=COC(OC(=O)CC(C)C)C2C12CO2,1
653,CCCCOCC(CN1C(=O)N(CC(COCCCC)OC(N)=O)C(=O)C(CC)(c2ccccc2)C1=O)OC(N)=O,1
654,Fc1ccc(C(CCCN2CCN(CCNc3ccccc3)CC2)c2ccc(F)cc2)cc1,1
655,CC1CC2C3CC(F)C4=CC(=O)C=CC4(C)C3(F)C(O)CC2(C)C1C(=O)CO,1
656,CC1CC2C3CC(F)C4=CC(=O)C=CC4(C)C3(F)C(O)CC2(C)C1C(=O)COC(=O)C(C)(C)C,1
657,COc1ccc2c3c1OC1C(O)CCC4C(C2)N(C)CCC341,1
658,CN1CCC(C)(CN2c3ccccc3Sc3ccccc32)C1,1
659,CC1(C)OC(=O)NC1=O,1
660,CN(C)CCn1cnc2c1c(=O)n(C)c(=O)n2C,1
661,CC(Cc1ccccc1)N(C)C,1
662,O=C1CN2C(=O)CCC2N1,1
663,CCCCCCCCCC1(C)OCC(COC(N)=O)O1,1
664,CC(=O)NNC(=O)CC(O)(c1ccccc1)c1ccccc1,1
665,COC12CCC3(CC1C(C)(C)O)C1Cc4ccc(O)c5c4C3(CCN1CC1CC1)C2O5,1
666,CCc1c(OC)nc2nc(C(=O)c3ccccc3)cn2c1C,1
667,CCCC(=O)OC1(C(C)=O)CCCC2C3CCC4=CC(=O)C=CC4(C)C3C(O)CC21C,1
668,O=C(NCCc1ccc(O)c(O)c1)C12CC3CC(CC(C3)C1)C2,1
669,CCN1CC(CCN2CCOCC2)C(c2ccccc2)(c2ccccc2)C1=O,1
670,COc1ccc2c(c1OC)C13CCN(C)C(C2)C1(O)CCC(O)C3,1
671,CNCCC(Oc1cccc2ccccc12)c1cccs1,1
672,O=C(c1ccc(F)cc1)C1CCN(CCCN2c3ccccc3Sc3ccc(C(F)(F)F)cc32)CC1,1
673,O=C(CN1CCCC1=O)NNC(=O)CN1CCCC1=O,1
674,CCC(=O)N(c1ccc(Cl)c(Cl)c1)C1CCCC1N(C)C,1
675,CC=C(CC)C(=O)NC(N)=O,1
676,CC1=NN(c2ccccc2)C(=O)C1,1
677,Cc1nccn1C(C)c1ccccc1,1
678,CN(C)CCC=C1c2ccccc2CNc2cc(Cl)ccc21,1
679,CCS(=O)(=O)CCN1C(=O)CN=C(c2ccccc2F)c2cc(Cl)ccc21,1
680,Fc1ccc(-c2ccc(CN3CCN(c4cccc5ccoc45)CC3)[nH]2)cc1,1
681,c1cc2c(c(N3CCNCC3)c1)OCCO2,1
682,CCC(CC)(CNC(=O)CCCO)c1cccc(OC)c1,1
683,CCC(C)(CC)OC(N)=O,1
684,COc1ccccc1N1CCN(CC(O)COc2cc(OC)c(OC)c(OC)c2)CC1,1
685,CCOC(=O)N(Cc1ccccc1)C1CC1,1
686,OC1CCN(c2ccc(-c3ccc(Cl)cc3Cl)nn2)CC1,1
687,CCN(CC)C(=O)C1C2C=CC(C2)C1C(=O)N(CC)CC,1
688,CC(=O)C1CCC2C3CC(C)C4=CC(=O)C=CC4(C)C3C(O)CC12C,1
689,CC1OC2(CCCCC2Oc2cccc(Cl)c2)NC1=O,1
690,CCCCCCCNC(=O)Oc1ccc2c(c1)C1(C)CCN(C)C1N2C,1
691,CN1CCC2=C(CC1)c1ccccc1N(C)c1ccccc12,1
692,Clc1ccc2c(c1)C(c1ccccc1)=NCc1nncn1-2,1
693,CCN1CCCC1CNC(=O)c1cc(C(C)=O)ccc1OC,1
694,CCN(CC)CCn1cnc2c1c(=O)n(C)c(=O)n2C,1
695,CCNC1=Nc2ccc(Cl)cc2C(c2ccccc2)S1,1
696,CCOC1c2ccccc2C(=O)N(C)c2ccccc21,1
697,CCOC(=O)c1cnc2c(cnn2CC)c1NN=C(C)C,1
698,C#CC(O)(C=CCl)CC,1
699,CCCCNCC1COc2cccc(OCC)c2O1,1
700,CCOC(=O)C1N=C(c2ccccc2F)c2cc(Cl)ccc2NC1=O,1
701,CCC1(CC)C(=O)NC=C(C)C1=O,1
702,CCNC1(c2ccccc2)CCCCC1,1
703,CCNC1=Nc2ccc(Cl)cc2C(C)(c2ccccc2)O1,1
704,CCC(C(N)=O)N1CCCC1=O,1
705,CCN(CC)S(=O)(=O)NC1CC2c3cccc4[nH]cc(c34)CC2N(C)C1,1
706,OCCOCCOCCN1CCN(C(c2ccccc2)c2ccc(Cl)cc2)CC1,1
707,CCc1nn(CCCN2CCN(c3cccc(Cl)c3)CC2)c(=O)n1CC,1
708,CCCC(C)(O)C1CC23C=CC1(OC)C1Oc4c(O)ccc5c4C12CCN(C)C3C5,1
709,CCC1(c2ccccc2)OCC(C2CCCCN2)O1,1
710,CCc1ccc2c(c1)N(CC(C)CN(C)C)c1ccccc1S2,1
711,CC(=O)OCC(CCn1cnc2cnc(N)nc21)COC(C)=O,1
712,CN(C)CCCn1c(=O)c2ccccc2c2ccccc21,1
713,CCc1c(OC)nc2nc(-c3noc(C)n3)cn2c1C,1
714,O=C1CCC(C(=O)N2CCCCC2)N1,1
715,CCCCOCC(CN1C(=O)NC(=O)C(CC)(c2ccccc2)C1=O)OC(N)=O,1
716,COc1ccc(OCC2CN(C)CCC2c2ccccc2)cc1,1
717,O=C(CCCN1CCN(C(=O)OC2CCCCC2)CC1)c1ccc(F)cc1,1
718,CCC(C(=O)OCCN1CCOC(c2ccccc2)C1C)c1ccccc1,1
719,CCNC1C2CCC(C2)C1c1ccccc1,1
720,CCCCN=C(c1cc(Cl)ccc1O)c1ccccc1Cl,1
721,C1=CCC2=C3C(=NC2=C1)CCNC3Cc1ccccc1,1
722,CCC1C(=O)NC(=O)C1(C)c1ccccc1,1
723,Clc1ccc(OCC2=NCCN2)cc1Cl,1
724,CC1NC(=O)COC1c1ccccc1,1
725,CN1CC(=O)N=C1NC(=O)Nc1cccc(Cl)c1,1
726,CCNC1=NC(=O)C(c2ccccc2)O1,1
727,CC(C)(O)CC(C)(O)c1ccc(Cl)cc1,1
728,Cn1nc(-c2cccnc2)nc1-c1ccccc1CO,1
729,O=C(COc1ccc(Cl)cc1)N1CCN(Cc2ccc3c(c2)OCO3)CC1,1
730,CC(C)(C)NCC(O)c1ccccc1F,1
731,CS(=O)(=O)c1ccc(C(O)C(CF)NC(=O)C(Cl)Cl)cc1,1
732,CCN(CC)CCC(=O)N1c2ccccc2Sc2ccc(C(F)(F)F)cc21,1
733,CC(=O)OCC(=O)C12N=C(C)OC1CC1C3CCC4=CC(=O)C=CC4(C)C3(F)C(O)CC12C,1
734,CCOC(=O)N(CCN(C)C)c1cccc(C(F)(F)F)c1,1
735,COc1ccc(S(N)(=O)=O)cc1C(=O)NCC1CCCN1Cc1ccc(F)cc1,1
736,CC1(C)OC2CC3C4CC(F)C5=CC(=O)C=CC5(C)C4(Cl)C(Cl)CC3(C)C2(C(=O)CO)O1,1
737,Nc1nc(=O)[nH]cc1F,1
738,CC12CCC(=O)C=C1CCC1C3CCC(O)(C(=O)CO)C3(C)CC(O)C12F,1
739,CC(=O)OCC(=O)C1(O)CCC2C3CCC4=CC(=O)CCC4(C)C3(F)C(O)CC21C,1
740,Cc1cc2c(s1)Nc1ccc(F)cc1N=C2N1CCN(C)CC1,1
741,COC(OC)C(=O)C12OC(C)(C)OC1CC1C3CC(F)C4=CC(=O)C=CC4(C)C3(F)C(O)CC12C,1
742,CC(=O)OCC(=O)C12OC(C)(C)OC1CC1C3CC(F)C4=CC(=O)C=CC4(C)C3(F)C(O)CC12C,1
743,CCCCOC(=O)C(=O)C1C(C)CC2C3CC(F)C4=CC(=O)C=CC4(C)C3C(O)CC21C,1
744,CCCCCC(=O)OCC(=O)C1C(C)CC2C3CC(F)C4=CC(=O)C=CC4(C)C3C(O)CC21C,1
745,CCS(=O)(=O)c1ccc(F)cc1,1
746,CC(=O)OC1(C(C)=O)CCC2C3CC(C)C4=CC(=O)C=CC4(C)C3(F)C(O)CC21C,1
747,CC1c2ccccc2C(CCCN(C)C)c2cc(C(F)(F)F)ccc21,1
748,OCCN1CCN(CCC=C2c3ccccc3Sc3ccc(C(F)(F)F)cc32)CC1,1
749,CCCCCCC(=O)OCCN1CCN(CCCN2c3ccccc3Sc3ccc(C(F)(F)F)cc32)CC1,1
750,OCCOC1CCN(CCCN2c3ccccc3Sc3ccc(C(F)(F)F)cc32)CC1,1
751,NC(=O)NCCN1CCN(c2cccc(C(F)(F)F)c2)CC1,1
752,CCN(CC)CCN1C(=O)CN=C(c2ccccc2F)c2cc(Cl)ccc21,1
753,O=C1NCN(c2ccccc2)C12CCN(CCCC(c1ccc(F)cc1)c1ccc(F)cc1)CC2,1
754,O=C1CN2CCOC2(c2ccccc2F)c2cc(Cl)ccc2N1CCO,1
755,CN1C(=O)C(O)N=C(c2ccccc2F)c2cc(Cl)ccc21,1
756,CC1CC2C3CC(F)C4=CC(=O)C=CC4(C)C3(F)C(O)CC2(C)C1(O)C(=O)SCF,1
757,CCC(=O)OC1(C(=O)SCF)C(C)CC2C3CC(F)C4=CC(=O)C=CC4(C)C3(F)C(O)CC21C,1
758,OCCN1CCN(CCCN2c3cc(C(F)(F)F)ccc3Sc3sccc32)CC1,1
759,CCOC(=O)c1cncn1C(C)c1ccc(F)cc1,1
760,OC(CCCN1CCc2c(c3cc(F)ccc3n2-c2ccc(F)cc2)C1)c1ccc(F)cc1,1
761,CC(C)n1c(C=CC(O)CC(O)CC(=O)O)c(-c2ccc(F)cc2)c2ccccc21,1
762,CNC(=O)N1CC(Oc2cccc(C(F)(F)F)c2)C1,1
763,Nc1nc(=O)c2nc(CNc3ccc(C(=O)NC(CCC(=O)O)C(=O)O)cc3)cnc2[nH]1,1
764,CC(=O)OCC(=O)C12OC(C)(C)OC1CC1C3CC(C=O)=C4C=C(OCCCl)CCC4(C)C3(F)C(O)CC12C,1
765,CP(C)(=O)CN1C(=O)CN=C(c2ccccc2)c2cc(Cl)ccc21,1
766,NNC(=O)CP(=O)(c1ccccc1)c1ccccc1,1
767,CC1OC1P(=O)(O)O,1
768,O=C1NC(c2ccccc2)(c2ccccc2)C(=O)N1CP(=O)(O)O,1
769,CN1CCN(CCC(=O)N2c3ccccc3Sc3ccc(C(F)(F)F)cc32)CC1,1
770,O=C(CCN1CCN(CCO)CC1)N1c2ccccc2Sc2ccc(C(F)(F)F)cc21,1
771,O=C1OCCC1C1(O)CCN(CCCN2c3ccccc3Sc3ccc(Cl)cc32)CC1,1
772,CC(=C(CCO)SSCC1CCCO1)N(C=O)Cc1cnc(C)nc1N,1
773,Oc1noc2c1CCNC2,1
774,CC(=O)C1CCC2C3CCC4CC(C)(O)CCC4(C)C3CCC12C,1
775,COCc1c(C(=O)OC(C)C)ncc2[nH]c3cccc(Oc4ccc(Cl)cc4)c3c12,1
776,CCC12CCN(CC3CC3)C(Cc3ccc(O)cc31)C2(C)C,1
777,CC1(C)CC(=O)N(CCCCN2CCN(c3ncccn3)CC2)C(=O)C1,1
778,Fc1ccc2[nH]c3c(c2c1)CN(CCCc1cccnc1)CC3,1
779,COc1cc2c(cc1OC)C(c1cccc(Cl)c1)=NN=C(C)C2,1
780,COc1cc2c3c(c1O)C1(C=CC(=O)C=C1)CC3N(C)CC2,1
781,CC1(C)OC2CC3C4CCC5=CC(=O)CCC5(C)C4(F)C(O)CC3(C)C2(C(=O)CCl)O1,1
782,CC1CC2C3CC(F)C4=CC(=O)C=CC4(C)C3(Cl)C(F)CC2(C)C1C(=O)CO,1
783,O=C(NCCN1CCC(n2c(=O)[nH]c3cc(Cl)ccc32)CC1)c1ccc(F)cc1,1
784,CCCCCCCCCC(=O)OC1(c2ccc(Cl)cc2)CCN(CCCC(=O)c2ccc(F)cc2)CC1,1
785,CC(=O)OCC(=O)C1(OC(C)=O)CCC2C3CC(F)C4=CC(=O)C(Br)=CC4(C)C3(F)C(O)CC21C,1
786,O=C1CN2CCOC2(c2ccccc2F)c2cc(Br)ccc2N1,1
787,CC(=O)Oc1ccc2c3c1OC1C(OC(C)=O)C=CC4C(C2)N(C)CCC341,1
788,CCCCCC(N)C(O)(c1ccccc1)c1ccccc1,1
789,C#CCC1(OC(N)=O)CCCCC1,1
790,OCCN1CCCN(CCCN2c3ccccc3C=Cc3ccccc32)CC1,1
791,CCC(C)(O)C1CC23C=CC1(OC)C1Oc4c(OC)ccc5c4C12CCN(CC1CC1)C3C5,1
792,CC(C)(CO)C(O)C(=O)NCCCC(=O)O,1
793,CCN(CC)CC(=O)OCC(=O)C1(O)CCC2C3CCC4=CC(=O)CCC4(C)C3C(O)CC21C,1
794,CCC(=O)OC1(C(=O)COC(C)=O)CCC2C3CCC4=CC(=O)CCC4(C)C3C(O)CC21C,1
795,CC12CCC(=O)C=C1CCC1C2C(O)CC2(C)C1CCC2(O)C(=O)COC(=O)CCC1CCCC1,1
796,CC12CCC(=O)C=C1CCC1C2C(O)CC2(C)C1CCC2(O)C(=O)COC(=O)CCC(=O)O,1
797,CCCCC(=O)OC1(C(=O)CO)CCC2C3CCC4=CC(=O)CCC4(C)C3C(O)CC21C,1
798,CN1CCC23c4c5ccc(O)c4OC2C(O)CCC3(O)C1C5,1
799,COc1ccc(Cn2c(C)c(CCN)c3cc(O)ccc32)cc1,1
800,CCC(Br)(C(N)=O)C(C)C,1
801,O=C1CN=C(c2ccccc2)c2cc(Cl)ccc2N1CCOCC1CC1,1
802,Cc1cccc(OC2CCNCC2O)c1C,1
803,O=C(C=Cc1ccc2c(c1)OCO2)N1CCCCC1,1
804,COc1cc(C(C)=O)ccc1OCCCN1CCC(c2noc3cc(F)ccc23)CC1,1
805,CN1CCN(CCN2CCN(CCCN3c4ccccc4Sc4ccc(Cl)cc43)CC2)C1=O,1
806,CN(C)CCN1CCN(c2cccc(Cl)c2)C1=O,1
807,C[N+](C)([O-])CCCN1c2ccccc2CCc2ccccc21,1
808,CNC1CC(c2ccc(Cl)c(Cl)c2)c2ccccc21,1
809,C1=Cc2cccc(OCC3CNCCO3)c2C1,1
810,CN(C)CCC1(c2ccccc2)C=Cc2ccccc21,1
811,CC(C)NNC(=O)COc1ccc(Cl)cc1,1
812,CSc1c(Cl)nc(NC(C)C)nc1N1CCN(C)CC1,1
813,O=C1c2ccccc2S(=O)(=O)N1CCCCN1CCN(c2ncccn2)CC1,1
814,Cc1cc(C(=O)NNCc2ccccc2)no1,1
815,CC12C=CC(=O)C=C1CCC1C3CCC(O)(C(=O)CO)C3(C)CC(O)C12F,1
816,CC(=O)OCC(=O)C1(O)CCC2C3CCC4=CC(=O)C=CC4(C)C3(F)C(O)CC21C,1
817,CCCC1OC2CC3C4CC(F)C5=CC(=O)C=CC5(C)C4(F)C(O)CC3(C)C2(C(=O)OC(C)OC(=O)OCC)O1,1
818,C=CC1CNCCC1CCCc1ccnc2ccc(OC)cc12,1
819,CNC1(c2ccccc2Cl)CCCCC1=O,1
820,CC1C2C(=O)c3ccc(O)cc3C1(C)CCN2CC1CC1,1
821,CC1=CC(=O)N2CC(=O)N(C)c3ccc(Cl)cc3C2(c2ccccc2)O1,1
822,CCC(=O)C1(c2cccc(O)c2)CCN(C)CC1,1
823,CC(C(=O)O)c1cccc(C(=O)c2ccccc2)c1,1
824,O=C(CCCN1CCC(C(=O)c2ccc(F)cc2)CC1)c1ccc(F)cc1,1
825,Clc1cnn(CCCCN2CCN(c3ncccn3)CC2)c1,1
826,C=CCN1CCC23CCCCC2C1Cc1ccc(O)cc13,1
827,O=C(CN1CCC23CCCCC2C1Cc1ccc(O)cc13)c1ccccc1,1
828,O=C1N(c2ccccc2)c2ccccc2C1(Cc1ccncc1)Cc1ccncc1,1
829,CCN(CC)C(=O)NC1C=C2c3cccc4[nH]cc(c34)CC2N(C)C1,1
830,CNCCC=C1c2ccccc2C(C)(C)c2ccccc21,1
831,O=C1CCNc2ccc(Cl)cc2N1c1ccccc1,1
832,CCC(=O)N(c1ccccc1)C1(C(=O)OC)CCN(CCc2ccccc2)CC1C,1
833,CN(CCCN1c2ccccc2CCc2ccccc21)CC(=O)c1ccc(Cl)cc1,1
834,COc1ccc(Cl)c2c1CCCC2N(C)C,1
835,O=C1Nc2ccc(Cl)nc2C(c2ccccc2Cl)=NC1O,1
836,CN1CCN(C=C2N=C3CN=C(c4ccccc4Cl)c4cc([N+](=O)[O-])ccc4N3C2=O)CC1,1
837,CN1C(=O)C(O)N=C(c2ccccc2Cl)c2cc(Cl)ccc21,1
838,FC(F)(F)c1cccc(N2CCN(CCc3nnc4n3CC3CCCC43)CC2)c1,1
839,O=C1CC2c3cc(Cl)ccc3OC3(CCNCC23)N1,1
840,CN(C(=O)CNC(=O)CN)c1ccc(Cl)cc1C(=O)c1ccccc1Cl,1
841,COC1=CC(=O)OC1C(O)c1ccccc1Cl,1
842,CCOC(=O)OC1(C(=O)OCCl)CCC2C3CCC4=CC(=O)C=CC4(C)C3C(O)CC21C,1
843,CN1c2cc(F)ccc2C(c2ccccc2)=NCC1CNC(=O)c1ccoc1,1
844,OC1(c2ccc(Cl)cc2)c2ccccc2C2=NCCN21,1
845,CN1CCN(CC(=O)C2(O)CCC3C4CCC5=CC(=O)C=CC5(C)C4C(O)CC32C)CC1,1
846,CC(NN)c1ccccc1,1
847,CCC(C)C(C)(COC(N)=O)COC(N)=O,1
848,CN(C)CCC(=O)COc1ccc(Cl)cc1,1
849,CC1N=C(c2ccccc2Cl)c2cc([N+](=O)[O-])ccc2NC1=O,1
850,Cc1nc2ccccc2c(=O)n1-c1ccccc1Cl,1
851,CNC(=O)NC(O)C(Cl)(Cl)Cl,1
852,CCCC(=O)OCC(=O)C1(OC(=O)CCC)C(C)CC2C3CCC4=CC(=O)C=CC4(C)C3(Cl)C(Cl)CC21C,1
853,CN1CCN=C(c2ccccc2)c2cc(Cl)ccc21,1
854,CC1CC2C(C(O)CC3(C)C(C(=O)O)CCC23)C2(C)CCC(=O)C=C12,1
855,CCN(CC)CCNC(=O)COc1ccc(OC)cc1,1
856,CN(C)CCC=C1c2ccccc2C(C)(C)c2ccccc21,1
857,CC12CC3CC(C)(C1)CC(N)(C3)C2,1
858,COc1ccccc1OCC1CNC(=O)O1,1
859,COc1ccc2c(c1)C(O)(CCCN(C)C)c1ccccc1S2,1
860,CN1CC(NS(=O)(=O)N(C)C)CC2c3cccc4c3c(cn4C)CC21,1
861,CC(=O)Nc1cccc(O)c1,1
862,CC(C)(O)C(C)(O)c1cccc(Cl)c1,1
863,CN(C)CCN(Cc1cccs1)c1ccccn1,1
864,CCC1(CC)C(=O)NC(=O)N(C)C1=O,1
865,CCCC(C)C1(CCSC)C(=O)NC(=S)NC1=O,1
866,CC1=CCC2C3Cc4ccc(O)c5c4C2(CN3C)C1O5,1
867,CN1CCC23c4c5ccc(O)c4OC2C(C)(O)CCC3C1C5,1
868,C#CC(C)(O)CC,1
869,CC1CC2C(C(O)CC3(C)C2CCC3(O)C(=O)COC(=O)CCC(=O)O)C2(C)C=CC(=O)C=C12,1
870,Cc1ccc2c(c1)C(N1CCN(C)CC1)=Nc1ccccc1S2,1
871,COc1cc(C(=O)OCCN2CCN(CCCN3c4ccccc4Sc4ccc(Cl)cc43)CC2)cc(OC)c1OC,1
872,CS(=O)(=O)c1ccc2c(c1)N(CCCN1CCC(C(N)=O)CC1)c1ccccc1S2,1
873,CN1CCC23c4c5ccc(O)c4OC2(C)C(=O)CCC3C1C5,1
874,COC(=O)C1C2CC3c4[nH]c5cc(OC)ccc5c4CCN3CC2CC(OC)C1OC,1
875,COc1ccc2c(c1)C(N1CCN(C)CC1)=Cc1ccccc1O2,1
876,COc1ccc2c(c1)c1c3n2CCN(C)C3=NCC1,1
877,Cc1ncc([N+](=O)[O-])n1CCO,1
878,CCC(C)C(=O)OC1CCC=C2C=CC(C)C(CCC3CC(O)CC(=O)O3)C21,1
879,CC1COC2(c3ccccc3Cl)c3cc(Cl)ccc3NC(=O)CN12,1
880,CNc1nc(Cl)c(SC)c(N2CCN(C)CC2)n1,1
881,NC1=NC(C(F)(F)F)(C(F)(F)F)NC1(C(F)(F)F)C(F)(F)F,1
882,CCCCCNCC(N)=O,1
883,CON=CC1=CCCN(C)C1,1
884,CCOC1CC2(C)C(CCC3C4CCC(C(C)=O)C4(C)CC(N(C)C)C32)CC1O,1
885,CN1C2CCC1CC(NC(=O)c1cn(C3CCCCC3)c3ccccc3c1=O)C2,1
886,O=C(NCCN1CCOCC1)c1ccc(Cl)cc1,1
887,NC(=O)CS(=O)C(c1ccccc1)c1ccccc1,1
888,CC1CC2C3CCC4=CC(=O)C=CC4(C)C3(Cl)C(O)CC2(C)C1(OC(=O)c1ccco1)C(=O)CCl,1
889,CNCCCN1c2ccccc2C(C)(C)c2ccccc21,1
890,Cc1ccc(C2(O)CCN(CCCC(=O)c3ccc(F)cc3)CC2)cc1,1
891,CC1(c2ccccc2)CC(=O)N(CN2CCOCC2)C1=O,1
892,O=C1NC2CCCCN2C12CCN(CCCN1c3ccccc3CCc3ccc(Cl)cc31)CC2,1
893,COCN1C(=O)CN=C(c2ccccc2)c2cc([N+](=O)[O-])ccc21,1
894,CNC(=O)OC1OC(=O)C2C3C=CC(C3)C12,1
895,Cc1cc(-c2ccc(O)cc2)nnc1NCCN1CCOCC1,1
896,CCCCCCCCCCCCCC(=O)OC1C=CC2C3Cc4ccc(OCc5ccccc5)c5c4C2(CCN3C)C1O5,1
897,CCCCCC(C)C(C)c1cc(OC(=O)CCCN2CCCCCC2)c2c(c1)OC(C)(C)C1=C2CC(C)CC1,1
898,CCCCCCC(C)(C)c1cc(O)c2c(c1)OC(C)(C)C1CCC(=O)CC21,1
899,O=C(Cn1ccnc1)c1ccc2ccccc2c1,1
900,CC12C=CC(=O)C=C1CCC1C3CC4Cc5ccccc5CC4(C(=O)CO)C3(C)CC(O)C12F,1
901,Oc1ccc2c3c1OC1C(O)CCC4(O)C(C2)N(CC2CCC2)CCC314,1
902,C=C1CCC2(O)C3Cc4ccc(O)c5c4C2(CCN3CC2CC2)C1O5,1
903,CC(C)=CCN1CCC23c4c5ccc(O)c4OC2C(=O)CCC3(O)C1C5,1
904,O=C1CCC2(O)C3Cc4ccc(O)c5c4C2(CCN3CC2CC2)C1O5,1
905,CN=C(Cc1ccc2ccccc2c1)NC,1
906,C1=C(CC2=NCCN2)CCc2ccccc21,1
907,CC(Oc1cccc2ccccc12)C(N)=NO,1
908,CCc1nn(CCCN2CCN(c3cccc(Cl)c3)CC2)c(=O)n1CCOc1ccccc1,1
909,Cc1cccc(C)c1NC(=O)CN1CCCC1=O,1
910,O=c1[nH]c2ccccc2n1C1CCN(CCCc2noc3cc(F)ccc23)CC1,1
911,O=C(CCNNC(=O)c1ccncc1)NCc1ccccc1,1
912,CC(CCN1CCN(c2ccc(F)cc2)CC1)NC(=O)c1cccnc1,1
913,CC=CC1OC2(C(=O)COC(=O)c3ccncc3)CCC3(O1)C1CCC4=CC(=O)CCC4(C)C1C(O)CC23C,1
914,CN1CCC23c4c5ccc(OC(=O)c6cccnc6)c4OC2C(OC(=O)c2cccnc2)C=CC3C1C5,1
915,O=C(c1cccnc1)N1CCOCC1,1
916,NC(=O)c1cccnc1,1
917,CCN(CC)C(=O)c1cccnc1,1
918,CN1C(=O)CN=C(c2ccccc2)c2cc([N+](=O)[O-])ccc21,1
919,CCC(C)C(C)(COC(N)=O)COC(=O)NC(C)C,1
920,CNCCC(Oc1ccccc1OC)c1ccccc1,1
921,N=C(N)c1ccc(-c2ccccc2[N+](=O)[O-])o1,1
922,C#CC1(O)CCC2C3CCC4=Cc5c(cnn5-c5ccc(F)cc5)CC4(C)C3CCC21C,1
923,CNCC=C(c1ccc(Br)cc1)c1cccnc1,1
924,CN1Cc2c(N)cccc2C(c2ccccc2)C1,1
925,CCCCCCCCCNc1ncnc2[nH]ccc12,1
926,FCC(F)(F)F,1
927,Oc1ccc2c(c1)C13CCCCC1C(C2)NCC3,1
928,Oc1ccc2c3c1OC1C(O)C=CC4C(C2)NCCC341,1
929,O=C1CN=C(C2=CCCCC2)c2cc(Cl)ccc2N1,1
930,COc1ccc2c(c1OC)C(=O)OC2C1c2c(cc3c(c2OC)OCO3)CCN1C,1
931,CN(C)CCON=C1c2ccccc2CCc2ccccc21,1
932,Clc1ccc2c(c1)C(=CC1CN3CCC1CC3)c1ccccc1S2,1
933,Cc1nc2c(C)cccn2c(=O)c1CCN1CCC(c2noc3cc(F)ccc23)CC1,1
934,O=C(c1ccccn1)c1cnn2c(-c3ccncc3)ccnc12,1
935,CCCCCCC(C)NN,1
936,CNCCC=C1c2ccccc2C2CC2c2ccccc21,1
937,O=C(CN1CCC(c2ccc(F)cc2)C(COc2ccc3c(c2)OCO3)C1)c1ccc(F)cc1,1
938,Cc1ncc([N+](=O)[O-])n1CC(O)CCl,1
939,CC(C)N1CCOC(c2cccc(C(F)(F)F)c2)C1,1
940,NC(=O)N1c2ccccc2CC(=O)c2ccccc21,1
941,CC(Cc1ccccc1)[N+](C)([O-])Cc1ccccc1,1
942,O=c1[nH]c2ccccc2n1C1CCN(CCOc2ccccc2)CC1,1
943,NC(=O)CN1CC(O)CC1=O,1
944,CC12C=CC(=O)C1C(=O)CCC1C2C(O)CC2(C)C1CCC2(O)C(=O)CO,1
945,NC(Cc1c[nH]c2ccc(O)cc12)C(=O)O,1
946,CN(C)C(=O)COC1c2ccccc2CCc2ccccc21,1
947,COc1ccc2c3c1OC1C(=O)CCC4(O)C(C2)N(C)CCC314,1
948,CN1CCC23c4c5ccc(O)c4OC2C(=O)CCC3(O)C1C5,1
949,CC(C)CCC(=O)CC1c2ccccc2C(=O)N1c1ccc2ccc(Cl)nc2n1,1
950,CC(C)n1c(=O)c2c(-c3noc(C4CC4)n3)ncn2c2ccccc21,1
951,COc1ccc(N2CC(CN3CCC(O)(c4ccc5c(c4)OCO5)CC3)OC2=O)cc1,1
952,Nc1cc(OCC2CC2)c(C(=O)NC2CN3CCC2CC3)cc1Cl,1
953,O=C(NC(=O)c1ccccc1)NC1CCN(Cc2ccc3ccccc3c2)CC1,1
954,CC1OC(C)OC(C)O1,1
955,CC(=O)OCC(=O)C1(O)C(C)CC2C3CC(F)C4=CC(=O)C=CC4(C)C3C(O)CC21C,1
956,C#CCN(C)Cc1ccccc1,1
957,Fc1ccc(C2CCNCC2COc2ccc3c(c2)OCO3)cc1,1
958,O=C(CC1c2ccccc2C(=O)N1c1ccc2ccc(Cl)nc2n1)N1CCC2(CC1)OCCO2,1
959,NC1=NC(=O)C(c2ccccc2)O1,1
960,OC1(c2ccc(Cl)c(C(F)(F)F)c2)CCN(CCCC(c2ccc(F)cc2)c2ccc(F)cc2)CC1,1
961,CC(OC(N)=O)C(C)C(C)OC(N)=O,1
962,CCCCCNC12C=CC(=O)C3Oc4c(O)ccc5c4C31CCN(C)C2C5,1
963,OCC1(CO)COC(C(Cl)(Cl)Cl)OC1,1
964,CN1CCN(C2=Nc3ccccc3Sc3nccn32)CC1,1
965,c1ccc(-c2nc(N3CCNCC3)cc3ccccc23)cc1,1
966,O=C1C2CCCCC2C(=O)N1CCCCN1CCN(c2nsc3ccccc23)CC1,1
967,OC(OCC(COC(O)C(Cl)(Cl)Cl)(COC(O)C(Cl)(Cl)Cl)COC(O)C(Cl)(Cl)Cl)C(Cl)(Cl)Cl,1
968,NC(=O)NC(=O)Cc1ccccc1,1
969,CC1C2Cc3ccc(O)cc3C1(C)CCN2CCc1ccccc1,1
970,CCC(C(=O)NC(N)=O)c1ccccc1,1
971,CC1NCCOC1c1ccccc1,1
972,CC(COc1ccccc1)NN,1
973,CN1C(=O)CC(c2ccccc2)C1=O,1
974,O=C(Oc1ccccc1)c1ccccc1O,1
975,CCC1(CC)C(=O)NC(=O)N(c2ccccc2)C1=O,1
976,O=C(c1ccccn1)N1CCN(Cc2ccccc2)CC1,1
977,CCCC1(c2cccc(O)c2)CCN(C)CC1C,1
978,CC(=O)Nc1ccc(OC(=O)C2CCC(=O)N2)cc1,1
979,OCCC1CCN(CCC=C2c3ccc(F)cc3Sc3ccc(C(F)(F)F)cc32)CC1,1
980,O=c1[nH]c2ccccc2n1C1CCN(CCCC(c2ccc(F)cc2)c2ccc(F)cc2)CC1,1
981,NC(=O)C1(N2CCCCC2)CCN(CCCC(=O)c2ccc(F)cc2)CC1,1
982,c1ccc(-c2cc(CCC3CCNCC3)c3ccccc3n2)cc1,1
983,CC(=O)c1ccc2c(c1)N(CCCN1CCC(CCO)CC1)c1ccccc1S2,1
984,O=C(OCCN1CCCCC1)C(O)(c1ccccc1)c1ccccc1,1
985,CN1CCN(c2cc3c(nn2)Oc2ccccc2N3C)CC1,1
986,CCCCCCCCCCCCCCCC(=O)OCCC1CCN(CCCN2c3ccccc3Sc3ccc(S(=O)(=O)N(C)C)cc32)CC1,1
987,CCc1c(C)[nH]c2c1C(=O)C1CN(C)CCC1C2,1
988,NC(=O)CN1CCCC1=O,1
989,CN(C)CCC1(C)OCCC2=C1Cc1ccccc12,1
990,Cc1ccccc1-n1c(C=Cc2ccccn2)nc2ccccc2c1=O,1
991,N#CC(CCN1CCC(C(N)=O)(N2CCCCC2)CC1)(c1ccccc1)c1ccccc1,1
992,Cc1ccc2c(c1)c1c3n2CCNC3CCC1,1
993,CC(C)(C)C(=O)NCCCC(=O)O,1
994,CC(C)(C)C(=O)OC1N=C(c2ccccc2)c2cc(Cl)ccc2NC1=O,1
995,CC(C)N(CCNC(=O)CN1CCCC1=O)C(C)C,1
996,O=C1NC(=O)C(CC2CCCCN2)(c2ccccc2)C(=O)N1,1
997,CCOC(=O)OC1(C(=O)COC(=O)CC)CCC2C3CCC4=CC(=O)C=CC4(C)C3C(O)CC21C,1
998,CCN(CC)CC(=O)OCC(=O)C1(O)CCC2C3CCC4=CC(=O)C=CC4(C)C3C(O)CC21C,1
999,CCCCCCCCCCCCCCCCCC(=O)OCC(=O)OCC(=O)C1(O)CCC2C3CCC4=CC(=O)C=CC4(C)C3C(O)CC21C,1
1000,CC(C)(C)CC(=O)OCC(=O)C1(O)CCC2C3CCC4=CC(=O)C=CC4(C)C3C(O)CC21C,1
1001,C=C1CC2C3CCC4=CC(=O)C=CC4(C)C3C(O)CC2(C)C1(O)C(=O)CO,1
1002,CC(=O)C1CCC2C3CC=C4CC(OC(=O)CCC(=O)O)CCC4(C)C3CCC12C,1
1003,CCN1CCC(=C(c2ccccc2)c2ccccc2)C1,1
1004,CNNCc1ccc(C(=O)NC(C)C)cc1,1
1005,CN1CCN(CCCN2c3ccccc3Sc3ccc(Cl)cc32)CC1,1
1006,CCC(OC(N)=O)C1CCCCC1,1
1007,O=C1CN=C(c2ccccc2F)c2cc(Cl)ccc2N1CC(O)CO,1
1008,NC(=O)CCCN=C(c1ccc(Cl)cc1)c1cc(F)ccc1O,1
1009,CCCC(Cc1ccccc1)N1CCCC1,1
1010,CC(C)C1(C(C)C)OCC(CO)O1,1
1011,CCN(CC)CC(=O)Oc1ccc(NC(C)=O)cc1,1
1012,CCCOC(=O)Cc1ccc(OCC(=O)N(CC)CC)c(OC)c1,1
1013,CC(CN1C(=O)c2cccnc2Nc2ccccc21)N(C)C,1
1014,CCC(=O)C1(N2CCCCC2)CCN(CCCC(=O)c2ccc(F)cc2)CC1,1
1015,CN(C)CCC=C1c2ccccc2Sc2ccccc21,1
1016,C=CCC1(CC(C)O)C(=O)NC(=O)NC1=O,1
1017,Oc1ccc2c(c1)C13CCN(CC4CC4)C(C2)C1CCOC3,1
1018,CC(O)Cn1cnc2c1c(=O)n(C)c(=O)n2C,1
1019,CN(C)CCc1c[nH]c2cccc(OP(=O)(O)O)c12,1
1020,c1ccc2oc(-c3ccncc3)cc2c1,1
1021,Cc1ncc(CSSCc2cnc(C)c(O)c2CO)c(CO)c1O,1
1022,CN1CCC2(C)c3cc(OC(=O)N4CCc5ccccc5C4)ccc3N(C)C12,1
1023,CCCN1CC(NS(=O)(=O)N(CC)CC)CC2Cc3c(O)cccc3CC21,1
1024,CN(C)CCOC1(Cc2ccccc2)CC2CCC1(C)C2(C)C,1
1025,N#CCNC1CCc2ccccc21,1
1026,O=C1COC(N2CCN=C(c3ccccc3Cl)c3cc(Cl)ccc32)=N1,1
1027,CC(Cc1ccccc1)(NC(=O)CN)c1ccccc1,1
1028,CCC(=O)N(c1ccccc1)C1(C(=O)OC)CCN(CCC(=O)OC)CC1,1
1029,COc1ccc2c3c([nH]c2c1)C1CC2C(CC(OC(=O)c4cc(OC)c(OC)c(OC)c4)C(OC)C2OC(C)=O)CN1CC3,1
1030,CCC(=O)C1(O)CCC2C3CCC4=CC(=O)CCC4(C)C3C(O)CC21C,1
1031,CCOC(=O)Nc1ccc(NCc2ccc(F)cc2)cc1N,1
1032,CN1C2CCC1CC(NC(=O)N1CC(C)(C)c3ccccc31)C2,1
1033,CN(C)C(=O)c1nc(CNC(=O)CN)n(-c2ccc(Cl)cc2C(=O)c2ccccc2Cl)n1,1
1034,CC1CN(CCCn2c3ccccc3c3ccccc32)CC(C)N1,1
1035,CCC(=O)C1(C)C(C)CC2C3CCC4=CC(=O)C=CC4(C)C3C(O)CC21C,1
1036,CCn1nc(C)c2c1C(c1ccccc1)=NCC(=O)N2,1
1037,CCN(C)C(=O)Oc1cccc(C(C)N(C)C)c1,1
1038,NC(=O)c1ccc(F)c2c1CC(N(C1CCC1)C1CCC1)CO2,1
1039,CC(C)OCC(COC(C)C)OCn1cnc2cnc(N)nc21,1
1040,O=C1CCN=C2CC(c3ccccc3)CN12,1
1041,CCCC1OC2CC3C4CC(F)C5=CC(=O)CCC5(C)C4(F)C(O)CC3(C)C2(C(=O)CO)O1,1
1042,O=C1CCC(C(=O)NC2CC2c2ccccc2)N1,1
1043,CN1CC(CN2CC(=O)NC(=O)C2)C=C2c3cccc4[nH]cc(c34)CC21,1
1044,Fc1cccc(Br)c1NC1=NCCN1,1
1045,CN1C(=O)CC2(CCN(CCCC(=O)c3ccc(F)cc3)CC2)C1=O,1
1046,CON=C(C#N)C1CN2CCC1CC2,1
1047,OCc1ccccc1OC1OC(CO)C(O)C(O)C1O,1
1048,NC(=O)c1ccccc1O,1
1049,O=C(Oc1ccccc1C(=O)O)c1ccccc1O,1
1050,CCCCCCN1CCC(C(=O)N(C)CC)(c2ccccc2)CC1,1
1051,CCCC(=O)N(C)Cc1c(-c2ccc(Cl)cc2)nc2ccccn12,1
1052,N#Cc1ccc2c(c1)C1=C(CCN(CC3CCCC3)CC1)c1ccccc1O2,1
1053,C#CCN(C)C(C)Cc1ccccc1,1
1054,COCCN1CCC23c4c5ccc(O)c4OC2C(=O)CCC3(O)C1C5,1
1055,O=C1NCCN1CCN1CCC(c2cn(-c3ccc(F)cc3)c3ccc(Cl)cc23)CC1,1
1056,CN1CCC2=C(C1)c1ccccc1Cc1ccccc12,1
1057,c1cnc2c(c1)C(Cc1ccncc1)(Cc1ccncc1)c1cccnc1-2,1
1058,CC(C)CC(N(C)C)C1(c2ccc(Cl)cc2)CCC1,1
1059,CN1CCN(c2ccccc2Cc2ccccc2)CC1,1
1060,CCC(C)(C)C(=O)OC1CC(C)C=C2C=CC(C)C(CCC3CC(O)CC(=O)O3)C21,1
1061,Cc1cc(NC(=O)c2c(C)cccc2C)no1,1
1062,O=C1CSC2(CCN(CCCN3c4ccccc4Sc4ccc(Cl)cc43)CC2)N1,1
1063,CN(C(=O)Cc1ccc(Cl)c(Cl)c1)C1CCC2(CCCO2)CC1N1CCCC1,1
1064,O=C1NCN(c2ccccc2)C12CCN(CCCOc1ccc(F)cc1)CC2,1
1065,CC(=CCCN1CCC2(CC1)C(=O)NCN2c1ccccc1)c1ccc(F)cc1,1
1066,CN(C)CC1COC2(O1)c1ccccc1COc1ccccc12,1
1067,CCN(CC)C(=O)N1CCN(CCCc2nc3c(c(=O)n(C)c(=O)n3C)n2C)CC1,1
1068,CC(C)(C)C(O)C=Cc1ccc2c(c1)OCO2,1
1069,NS(=O)(=O)c1ccc(N2C(=O)CC(c3ccccc3)C2=O)c(Cl)c1,1
1070,Nc1ccc(S(=O)(=O)Nc2ncccn2)cc1,1
1071,Cc1cc(NS(=O)(=O)c2ccc(N)cc2)no1,1
1072,CCS(=O)(=O)C(C)(C)S(=O)(=O)CC,1
1073,COc1ccc(S(N)(=O)=O)cc1C(=O)NCC1CCCN1C,1
1074,NS(=O)(=O)c1ccc(N2CCCCS2(=O)=O)cc1,1
1075,CCN1CCCC1CNC(=O)c1cc(S(=O)(=O)CC)ccc1OC,1
1076,CSCCC(NC(C)=O)C(=O)Oc1ccc(NC(C)=O)cc1,1
1077,O=C1CCC(=O)N1CC1CCC2CN(c3ncccn3)CCN2C1,1
1078,CCC(=O)N1CCN(C(=O)OC2C3=C(SCCS3)C(=O)N2c2ccc3ccc(Cl)nc3n2)CC1,1
1079,CN1CCN(C(=O)OC2C3=C(SCCS3)C(=O)N2c2ccc3ccc(Cl)nc3n2)CC1,1
1080,Cn1nc(-c2cccc(F)c2)n(C)c1=S,1
1081,O=C1CCC(N2C(=O)C3C4CCC(C4)C3C2=O)C(=O)N1,1
1082,CNCCCC1(c2ccccc2)OC(C)(C)c2ccccc21,1
1083,CC(C)NS(=O)(=O)CCN1C(=O)c2ccccc2C1=O,1
1084,Cn1c(=O)c2c(ncn2CCN2CCC(c3c[nH]c4ccccc34)CC2)n(C)c1=O,1
1085,CNC1CCC(c2ccccc2)c2ccccc21,1
1086,CCNCc1c(CSC)cnc(C)c1O,1
1087,COc1ccc(C(O)CN2CCN(C(c3ccccc3)c3ccccc3)CC2)cc1OC,1
1088,CN(C)CCCN1c2ccccc2C(c2ccccc2)=Nc2cccnc21,1
1089,CCn1c2c(c3ccccc31)CCSC2(C)CCN(C)C,1
1090,O=C1C2C3CCC(C3)C2C(=O)N1CCCCN1CCN(c2ncccn2)CC1,1
1091,COc1nc2nc(-c3noc(C)n3)cn2c2c1CCCC2,1
1092,Cc1nc(C)c2c(n1)N(Cc1ccc(-c3ccccc3-c3nnn[nH]3)cc1)C(=O)CC2,1
1093,CCCCCCSc1nsnc1C1=CCCN(C)C1,1
1094,OCCN1CCN(C2CC(c3ccc(F)cc3)c3ccc(C(F)(F)F)cc32)CC1,1
1095,OCCN1CCN(CCCC2c3ccc(F)cc3Sc3ccc(C(F)(F)F)cc32)CC1,1
1096,O=C1NCCNC1c1cccs1,1
1097,CCCN1CC=C(c2c[nH]c3ccc(Cl)cc23)CC1,1
1098,CCN(CC)C(=O)NC1CC2c3cccc4[nH]cc(c34)CC2N(C)C1,1
1099,CCCC(CC)C1(CC)C(=O)NC(=O)NC1=O,1
1100,COc1cc2c(cc1OC)C1CC(=O)C(CC(C)C)CN1CC2,1
1101,O=C1NC(=O)C2(CCc3ccccc3C2)N1,1
1102,COc1ccc2c3c1OC1C(OC(C)=O)=CCC4C(C2)N(C)CCC314,1
1103,C=CCC1(C2C=CCCC2)C(=O)NC(=S)NC1=O,1
1104,CS(=O)(=O)c1ccc(C(O)C(CO)NC(=O)C(Cl)Cl)cc1,1
1105,C=CCC1(C(C)CCC)C(=O)NC(=S)NC1=O,1
1106,CN(C)CCN1C(=O)CC(c2ccccc2)Sc2ccccc21,1
1107,CCSc1ccc2c(c1)N(CCCN1CCN(C)CC1)c1ccccc1S2,1
1108,CC(=O)OCCN1CCN(CCCN2c3ccccc3Sc3ccc(Cl)cc32)CC1,1
1109,CN1CCN(CCCN2c3ccccc3Sc3ccc(S(=O)(=O)N(C)C)cc32)CC1,1
1110,CN1CCN(CCC=C2c3ccccc3Sc3ccc(S(=O)(=O)N(C)C)cc32)CC1,1
1111,CN(C)C1=NC(=O)C(c2ccccc2)O1,1
1112,Cc1ccsc1C(=CCCN1CCCC(C(=O)O)C1)c1sccc1C,1
1113,CN1c2ccccc2C(NCCCCCCC(=O)O)c2ccc(Cl)cc2S1(=O)=O,1
1114,Cc1csc2ccc3[nH]c4c(c3c12)CN(C)CC4,1
1115,S=C1NCCC(COc2ccccc2)O1,1
1116,CCOC(=O)C1(c2ccccc2)CCC=CC1N(C)C,1
1117,CN1CCN2c3cc(F)ccc3C(c3cccs3)=NCC2C1,1
1118,O=C(CCCN1CCC(n2c(=S)[nH]c3ccccc32)CC1)c1ccc(F)cc1,1
1119,N=C1SCCN1c1ccc(Cl)cc1N,1
1120,CSC(=O)C1(OC(C)=O)C(C)CC2C3CCC4=CC(=O)C=CC4(C)C3(F)C(O)CC21C,1
1121,CCS(=O)(=O)CCn1c([N+](=O)[O-])cnc1C,1
1122,CN1CC(CSc2ccccn2)C=C2c3cccc4[nH]cc(c34)CC21,1
1123,CCCSc1ccccc1N1CCN(CCCCn2c(=O)[nH]c3ccccc3c2=O)CC1,1
1124,O=C1CC2(CCCC2)CC(=O)N1CCCCN1CCN(c2nsc3ccccc23)CC1,1
1125,CCSC1(SC)CCC2C3CCC4=CC(=O)C=CC4(C)C3(F)C(O)CC21C,1
1126,COc1cc2c(cc1OC)S(=O)(=O)OC(C(=O)NC(C)CC(C)(C)N(C)C)C2,1
1127,CC(Cc1ccccc1)NCCC1c2ccccc2Sc2ccccc21,1
1128,CC12CCC(=O)C=C1CCC1C2C(O)CC2(C)C1CCC2(O)C(=O)CS,1
1129,CC(C)(C)C(=O)SCC(=O)C1(O)CCC2C3CCC4=CC(=O)CCC4(C)C3C(O)CC21C,1
1130,CNCCOC(c1ccccc1)c1ccccc1C,1
1131,CCC1C(C)=NN=C(c2ccc(OC)c(OC)c2)c2cc(OC)c(OC)cc21,1
1132,Cc1ccccc1OCC(COC(O)C(Cl)(Cl)Cl)OC(O)C(Cl)(Cl)Cl,1
1133,Cc1cccc(N2CCN(CCc3cc(C)[nH]n3)CC2)c1,1
1134,CCC1(O)CCN2CCc3ccc(C)cc3C2C1,1
1135,Cc1ccc(S(=O)(=O)CCN2C(=O)CN=C(c3ccccc3Cl)c3cc(Cl)ccc32)cc1,1
1136,CCCCCC(=O)CCC1(C)C2Cc3ccc(O)cc3C1(C)CCN2C,1
1137,CC1(C)OC2COC3(COS(N)(=O)=O)OC(C)(C)OC3C2O1,1
1138,CCCCNc1c(C(=O)OCC)c(C)nc2c1cnn2CC,1
1139,CC1(C)OC2CC3C4CC(F)C5=CC(=O)C=CC5(C)C4(Cl)C(Cl)CC3(C)C2(C(=O)CF)O1,1
1140,COc1cccc(C2(O)CCCCC2CN(C)C)c1,1
1141,NC1CC1c1ccccc1,1
1142,CC1Oc2ccccc2CC1N(C)C,1
1143,CCC(=O)N(c1ccccc1F)C1(c2ccccc2)CCN(CCn2nnn(CC)c2=O)CC1,1
1144,CC(CNC(=O)c1ccccc1)C(=O)OCC(=O)C12OC(C)(C)OC1CC1C3CCC4=CC(=O)C=CC4(C)C3(F)C(O)CC12C,1
1145,CC1(C)OC2CC3C4CC5=CC(=O)C=CC5(C)C4(F)C(O)CC3(C)C2(C(=O)COC(=O)c2cc3ccccc3o2)O1,1
1146,OCC(Br)(Br)Br,1
1147,CCN(CC)C(=O)CNC(=O)c1cc(OC)c(OC)c(OC)c1,1
1148,O=C1N(C(O)C(Cl)(Cl)Cl)CNC1(c1ccccc1)c1ccccc1,1
1149,O=P(O)(O)OCC(Cl)(Cl)Cl,1
1150,CC1(C)OC2CC3C4CC(F)C5=CC(=O)C=CC5(C)C4(Cl)C(Cl)CC3(C)C2(C(=O)CCl)O1,1
1151,COc1cc(C(=O)N2CCOCC2)cc(OC)c1OC,1
1152,NC(=NO)C1=NNc2ccccc2N(Cc2ccccc2)C1=O,1
1153,COc1cc(C(=O)N2CCCCCCC2)cc(OC)c1OC,1
1154,NC(Cc1c[nH]c2ccccc12)C(=O)O,1
1155,C=CCONC1=Nc2ccc(Cl)cc2C(c2ccccc2Cl)=NC1,1
1156,COc1ccccc1N1CCN(CCCCN2C(=O)C3C(=O)N(C(C)(C)C)C(=O)C(C2=O)C3(C)C)CC1,1
1157,CCOC(N)=O,1
1158,CC(C)C(N)C(=O)OCCOCn1cnc2c(=O)[nH]c(N)nc21,1
1159,CCCC(CCC)(CCC)C(N)=O,1
1160,CC(C)C(N)C(=O)OCC(CO)OCn1cnc2c(=O)[nH]c(N)nc21,1
1161,CCCC(CCC)C(=O)OCOC(=O)C(C)(C)C,1
1162,CC(=O)OCC1=COC(OC(=O)CC(C)C)C2C1=CC(OC(=O)CC(C)C)C21CO1,1
1163,Nc1c2c(nc3ccccc13)CCCC2O,1
1164,C=CCN1CCCC1CNC(=O)c1cc(S(N)(=O)=O)cc(OC)c1OC,1
1165,C=CC(N)CCC(=O)O,1
1166,CCOc1ccccc1OCC1CNCCO1,1
1167,Cc1c(C)c2c(c(C)c1O)CCC(C)(CCCC(C)CCCC(C)CCCC(C)C)O2,1
1168,FC(F)(F)c1cccc(C2=CCN(CCc3ccc4ccccc4c3)CC2)c1,1
1169,OCCCN1CCN(CCCC2c3ccccc3Sc3ccc(Cl)cc32)CC1,1
1170,C=C1CC(C)C2C3Cc4ccc(O)cc4C2(CCN3CC2CCC2)C1,1
1171,Cc1cccc(C)c1NC1=NCCCS1,1
1172,CC(C)C(CCCCCC(=O)O)NCc1ccc(F)cc1,1
1173,O=C1C2C3C=CC(C4C=CC43)C2C(=O)N1CCCCN1CCN(c2ncccn2)CC1,1
1174,CC1(C)CN(CCN2CCN(c3cccc(Cl)c3)C2=O)C1,1
1175,O=C1Cc2cc(CCN3CCN(c4nsc5ccccc45)CC3)c(Cl)cc2N1,1
1176,Cc1nn(C)c2c1C(c1ccccc1F)=NCC(=O)N2C,1
1177,COc1ccccc1N1CCN(CCc2oc(=O)[nH]c2-c2ccc(F)cc2)CC1,1
1178,CC(c1noc2ccc(Cl)cc12)n1ccnc1,1
1179,NS(=O)(=O)Cc1noc2ccccc12,1
1180,CN1CCN(C(=O)OC2c3nccnc3C(=O)N2c2ccc(Cl)cn2)CC1,1
1181,CN(C)CCOC1=Cc2ccccc2Sc2ccc(Cl)cc21,1
1182,CCNC(Cc1ccccc1)C1CCCO1,1
1183,CCC1(O)CC(OC2CC(N(C)C)C(OC3CC(O)C(OC4CCC(=O)C(C)O4)C(C)O3)C(C)O2)c2c(cc3c(c2O)C(=O)c2c(O)cccc2C3=O)C1C(=O)OC,0
1184,CC1(C)SC2C(NC(=O)CCCC(N)C(=O)O)C(=O)N2C1C(=O)O,0
1185,CNCC(O)c1ccc(O)c(O)c1,0
1186,COc1cccc2c1C(=O)c1c(O)c3c(c(O)c1C2=O)CC(O)(C(O)CO)CC3O,0
1187,CC12CCC(=O)C=C1CCC1C2C2CC3(C(O)O2)C(C(=O)CO)CCC13,0
1188,C=CCSCC(=O)NC1C(=O)N2C1SC(C)(C)C2C(=O)O,0
1189,CC1(C)SC2C(NC(=O)C34CC5CC(CC(N)(C5)C3)C4)C(=O)N2C1C(=O)O,0
1190,N=C(N)NC(=O)c1nc(Cl)c(N)nc1N,0
1191,CC1C=CC=CC=CC=CC=CC=CC=CC(OC2OC(C)C(O)C(N)C2O)CC2OC(O)(CC(O)C(O)CCC(O)CC(O)CC(O)CC(=O)OC(C)C(C)C1O)CC(O)C2C(=O)O,0
1192,CC1(C)SC2C(NC(=O)C(NC(=O)c3cnc4cccnc4c3O)c3ccccc3)C(=O)N2C1C(=O)O,0
1193,CN(C)C1C(O)=C(C(=O)NC(C(=O)O)N2CCN(CCO)CC2)C(=O)C2(O)C(O)=C3C(=O)c4c(O)cccc4C(C)(O)C3CC12,0
1194,CNC1C(OC2OC(CO)C(N)C(O)C2O)OC2CC(N)C(OC3C(N)CC(N)C(O)C3O)OC2C1O,0
1195,NCCC(O)C(=O)NC1CC(N)C(OC2OC(CN)CCC2N)C(O)C1OC1OC(CO)C(O)C(N)C1O,0
1196,CNC(=O)CC(N)C(=O)NC(C(=O)NC1C(=O)N2C1SC(C)(C)C2C(=O)O)c1ccc(O)cc1,0
1197,COC1C(O)C(N)C(OC2OC(C(C)N)CCC2N)C(O)C1N(C)C(=O)CN,0
1198,CCC1OC(=O)C(C)C(OC2CC(C)(OC)C(O)C(C)O2)C(C)C(OC2OC(C)CC(N(C)C)C2O)C(C)(O)CC(C)CN(C)C(C)C(O)C1(C)O,0
1199,CC1C(NC(=O)C(=NOC(C)(C)C(=O)O)c2csc(N)n2)C(=O)N1S(=O)(=O)O,0
1200,CCOC(=O)OC(C)OC(=O)C1N2C(=O)C(N=CN3CCCCCC3)C2SC1(C)C,0
1201,NCC1OC(OC2C(N)CC(N)C(OC3OC(CO)C(O)C(N)C3O)C2O)C(N)C(O)C1O,0
1202,NC(CO)C(=O)NNCc1ccc(O)c(O)c1O,0
1203,CC(C)COCC(CN(Cc1ccccc1)c1ccccc1)N1CCCC1,0
1204,CCC1OC(=O)C(C)C(OC2CC(C)(OC)C(O)C(C)O2)C(C)C(OC2OC(C)CC(N(C)C)C2O)C(C)(O)CC(C)C(=O)C(C)C(O)C1C,0
1205,CC(Cc1ccc(O)c(O)c1)(NN)C(=O)O,0
1206,CC(C)(C)NCC(O)c1ccc(O)c(NC(N)=O)c1,0
1207,CC1(C)SC2C(NC(=O)C(C(=O)Oc3ccccc3)c3ccccc3)C(=O)N2C1C(=O)O,0
1208,CC1(C)SC2C(NC(=O)C(C(=O)Oc3ccc4c(c3)CCC4)c3ccccc3)C(=O)N2C1C(=O)O,0
1209,CC(=O)C1(O)Cc2c(O)c3c(c(O)c2C(OC2CC(N)C(O)C(C)O2)C1)C(=O)c1c(O)cccc1C3=O,0
1210,NC(=O)OCC1C(NC(=O)C(=NOCC(=O)O)c2csc(N)n2)C(=O)N1S(=O)(=O)O,0
1211,NC(C(=O)NC1C(=O)N2C(C(=O)O)=C(Cl)CSC12)c1ccccc1,0
1212,CC1=C(C(=O)O)N2C(=O)C(NC(=O)C(N)c3ccc(O)cc3)C2SC1,0
1213,Cn1nnnc1SCC1=C(C(=O)O)N2C(=O)C(NC(=O)C(O)c3ccccc3)C2SC1,0
1214,Cc1nnc(SCC2=C(C(=O)O)N3C(=O)C(NC(=O)C(N)c4ccc(O)cc4)C3SC2)s1,0
1215,NC(C(=O)NC1C(=O)N2C(C(=O)O)=C(CSc3c[nH]nn3)CSC12)c1ccc(O)cc1,0
1216,Cn1nnnc1SCC1=C(C(=O)O)N2C(=O)C(NC(=O)CSC(F)(F)F)C2SC1,0
1217,Cc1nnc(SCC2=C(C(=O)O)N3C(=O)C(NC(=O)Cn4cc(Cl)c(=O)c(Cl)c4)C3SC2)s1,0
1218,Cc1nnc(SCC2=C(C(=O)O)N3C(=O)C(NC(=O)C(O)c4ccccc4)C3SC2)s1,0
1219,Cc1nnc(SCC2=C(C(=O)OCc3oc(=O)oc3C)N3C(=O)C(NC(=O)C(OC(=O)C(C)N)c4ccccc4)C3SC2)s1,0
1220,COCC1=C(C(=O)O)N2C(=O)C(NC(=O)C(=NO)c3csc(N)n3)C2SC1,0
1221,C=CC1=C(C(=O)O)N2C(=O)C(NC(=O)C(=NO)c3csc(N)n3)C2SC1,0
1222,CON=C(C(=O)NC1C(=O)N2C(C(=O)O)=C(C=Cc3scnc3C)CSC12)c1csc(N)n1,0
1223,CON=C(C(=O)NC1C(=O)N2C(C(=O)O)=C(C)CSC12)c1csc(N)n1,0
1224,O=C(Cc1cccs1)NC1C(=O)N2C(C(=O)O)=C(CSc3nc[nH]n3)CSC12,0
1225,Cn1nnnc1SCC1=C(C(=O)O)N2C(=O)C(NC(=O)CSC=CC#N)C2SC1,0
1226,C=CC1=C(C(=O)O)N2C(=O)C(NC(=O)C(=NOCC(=O)O)c3csc(N)n3)C2SC1,0
1227,CON=C(C(=O)NC1C(=O)N2C(C(=O)O)=C(CSc3nnnn3C)CSC12)c1csc(N)n1,0
1228,COC1(NC(=O)CSCC#N)C(=O)N2C(C(=O)O)=C(CSc3nnnn3C)CSC21,0
1229,COC1(NC(=O)CSCC(N)C(=O)O)C(=O)N2C(C(=O)O)=C(CSc3nnnn3C)CSC21,0
1230,CON=C(C(=O)NC1C(=O)N2C(C(=O)O)=C(CSc3nc(C)c(CC(=O)O)s3)CSC12)c1csc(N)n1,0
1231,O=C(O)C1=C(CSc2nnnn2CS(=O)(=O)O)CSC2C(NC(=O)C(O)c3ccccc3)C(=O)N12,0
1232,CCN1CCN(C(=O)NC(C(=O)NC2C(=O)N3C(C(=O)O)=C(CSc4nnnn4C)CSC23)c2ccc(O)cc2)C(=O)C1=O,0
1233,NCc1ccccc1CC(=O)NC1C(=O)N2C(C(=O)O)=C(CSc3nnnn3CC(=O)O)CSC12,0
1234,CON=C(C(=O)NC1C(=O)N2C(C(=O)O)=C(COC(C)=O)CSC12)c1csc(N)n1,0
1235,COC1(NC(=O)C2SC(=C(C(N)=O)C(=O)O)S2)C(=O)N2C(C(=O)O)=C(CSc3nnnn3C)CSC21,0
1236,CN(C)CCn1nnnc1SCC1=C(C(=O)O)N2C(=O)C(NC(=O)Cc3csc(N)n3)C2SC1,0
1237,Cc1cc(O)c(C(=O)NC(C(=O)NC2C(=O)N3C(C(=O)O)=C(CSc4nnnn4C)CSC23)c2ccc(O)cc2)cn1,0
1238,COCC1=C(C(=O)O)N2C(=O)C(NC(=O)C(=NOC)c3csc(N)n3)C2SC1,0
1239,CC=CC1=C(C(=O)O)N2C(=O)C(NC(=O)C(N)c3ccc(O)cc3)C2SC1,0
1240,CC1=C(C(=O)O)N2C(=O)C(NC(=O)Cc3ccc(C4=NCCCN4)cc3)C2SC1,0
1241,COC1=C(C(=O)O)N2C(=O)C(NC(=O)C(N)C3C=CCC=C3)C2SC1,0
1242,CC1=C(C(=O)O)N2C(=O)C(NC(=O)C(N)c3cccc(NS(C)(=O)=O)c3)C2SC1,0
1243,CON=C(C(=O)NC1C(=O)N2C(C(=O)O)=C(Cn3nnc(C)n3)CSC12)c1csc(N)n1,0
1244,O=C(Cn1cnnn1)NC1C(=O)N2C(C(=O)O)=C(CSc3nncs3)CSC12,0
1245,Nc1nc(C(=CCC(=O)O)C(=O)NC2C(=O)N3C(C(=O)O)=CCSC23)cs1,0
1246,CON=C(C(=O)NC1C(=O)N2C(C(=O)O)=C(CSC(=O)c3ccco3)CSC12)c1csc(N)n1,0
1247,CON=C(C(=O)NC1C(=O)N2C(C(=O)O)=C(C=CSc3n[nH]c(=O)c(=O)n3CC=O)CSC12)c1csc(N)n1,0
1248,CON=C(C(=O)NC1C(=O)N2C(C(=O)O)=C(COC(C)=O)CS(=O)C12)c1csc(N)n1,0
1249,CON=C(C(=O)NC1C(=O)N2C(C(=O)O)=CCSC12)c1csc(=N)[nH]1,0
1250,CON=C(C(=O)NC1C(=O)N2C(C(=O)OCOC(=O)C(C)(C)C)=CCSC12)c1csc(NC(=O)C(C)N)n1,0
1251,CON=C(C(=O)NC1C(=O)N2C(C(=O)O)=C(CSc3nc(=O)c(=O)[nH]n3C)CSC12)c1csc(N)n1,0
1252,CON=C(C(=O)NC1C(=O)N2C(C(=O)O)=C(COC(C)=O)CSC12)c1ccco1,0
1253,CON=C(C(=O)NC1C(=O)N2C(C(=O)O)=C(COC(N)=O)CSC12)c1ccco1,0
1254,CON=C(C(=O)NC1C(=O)N2C(C(=O)OC(C)OC(C)=O)=C(COC(N)=O)CSC12)c1ccco1,0
1255,CON=C(C(=O)NC1C(=O)N2C(C(=O)OC(C)OC(=O)C(C)(C)OC)=C(COC(N)=O)CSC12)c1ccco1,0
1256,CON=C(C(=O)NC1C(=O)N2C(C(=O)O)=C(CSc3cnns3)CSC12)c1csc(N)n1,0
1257,CC(=O)OCC1=C(C(=O)O)N2C(=O)C(NC(=O)CC#N)C2SC1,0
1258,CC(=O)OCC1=C(C(=O)O)N2C(=O)C(NC(=O)C(N)c3ccccc3)C2SC1,0
1259,COC1(NC(=O)C2SC(=C(C#N)C(=O)O)S2)C(=O)N2C(C(=O)O)=C(CSc3nnnn3C)CSC21,0
1260,CC(=O)OCC1=C(C(=O)O)N2C(=O)C(NC(=O)Cc3cccs3)C2SC1,0
1261,CC(=O)OCC1=C(C(=O)O)N2C(=O)C(NC(=O)CSc3ccncc3)C2SC1,0
1262,CC1=C(C(=O)O)N2C(=O)C(NC(=O)C(N)C3=CCC=CC3)C2SC1,0
1263,CNC(=NC#N)NCCSCc1nc[nH]c1C,0
1264,CCC1OC(=O)C(C)C(OC2CC(C)(OC)C(O)C(C)O2)C(C)C(OC2OC(C)CC(N(C)C)C2O)C(C)(OC)CC(C)C(=O)C(C)C(O)C1(C)O,0
1265,CCCC1CC(C(=O)NC(C(C)Cl)C2OC(SC)C(O)C(O)C2O)N(C)C1,0
1266,CCCC1CC(C(=O)NC(C(C)Cl)C2OC(SC)C(OP(=O)(O)O)C(O)C2O)N(C)C1,0
1267,CC(C)N=c1cc2n(-c3ccc(Cl)cc3)c3ccccc3nc-2cc1Nc1ccc(Cl)cc1,0
1268,CN(C)C1C(O)=C(C(=O)NCO)C(=O)C2(O)C(O)=C3C(=O)c4c(O)ccc(Cl)c4C(C)(O)C3CC12,0
1269,Cc1onc(-c2ccccc2Cl)c1C(=O)NC1C(=O)N2C1SC(C)(C)C2C(=O)O,0
1270,CC1(C)SC2C(NC(=O)C3(N)CCCCC3)C(=O)N2C1C(=O)O,0
1271,Cc1c2oc3c(C)ccc(C(=O)NC4C(=O)NC(C(C)C)C(=O)N5CCCC5C(=O)N(C)CC(=O)N(C)C(C(C)C)C(=O)OC4C)c3nc-2c(C(=O)NC2C(=O)NC(C(C)C)C(=O)N3CCCC3C(=O)N(C)CC(=O)N(C)C(C(C)C)C(=O)OC2C)c(N)c1=O,0
1272,COc1cccc2c1C(=O)c1c(O)c3c(c(O)c1C2=O)CC(O)(C(C)=O)CC3OC1CC(N)C(O)C(C)O1,0
1273,CN(C)C1C(O)=C(C(N)=O)C(=O)C2(O)C(O)=C3C(=O)c4c(O)cccc4C(O)C3CC12,0
1274,CCOC(OCC)C(=O)OCC(=O)C1(O)Cc2c(O)c3c(c(O)c2C(OC2CC(N)C(O)C(C)O2)C1)C(=O)c1c(OC)cccc1C3=O,0
1275,NCC1CCC(N)C(OC2C(N)CC(N)C(OC3OC(CO)C(O)C(N)C3O)C2O)O1,0
1276,CC1OC(OC2C(O)CC(OC3C(O)CC(OC4CCC5(C)C(CCC6C5CC(O)C5(C)C(C7=CC(=O)OC7)CCC65O)C4)OC3C)OC2C)CC(O)C1O,0
1277,CNC1C(OC2C(OC3C(O)C(O)C(NC(=N)N)C(O)C3NC(=N)N)OC(C)C2(O)CO)OC(CO)C(O)C1O,0
1278,COc1ccc(C2Sc3ccccc3N(CCN(C)C)C(=O)C2OC(C)=O)cc1,0
1279,COc1ccc(-c2cc(=O)c3c(O)cc(OC4OC(COC5OC(C)C(O)C(O)C5O)C(O)C(O)C4O)cc3o2)cc1O,0
1280,CNCC(O)c1ccc(OC(=O)C(C)(C)C)c(OC(=O)C(C)(C)C)c1,0
1281,CCC(=O)OC1C(C)OC(OC2C(C)C(=O)OC(C)C(C)C(OC(=O)CC)C(C)C(=O)C3(CO3)CC(C)C(OC3OC(C)CC(N(C)C)C3O)C2C)CC1OC,0
1282,CCC1OC(=O)C(C)C(OC2CC(C)(OC)C(O)C(C)O2)C(C)C(OC2OC(C)CC(N(C)C)C2O)C(C)(O)CC(C)C2NC(COCCOC)OC(C2C)C1(C)O,0
1283,CC(=O)OC12COC1CC(O)C1(C)C(=O)C(O)C3=C(C)C(OC(=O)C(O)C(NC(=O)OC(C)(C)C)c4ccccc4)CC(O)(C(OC(=O)c4ccccc4)C21)C3(C)C,0
1284,NCCc1ccc(O)c(O)c1,0
1285,CC=CC=CC1OC(O)(C(CC)C(=O)NCC=CC=C(C)C(OC)C(C)C2OC(C=CC=CC=C(C)C(=O)c3c(O)ccn(C)c3=O)C(O)C2O)C(O)C(OC2OC(C)C(OC3OC(C)C(OC)C(O)C3OC)C(OC)C2O)C1(C)C,0
1286,CCC1CN2CCc3cc(OC)c(OC)cc3C2CC1CC1NCCc2cc(OC)c(OC)cc21,0
1287,CCn1cc(C(=O)O)c(=O)c2cc(F)c(N3CCNCC3)nc21,0
1288,COC1CC(OC2C(C)OC(OC3C(C)=CCC4CC(CC5(CCC(C)C(C(C)C)O5)O4)OC(=O)C4C=C(C)C(O)C5OCC(=CC=CC3C)C45O)CC2OC)OC(C)C1O,0
1289,CCC1OC(=O)C(C)C(OC2CC(C)(OC)C(O)C(C)O2)C(C)C(OC2OC(C)CC(N(C)C)C2O)C(C)(O)CC(C)C(=O)C(C)C(O)C1(C)O,0
1290,CCOC(=O)OC1C(OC2C(C)C(OC3CC(C)(OC)C(O)C(C)O3)C(C)C(=O)OC(CC)C(C)(O)C(O)C(C)C(=O)C(C)CC2(C)O)OC(C)CC1N(C)C,0
1291,CCOC(=O)CCC(=O)OC1C(OC2C(C)C(OC3CC(C)(OC)C(O)C(C)O3)C(C)C(=O)OC(CC)C(C)(O)C(O)C(C)C(=O)C(C)CC2(C)O)OC(C)CC1N(C)C,0
1292,CCC(=O)OC1C(OC2C(C)C(OC3CC(C)(OC)C(O)C(C)O3)C(C)C(=O)OC(CC)C(C)(O)C(O)C(C)C(=O)C(C)CC2(C)O)OC(C)CC1N(C)C,0
1293,CN(CCN(C)CNC(=O)C1=C(O)C(N(C)C)C2CC3C(=C(O)C2(O)C1=O)C(=O)c1c(O)cccc1C3(C)O)CNC(=O)C1=C(O)C(N(C)C)C2CC3C(=C(O)C2(O)C1=O)C(=O)c1c(O)cccc1C3(C)O,0
1294,COc1cc(C2c3cc4c(cc3C(OC3OC5COC(C)OC5C(O)C3O)C3COC(=O)C23)OCO4)cc(OC)c1O,0
1295,CCOC(=O)C1=C(C)NC(C)=C(C(=O)OC)C1c1cccc(Cl)c1Cl,0
1296,CC1(C)SC2C(NC(=O)C(Oc3ccccc3)c3ccccc3)C(=O)C2C1C(=O)O,0
1297,CC(C)(Oc1ccc(Cl)cc1)C(=O)NC(C(=O)NC1C(=O)N2C1SC(C)(C)C2C(=O)O)c1ccccc1,0
1298,COC1(NC(=O)CSC(F)F)C(=O)N2C(C(=O)O)=C(CSc3nnnn3CCO)COC21,0
1299,CC(O)C1C(=O)N2C(C(=O)O)=C(C3CCCO3)SC12,0
1300,CC1(C)SC2C(NC(=O)C(N=Cc3ccco3)c3ccc(O)cc3)C(=O)N2C1C(=O)O,0
1301,CC(C)CC(OC(=O)c1ccco1)C(=O)NC1C(=O)N2C1SC(C)(C)C2C(=O)O,0
1302,CC(=O)OC1CC2(C)C(CC(O)C3C4(C)CCC(O)C(C)C4CCC32C)C1=C(CCC=C(C)C)C(=O)O,0
1303,CNC1C(O)C(OC2C(N)CC(N)C(OC3OC(CN)CCC3N)C2O)OCC1(C)O,0
1304,CON=C(C(=O)NC1C(=O)N(OCC(=O)OCC(=O)OC(C)(C)C)C1C)c1csc(N)n1,0
1305,CC(C)CC(N)C(=O)NC(CCCN)C(=O)NC(C(=O)NC(CCCN)C(=O)N1CCCC1C(=O)NC(C=O)Cc1ccccc1)C(C)C,0
1306,CC(C)CC1NC(=O)C(CCCN)NC(=O)C(C(C)C)NC(=O)C2CCCN2C(=O)C(Cc2ccccc2)NC(=O)C(CC(C)C)NC(=O)C(CCCN)NC(=O)C(C(C)C)NC(=O)C2CCCN2C(=O)C(Cc2ccccc2)NC1=O,0
1307,CCC(NC(=O)C1CCCN1C(=O)C(Cc1ccccc1)NC(=O)C(N)CC(C)C)C(=O)NC(CCCN)C(=O)NC(CC(C)C)C(=O)NC(Cc1ccccc1)C(=O)N1CCCC1C(=O)NC(CC)C(=O)NC(C=O)CCCN,0
1308,CC12CC(N)C1CN(c1nc3c(cc1F)c(=O)c(C(=O)O)cn3C1CC1)C2,0
1309,CN(C)C1C(O)=C(C(=O)NCN2CCN(C(=N)NC(=N)N)CC2)C(=O)C2(O)C(O)=C3C(=O)c4c(O)cccc4C(C)(O)C3CC12,0
1310,CC1(C)SC2C(N3C(=O)C(c4ccccc4)NC3(C)C)C(=O)N2C1C(=O)O,0
1311,CNC(C)C(O)c1ccc(O)cc1,0
1312,Cc1cc(=O)oc2cc(O)ccc12,0
1313,CC(=O)C1(O)Cc2c(O)c3c(c(O)c2C(OC2CC(N)C(O)C(C)O2)C1)C(=O)c1ccccc1C3=O,0
1314,CC(O)C1C(=O)N2C(C(=O)O)=C(SCCNC=N)CC12,0
1315,CNC1C(O)C(OC2C(NC(=O)C(O)CN)CC(N)C(OC3OC(CN)C(O)C(O)C3O)C2O)OCC1(C)O,0
1316,CCC(C)n1ncn(-c2ccc(N3CCN(c4ccc(OCC5COC(Cn6cncn6)(c6ccc(Cl)cc6Cl)O5)cc4)CC3)cc2)c1=O,0
1317,CC(=O)N1CCN(c2ccc(OCC3COC(Cn4ccnc4)(c4ccc(Cl)cc4Cl)O3)cc2)CC1,0
1318,COC1C(O)CC(=O)OC(C)CC=CC=CC(O)C(C)CC(CC=O)C1OC1OC(C)C(OC2CC(C)(O)C(O)C(C)O2)C(N(C)C)C1O,0
1319,Cc1oc(=O)oc1COC(=O)C1N2C(=O)C(NC(=O)C(N)c3ccccc3)C2SC1(C)C,0
1320,CNCCC(O)C1CC(SC2=C(C(=O)O)N3C(=O)C(C(C)O)C3C2C)CN1,0
1321,COc1cccc2c1C(=O)c1c(O)c3c(c(O)c1C2=O)CC(O)(C(=O)CO)CC3OC1CC(NC(=O)C(N)CC(C)C)C(O)C(C)O1,0
1322,CCC1OC(=O)C(C)C(OC2CC(C)(OC)C(O)C(C)O2)C(C)C(OC2OC(C)CC(N(C)C)C2O)C(C)(O)CC(C)C(=NOC)C(C)C(O)C1(C)O,0
1323,CCCC1CC(C(=O)NC(C(C)O)C2OC(SC)C(O)C(O)C2O)N(C)C1,0
1324,NC(C(=O)NC1C(=O)N2C(C(=O)O)=C(Cl)CCC12)c1ccccc1,0
1325,CN(C)C1C(O)=C(C(=O)NCNCCCCC(N)C(=O)O)C(=O)C2(O)C(O)=C3C(=O)c4c(O)cccc4C(C)(O)C3CC12,0
1326,CC1(C)SC2C(N=CN3CCCCCC3)C(=O)N2C1C(=O)O,0
1327,C=C1c2c(Cl)ccc(O)c2C(=O)C2=C(O)C3(O)C(=O)C(C(N)=O)=C(O)C(N(C)C)C3C(O)C12,0
1328,CC(CN(C)C)OC(C)(c1ccccc1)c1ccc(Cl)cc1,0
1329,CC1OC(OC2CC(O)(C(=O)CO)Cc3c(O)c4c(c(O)c32)C(=O)c2ccccc2C4=O)CC(N)C1O,0
1330,CC(O)C1C(=O)N2C(C(=O)O)=C(SC3CNC(C(=O)N(C)C)C3)C(C)C12,0
1331,C=NC(C(=O)NC1C(=O)N2C1SC(C)(C)C2C(=O)O)c1ccccc1,0
1332,CCN(CC)CCOC(=O)C1N2C(=O)C(NC(=O)c3c(OC)cccc3OC)C2SC1(C)C,0
1333,CC1(C)SC2C(NC(=O)C(NC(=O)N3CCN(S(C)(=O)=O)C3=O)c3ccccc3)C(=O)N2C1C(=O)O,0
1334,COCC(=O)OC1(CCN(C)CCCc2nc3ccccc3[nH]2)CCc2cc(F)ccc2C1C(C)C,0
1335,CCC(=O)OC1CC(=O)OC(C)CC=CC=CC(O)C(C)CC(CC=O)C(OC2OC(C)C(OC3CC(C)(O)C(OC(=O)CC)C(C)O3)C(N(C)C)C2O)C1OC,0
1336,CCC1NC(=O)C(NC(=O)c2ncccc2O)C(C)OC(=O)C(c2ccccc2)NC(=O)C2CC(=O)CCN2C(=O)C(Cc2ccc(N(C)C)cc2)N(C)C(=O)C2CCCN2C1=O,0
1337,CCCCCC1CNC(C(=O)NC(C(C)Cl)C2OC(SC)C(O)C(O)C2O)C1,0
1338,COC12C(COC(N)=O)C3=C(C(=O)C(C)=C(N)C3=O)N1CC1NC12,0
1339,COC1(NC(=O)C(C(=O)O)c2ccc(O)cc2)C(=O)N2C(C(=O)O)=C(CSc3nnnn3C)COC21,0
1340,NCC1OC(OC2C(N)CC(N)C(O)C2O)C(N)C(O)C1O,0
1341,NCC1OC(OC2C(CO)OC(OC3C(O)C(N)CC(N)C3OC3OC(CN)C(O)C(O)C3N)C2O)C(N)C(O)C1O,0
1342,CCNC1CC(N)C(OC2OC(CN)=CCC2N)C(O)C1OC1OCC(C)(O)C(NC)C1O,0
1343,COC(=O)C1=C(C)NC(C)=C(C(=O)OCCN(C)Cc2ccccc2)C1c1cccc([N+](=O)[O-])c1,0
1344,COC(=O)C1=C(C)NC(C)=C(C(=O)OC)C1c1ccccc1[N+](=O)[O-],0
1345,CN(C)C1C(O)=C(C(N)=O)C(=O)C2(O)C(O)=C3C(=O)c4c(O)ccc([N+](=O)[O-])c4CC3CC12,0
1346,NCC(O)c1cccc(O)c1,0
1347,COC1C(OC(N)=O)C(O)C(Oc2ccc3c(O)c(NC(=O)c4ccc(O)c(CC=C(C)C)c4)c(=O)oc3c2C)OC1(C)C,0
1348,COC1CC(OC2C(C)C(=O)OC(C)C(C)C(O)C(C)C(=O)C3(CO3)CC(C)C(OC3OC(C)CC(N(C)C)C3O)C2C)OC(C)C1O,0
1349,CON=C(C(=O)NC1C(=O)N(OCC(=O)O)C1C)c1csc(N)n1,0
1350,CN(C)C1C(O)=C(C(N)=O)C(=O)C2(O)C(O)=C3C(=O)c4c(O)cccc4C(C)(O)C3C(O)C12,0
1351,CC(=O)OC1C(=O)C2(C)C(O)CC3OCC3(OC(C)=O)C2C(OC(=O)c2ccccc2)C2(O)CC(OC(=O)C(O)C(NC(=O)c3ccccc3)c3ccccc3)C(C)=C1C2(C)C,0
1352,CN(C)C1C(O)=C(C(=O)NCN2CCCC(C(=O)O)C2)C(=O)C2(O)C(O)=C3C(=O)c4c(O)cccc4C(C)(O)C3CC12,0
1353,CC(=O)OCOC(=O)C1N2C(=O)C(NC(=O)Cc3ccccc3)C2SC1(C)C,0
1354,CC1(C)SC2C(NC(=O)Cc3ccccc3)C(=O)N2C1C(=O)O,0
1355,CN(C)C1C(O)=C(C(=O)NCNC(C(=O)NC2C(=O)N3C2SC(C)(C)C3C(=O)O)c2ccccc2)C(=O)C2(O)C(O)=C3C(=O)c4c(O)cccc4C(C)(O)C3CC12,0
1356,CN(C)C1C(O)=C(C(=O)NCN2CCN(CCO)CC2)C(=O)C2(O)C(O)=C3C(=O)c4c(O)cccc4C(C)(O)C3CC12,0
1357,CCN1CCN(C(=O)NC(C(=O)NC2C(=O)N3C2SC(C)(C)C3C(=O)O)c2ccccc2)C(=O)C1=O,0
1358,COc1cccc2c1C(=O)c1c(O)c3c(c(O)c1C2=O)CC(O)(C(=O)CO)CC3OC1CC(N)C(OC2CCCCO2)C(C)O1,0
1359,CC1(C)SC2C(NC(=O)C(NC(=O)CNC(=N)c3ccncc3)c3ccccc3)C(=O)N2C1C(=O)O,0
1360,CC1(C)SC2C(NC(=O)C(NC(=O)c3ccc(-c4ccc(S(=O)(=O)N(CCO)CCO)cc4)[nH]c3=O)c3ccc(O)cc3)C(=O)N2C1C(=O)O,0
1361,CC1(C)SC2C(NC(=O)C(NC(=O)Nc3cnc(Nc4ccc(S(N)(=O)=O)cc4)nc3O)c3ccc(O)cc3)C(=O)N2C1C(=O)O,0
1362,CC(C)(C)C(=O)OCOC(=O)C1N2C(=O)C(NC(=O)C(N)c3ccccc3)C2SC1(C)C,0
1363,CNCC(O)c1cccc(OC(=O)C(C)(C)C)c1,0
1364,Cc1cnn(-c2c(Cl)cccc2Cl)c1C(=O)NC1C(=O)N2C1SC(C)(C)C2C(=O)O,0
1365,NCC1OC(OC2C(N)CC(NC(CO)CO)C(OC3OC(CO)C(O)C(N)C3O)C2O)C(N)C(O)C1O,0
1366,CC1(C)SC2C(NC(=O)c3nc4ccccc4nc3C(=O)O)C(=O)N2C1C(=O)O,0
1367,COC1C=COC2(C)Oc3c(C)c(O)c4c(c3C2=O)C2=NC3(CCN(CC(C)C)CC3)NC2=C(NC(=O)C(C)=CC=CC(C)C(O)C(C)C(O)C(C)C(OC(C)=O)C1C)C4=O,0
1368,CCN(CC)C(C)=NN=Cc1c2c(O)c3c(O)c(C)c4c(c3c1O)C(=O)C(C)(OC=CC(OC)C(C)C(OC(C)=O)C(C)C(O)C(C)C(O)C(C)C=CC=C(C)C(=O)N2)O4,0
1369,CCN(CC)c1nc2c(s1)c1c(O)c3c(O)c(C)c4c(c32)C(=O)C(C)(OC=CC(OC)C(C)C(OC(C)=O)C(C)C(O)C(C)C(O)C(C)C=CC=C(C)C(=O)N1)O4,0
1370,CCN(CC)C(=O)COc1cc2c(O)c3c(O)c(C)c4c(c13)C(=O)C(C)(OC=CC(OC)C(C)C(OC(C)=O)C(C)C(O)C(C)C(O)C(C)C=CC=C(C)C(=O)N2)O4,0
1371,COC1C=COC2(C)Oc3c(C)c(O)c4c(O)c(c(C=NN5CCN(C)CC5)c(O)c4c3C2=O)NC(=O)C(C)=CC=CC(C)C(O)C(C)C(O)C(C)C(OC(C)=O)C1C,0
1372,COC1C=COC2(C)Oc3c(C)c(O)c4c(O)c(cc(O)c4c3C2=O)NC(=O)C(C)=CC=CC(C)C(O)C(C)C(O)C(C)C(OC(C)=O)C1C,0
1373,COC1C=COC2(C)Oc3c(C)c(O)c4c(O)c(c(C=NN5CCN(C6CCCC6)CC5)c(O)c4c3C2=O)NC(=O)C(C)=CC=CC(C)C(O)C(C)C(O)C(C)C(OC(C)=O)C1C,0
1374,COC1C=COC2(C)Oc3c(C)c(O)c4c(O)c(c5c(nc6cc(C)ccn65)c4c3C2=O)NC(=O)C(C)=CC=CC(C)C(O)C(C)C(O)C(C)C(OC(C)=O)C1C,0
1375,CC(O)C1C(=O)N2C(C(=O)O)=C(COC(N)=O)SC12,0
1376,CC(C)c1nc(CN(C)C(=O)NC(C(=O)NC(Cc2ccccc2)CC(O)C(Cc2ccccc2)NC(=O)OCc2cncs2)C(C)C)cs1,0
1377,CCC1(O)CC(OC2CC(N(C)C)C(OC3CC4OC5CC(=O)C(C)OC5OC4C(C)O3)C(C)O2)c2c(O)c3c(c(O)c2C1OC1CC(N(C)C)C(O)C(C)O1)C(=O)c1cccc(O)c1C3=O,0
1378,CN(C)C1C(O)=C(C(=O)NCN2CCCC2)C(=O)C2(O)C(O)=C3C(=O)c4c(O)cccc4C(C)(O)C3CC12,0
1379,CC1(C)SC2C(NC(=O)C(NC(=O)Cc3ccc(C4=NCCCN4)cc3)c3ccccc3)C(=O)N2C1C(=O)O,0
1380,CCC1OC(=O)C(C)C(OC2CC(C)(OC)C(O)C(C)O2)C(C)C(OC2OC(C)CC(N(C)C)C2O)C(C)(O)CC(C)C(=NOCOCCOC)C(C)C(O)C1(C)O,0
1381,COCOC(=O)C1N2C(=O)C(N3C(=O)C(c4ccc(O)cc4)NC3(C)C)C2SC1(C)C,0
1382,COCOC(=O)C1N2C(=O)C(N3C(=O)C(c4ccccc4)NC3(C)C)C2SC1(C)C,0
1383,CC(=O)OC1C=CC(C)=CCC(O)C=CC(C)=CC(NC(=O)C(C)=O)C2(C)C(=O)OC(C1)C(C)C2=O,0
1384,CNC1C(O)C(OC2C(N)CC(N)C(OC3OC(CN)=CCC3N)C2O)OCC1(C)O,0
1385,COC1C(O)CC(=O)OC(C)CC=CC=CC(OC2CCC(N(C)C)C(C)O2)C(C)CC(CC=O)C1OC1OC(C)C(OC2CC(C)(O)C(O)C(C)O2)C(N(C)C)C1O,0
1386,CNC1C(OC2C(OC3C(O)C(O)C(NC(=N)N)C(O)C3NC(=N)N)OC(C)C2(O)C=O)OC(CO)C(O)C1O,0
1387,CC1(C)SC2C(NC(=O)C(c3ccccc3)S(=O)(=O)O)C(=O)N2C1C(=O)O,0
1388,CC(O)C1C(=O)N2C(C(=O)O)=C(F)SC12,0
1389,CC1(C)SC2C(NC(=O)C(N)c3ccccc3)C(=O)N2C1C(=O)OCOC(=O)C1N2C(=O)CC2S(=O)(=O)C1(C)C,0
1390,CC1(C)SC2C(NC(=O)C(NS(=O)(=O)O)c3ccccc3)C(=O)N2C1C(=O)O,0
1391,C=CCC1C=C(C)CC(C)CC(OC)C2OC(O)(C(=O)C(=O)N3CCCCC3C(=O)OC(C(C)=CC3CCC(O)C(OC)C3)C(C)C(O)CC1=O)C(C)CC2OC,0
1392,CC1(C)SC2C(NC(=O)C(N)c3ccccc3)C(=O)N2C1C(=O)OC1OC(=O)c2ccccc21,0
1393,CC1(Cn2ccnn2)C(C(=O)O)N2C(=O)CC2S1(=O)=O,0
1394,COC(=O)C1NC(=O)C2NC(=O)C(NC(=O)C3NC(=O)C4NC(=O)C(NC(=O)C(N)c5ccc(O)c(c5)Oc5cc4cc(O)c5C)C(O)c4ccc(c(Cl)c4)Oc4cc3cc(c4O)Oc3ccc(cc3Cl)C2OC2OC(CO)C(O)C(O)C2NC(C)=O)c2ccc(O)c(c2)-c2c(O)cc(O)cc21,0
1395,Cn1c(=O)c2c(ncn2CCNCC(O)c2ccc(O)c(O)c2)n(C)c1=O,0
1396,CC1(C)SC2C(NC(=O)CSc3ccccc3)C(=O)N2C1C(=O)O,0
1397,CC1(C)C(NCC(=NOCC(=O)O)c2csc(N)n2)C(=O)N1OS(=O)(=O)O,0
1398,CC(C)C(=O)OCc1cccc(OC(=O)C2N3C(=O)C(NC(=O)Cc4ccccc4)C3SC2(C)C)c1,0
1399,NCC1OC(OC2C(N)CC(N)C(OC3OC(CO)C(O)C(N)C3O)C2O)C(N)CC1O,0
1400,Cc1ccc(C(=O)c2cc(O)c(O)c([N+](=O)[O-])c2)cc1,0
1401,COC1CC(OC2C(C)C(=O)OC(C)C(C)C(OC(C)=O)C(C)C(=O)C3(CO3)CC(C)C(OC3OC(C)CC(N(C)C)C3OC(C)=O)C2C)OC(C)C1OC(C)=O,0
1402,CCCCC1CC(=O)C2(O)OC3C(NC)C(O)C(NC)C(O)C3OC2O1,0
1403,Cc1ccc(C(C)C)c(OCC2=NCCN2)c1,0
1404,CC1COC(=O)C(C(C)C)NC(=O)C(C)OC(=O)C(C(C)C)NC(=O)C(C(C)C)OC(=O)C(C(C)C)NC(=O)C(C)OC(=O)C(C(C)C)NC(=O)C(C)COC(=O)C(C(C)C)NC(=O)C(C)OC(=O)C(C(C)C)NC1=O,0
1405,CNC(CC(C)C)C(=O)NC1C(=O)NC(CC(N)=O)C(=O)NC2C(=O)NC3C(=O)NC(C(=O)NC(C(=O)O)c4cc(O)cc(O)c4-c4cc3ccc4O)C(O)c3ccc(c(Cl)c3)Oc3cc2cc(c3OC2OC(CO)C(O)C(O)C2OC2CC(C)(N)C(O)C(C)O2)Oc2ccc(cc2Cl)C1O,0
1406,CCC1(O)CC2CN(CCc3c([nH]c4ccccc34)C(C(=O)OC)(c3cc4c(cc3OC)N(C=O)C3C(O)(C(=O)OC)C(OC(C)=O)C5(CC)C=CCN6CCC43C65)C2)C1,0
1407,CCC1(O)CC2CN(CCc3c([nH]c4ccccc34)C(C(=O)OC)(c3cc4c(cc3OC)N(C)C3C(O)(C(N)=O)C(O)C5(CC)C=CCN6CCC43C65)C2)C1,0
1408,CC1=CC(O)CC(=O)Cc2nc(co2)C(=O)N2CCC=C2C(=O)OC(C(C)C)C(C)C=CC(=O)NCC=C1,0
1409,CCC1NC(=O)C(NC(=O)c2ncccc2O)C(C)OC(=O)C(c2ccccc2)NC(=O)C2CC(=O)CCN2C(=O)C(Cc2ccccc2)N(C)C(=O)C2CCCN2C1=O,0
1410,N#CC(=Cc1ccc(O)cc1)C(C#N)=Cc1ccc(O)cc1,0
1411,COc1cccc2c1C(=O)c1c(O)c3c(c(O)c1C2=O)CC(O)(C(C)=NNC(=O)c1ccccc1)CC3OC1CC(N)C(O)C(C)O1,0
1412,CC(=O)c1ccc2c(c1)N(CCCN(C)C)c1ccccc1S2,1
1413,CC(=O)c1ccc2c(c1)N(CC(C)N(C)C)c1ccccc1S2,1
1414,CC(=O)c1ccc2c(c1)N(CCCN1CCN(CCO)CC1)c1ccccc1S2,1
1415,CN(C)Cc1nnc2n1-c1ccc(Cl)cc1C(c1ccccc1)=NC2,1
1416,C=CCN1C(=O)C(CC(C)C)NC1=S,1
1417,CC1CC2C3C(Cl)CC4=CC(=O)C=CC4(C)C3C(O)CC2(C)C1(O)C(=O)CO,1
1418,C=CCC(N)Cc1ccccc1,1
1419,CC(=O)C1(O)C(O)CC2C3CCC4=CC(=O)CCC4(C)C3CCC21C,1
1420,CC(CN(C)C)CN1c2ccccc2Sc2ccccc21,1
1421,CCOC(=O)c1[nH]c2cc(OC)c(OC)cc2c1CCN1CCN(c2ccccc2)CC1,1
1422,CCC(=O)OC1(c2ccccc2)CCN(C)CC1C,1
1423,CCCN(CCC)C(=O)Cc1c(-c2ccc(Cl)cc2)nc2ccc(Cl)cn12,1
1424,NC12CC3CC(CC(C3)C1)C2,1
1425,CCCC(=O)OC1(C(=O)COC(C)=O)CCC2C3CC(C)C4=CC(=O)CCC4(C)C3C(O)CC21C,1
1426,CNCCCC1(C)C(=O)N(c2ccccc2)c2ccccc21,1
1427,CCn1cc(C(=O)O)c(=O)c2ccc(Cc3ccccc3)nc21,1
1428,Cc1cc(N(C)C)ccc1CC(C)N,1
1429,CCC1(c2ccc(N)cc2)CCC(=O)NC1=O,1
1430,CN(C)CC(CN1c2ccccc2Sc2ccccc21)N(C)C,1
1431,CN(C)C(=O)C1(c2ccc(Cl)cc2)CCN(CCCC(=O)c2ccc(F)cc2)CC1,1
1432,COc1ccccc1N1CCN(CCCC(O)c2ccc(F)cc2)CC1,1
1433,CN1CCN2c3ccccc3Cn3cccc3C2C1,1
1434,CCOC(=O)N1CCC(=O)N(c2ccccc2)c2cc(Cl)ccc21,1
1435,Cc1c(C)c2ccc(OCc3nnc(C(C)C)s3)cc2oc1=O,1
1436,N#Cc1cc(-c2ccccc2)nnc1NCCN1CCOCC1,1
1437,CCC(=O)OCC(=O)C1(OC(=O)CC)C(C)CC2C3CCC4=CC(=O)C=CC4(C)C3(Cl)C(O)CC21C,1
1438,O=C(c1cc2ccccc2o1)N1CCN(Cc2ccccc2)CC1,1
1439,CC(NNC(=O)c1ccccc1)c1ccccc1,1
1440,CCC1(c2ccccc2)C(=O)NC(=O)N(C(=O)c2ccccc2)C1=O,1
1441,O=C(OC1CN2CCC1CC2)c1ccccc1,1
1442,CNCC12CCC(c3ccccc31)c1ccccc12,1
1443,CC(Cc1ccccc1)N(C)Cc1ccccc1,1
1444,CCCN(c1ccncc1)n1ccc2ccccc21,1
1445,CC(=O)OCC(=O)C1(O)C(C)CC2C3CCC4=CC(=O)C=CC4(C)C3(F)C(O)CC21C,1
1446,CCC(=O)OCC(=O)C1(OC(=O)CC)C(C)CC2C3CCC4=CC(=O)C=CC4(C)C3(F)C(O)CC21C,1
1447,CCCCC(=O)OC1(C(=O)CO)C(C)CC2C3CCC4=CC(=O)C=CC4(C)C3(F)C(O)CC21C,1
1448,CNCCCCOc1ccccc1Cc1ccccc1,1
1449,CN(C)CCN(C)n1cc(-c2ccccc2)c2ccccc21,1
1450,C=CCC1(CC(=C)Br)C(=O)NC(=O)NC1=O,1
1451,CCn1nnn(CCN2CCC(N(C(=O)COC)c3ccccc3F)C(C)C2)c1=O,1
1452,COc1cc(Br)c2oc(C3CCNCC3)cc2c1,1
1453,CN(C)C(=O)CCNc1ccc(Br)cc1,1
1454,CN(C)CCOC(c1ccccc1)c1ccc(Br)cc1,1
1455,CCN(CC)CCNC(=O)c1cc(Br)c(N)cc1OC,1
1456,CCCCCCCCCC(=O)OC1(c2ccc(Br)cc2)CCN(CCCC(=O)c2ccc(F)cc2)CC1,1
1457,CCCC1OC2CC3C4CCC5=CC(=O)C=CC5(C)C4C(O)CC3(C)C2(C(=O)CO)O1,1
1458,CN(C)CCOC(c1ccccc1)c1ccccc1C(C)(C)C,1
1459,CCC(C)C1(CC)C(=O)NC(=O)NC1=O,1
1460,C=CCC1(CC(C)C)C(=O)NC(=O)NC1=O,1
1461,CCCCNCC1COc2ccccc2O1,1
1462,CC(CC1c2ccccc2CCc2ccccc21)CN(C)C,1
1463,CCOC(=O)NNC(C)c1ccccc1,1
1464,CCOC(=O)NC(O)C(Cl)(Cl)Cl,1
1465,CCC(Br)(CC)C(=O)NC(N)=O,1
1466,CCC(=O)N(c1ccccc1)C1(C(=O)OC)CCN(CCc2ccccc2)CC1,1
1467,NC(=O)C1(N2CCCCC2)CCN(CCCN2c3ccccc3CCc3ccccc32)CC1,1
1468,CCCCNc1c(C(=O)OCC)cnc2c1cnn2CC,1
1469,Fc1ccc2[nH]c3c(c2c1)CN(CCc1ccncc1)CC3,1
1470,CN(C)C(C)(CO)Cc1ccc(Cl)c(Cl)c1,1
1471,CN1CCN(C(c2ccccc2)c2ccc(Cl)cc2)CC1,1
1472,CC(C)(O)C(Cl)(Cl)Cl,1
1473,CC12C=CC(=O)C=C1C(Cl)CC1C2C(=O)CC2(C)C1CCC2(O)C(=O)CO,1
1474,COC(=O)C1C2CC3c4[nH]c5ccc(Cl)cc5c4CCN3CC2CC(OC(=O)c2cc(OC)c(OC)c(OC)c2)C1OC,1
1475,NC(=O)OCC(O)COc1ccc(Cl)cc1,1
1476,CN(C)CCOC(C)(c1ccccc1)c1ccc(Cl)cc1,1
1477,CN(C)CCC=C1c2ccccc2Sc2ccc(Cl)cc21,1
1478,O=C1NC(CCCl)Oc2ccccc21,1
1479,CN(C)CCCN1c2ccccc2CCc2ccc(C#N)cc21,1
1480,OC1(c2ccccc2Cl)C2=NCCCN2c2ccccc21,1
1481,CNC1CCN2c3ccccc3CCc3cccc1c32,1
1482,CN(C)CCC=C1c2ccccc2COc2ccccc21,1
1483,COc1ccc(C(O)CN2CCN(c3cccccc3=O)CC2)cc1OC,1
1484,CN(CC=Cc1ccccc1)CCOC(c1ccccc1)c1ccccc1,1
1485,CCOc1cc(N)c([N+](=O)[O-])cc1C(=O)NC1CCN(CC2CC=CCC2)CC1,1
1486,O=C1CCC(c2ccccc2)(C2CCN(CC=Cc3ccccc3)CC2)C(=O)N1,1
1487,CCNC(=O)C=Cc1cccc(Br)c1,1
1488,COc1cc(C=CC(N)=O)cc(OC)c1OC,1
1489,O=C(CCCN1CCN(c2cc3ccccc3cn2)CC1)c1ccc(F)cc1,1
1490,CN1C(=O)CN2CCc3ccccc3C2c2cc(Cl)ccc21,1
1491,CN(C)CC(O)C(c1ccccc1)c1cccc(Cl)c1,1
1492,CC1CC2C3CCC4=CC(=O)C=CC4(C)C3(F)C(O)CC2(C)C1(O)C(=O)CCl,1
1493,CCC(=O)OC1(C(=O)CCl)C(C)CC2C3CCC4=CC(=O)C=CC4(C)C3(F)C(O)CC21C,1
1494,CCN(CC)CCNC(=O)COc1ccc(Cl)cc1,1
1495,CN(C)CCCC1c2ccccc2Nc2ccc(Cl)cc21,1
1496,CN(C)CCCN1c2ccccc2CCc2ccc(Cl)cc21,1
1497,O=C1CN=C(c2ccccc2Cl)c2cc([N+](=O)[O-])ccc2N1,1
1498,CN1CCC(=C2c3ccccc3Oc3ccc(Cl)cc32)CC1,1
1499,CN1CCN(C2=Nc3ccccc3Sc3ccc(Cl)cc32)CC1,1
1500,COCCCCC(=NOCCN)c1ccc(Cl)cc1,1
1501,O=C1CN2CCOC2(c2ccccc2Cl)c2cc(Cl)ccc2N1,1
1502,OCCN1CCN(CCCN2c3ccccc3Sc3cc(Cl)cnc32)CC1,1
1503,CC(=O)OCC(=O)C1(O)C(C)CC2C3CC(F)(F)C4=CC(=O)C=CC4(C)C3(F)C(O)CC21C,1
1504,CC=CC(=O)N(CCC)C(CC)C(=O)N(C)C,1
1505,CC(CN(C)C)CN1c2ccccc2Sc2ccc(C#N)cc21,1
1506,O=C1N=C(NC2CC2)OC1c1ccccc1,1
1507,NC1CCCC1c1ccccc1,1
1508,[O-][N+]1=C(c2ccccc2)c2cc(Cl)ccc2N=C(NCC2CC2)C1,1
1509,CN1CCCc2cccc(OCC3CNCCO3)c21,1
1510,CNCCCC1(C)CN(c2ccccc2)c2ccccc21,1
1511,CN(C)CC1=Cc2ccccc2Sc2ccccc21,1
1512,CN1CCC(=C2c3ccccc3C(O)c3ccccc32)CC1,1
1513,CN(C)C(CCOc1cccc2ccccc12)c1ccccc1,1
1514,CCC(=O)OC(Cc1ccccc1)(c1ccccc1)C(C)CN(C)C,1
1515,CC1=Nc2ccccc2CC(c2ccccc2)N1C,1
1516,O=C(c1ccc(F)cc1)C1CCN(CCCn2c(=O)[nH]c3ccccc32)CC1,1
1517,CC(=O)OCC(=O)C12N=C(C)OC1CC1C3CCC4=CC(=O)C=CC4(C)C3C(O)CC12C,1
1518,CN1CC(CC#N)CC2c3cccc4[nH]cc(c34)CC21,1
1519,O=C1CN=C(c2ccccc2Cl)c2cc(Cl)ccc2N1,1
1520,CNCCON=c1c2ccccc2ccc2ccccc12,1
1521,OC(Cn1ccnc1)c1ccc(CCc2ccccc2)cc1,1
1522,CN(C)CCCN1c2ccccc2C=Cc2ccccc21,1
1523,CN1CCC23c4c5ccc(O)c4OC2CCCC3C1C5,1
1524,CC(C)C1(O)CCN2CC3c4ccccc4CCc4cccc(c43)C2C1,1
1525,COc1ccc2c(c1)C13CCCCC1C(C2)N(C)CC3,1
1526,CC(CN1CCOCC1)C(C(=O)N1CCCC1)(c1ccccc1)c1ccccc1,1
1527,NC(=O)N1CC(Oc2cccc(C(F)(F)F)c2)C1,1
1528,CC12CCCCCC(Cc3ccc(O)cc31)C2N,1
1529,C=CCN1CCC23c4c5ccc(OC(C)=O)c4OC2C(OC(C)=O)C=CC3C1C5,1
1530,CN(C)CCN1C(=O)c2ccccc2N(C)c2ccccc21,1
1531,Cc1ccc2c(c1)C1CN(C)CCC1N2,1
1532,CN1C(=O)CCS(=O)(=O)C1c1ccc(Cl)c(Cl)c1,1
1533,COc1ccc2c(c1)CN(C)CC2c1ccc(Cl)c(Cl)c1,1
1534,CCN(CC)CCN1c2ccccc2Sc2ccccc21,1
1535,Clc1ccc(C(OCCN2CCOCC2)c2ccccc2)cc1,1
1536,CC(=O)OCC(=O)C1(OC(C)=O)C(C)CC2C3CC(F)C4=CC(=O)C=CC4(C)C3(F)C(O)CC21C,1
1537,CCCC(=O)OC1(C(=O)COC(C)=O)CCC2C3CC(F)C4=CC(=O)C=CC4(C)C3(F)C(O)CC21C,1
1538,Cc1ccc2c(c1)C13CCCCC1C(C2)N(C)CC3,1
1539,COc1ccc2c(c1)C(=CCCN(C)C)c1ccccc1O2,1
1540,CC1CC2C3CCC4=CC(=O)C=CC4(C)C3(F)C(O)CC2(C)C1(C)C(=O)CO,1
1541,CN(C)CCCN1c2ccccc2C(C)(C)c2ccccc21,1
1542,C=C(C)CNCC(=O)N(C)c1ccc(Cl)cc1C(=O)c1ccccc1,1
1543,CCN(CC)C(=S)SSC(=S)N(CC)CC,1
1544,NC(=O)CN1C(=O)C(c2ccccc2)c2ccccc21,1
1545,CN(C)CCC=C1c2ccccc2CSc2ccccc21,1
1546,O=C1C(O)N=C(c2ccccc2F)c2cc(Cl)ccc2N1CCO,1
1547,O=C1NCNC1(c1ccccc1)c1ccccc1,1
1548,CC(=O)C1(O)C(C)CC2C3CCC4=CC(=O)C=CC4(C)C3(F)C(O)CC21C,1
1549,CC1(C)OC2CC3C4CCC5CC(=O)CCC5(C)C4(F)C(O)CC3(C)C2(C(=O)CO)O1,1
1550,O=C(CCCN1CC=C(n2c(=O)[nH]c3ccccc32)CC1)c1ccc(F)cc1,1
1551,CN(C(=O)CN(CCO)CCO)c1ccc(Cl)cc1C(=O)c1ccccc1Cl,1
1552,Cn1cc(CCN2CCN(c3ccccc3Cl)CC2)cn1,1
1553,C=C1c2ccccc2CN(CCCN(C)C)c2ccccc21,1
1554,O=C(NCCCN1CCOCC1)c1ccc(Cl)cc1,1
1555,CN1CCC2(C)CC(Cc3ccc(O)cc32)C1,1
1556,CCc1ccccc1-n1c(C)nc2ccccc2c1=O,1
1557,CCC1(c2ccccc2)C(=O)N(COC)C(=O)N(COC)C1=O,1
1558,C#CC1(OC(N)=O)CCCCC1,1
1559,CCN1C(=O)NC(c2ccccc2)C1=O,1
1560,CCCl,1
1561,CCc1cc2c(s1)-n1c(C)nnc1CN=C2c1ccccc1Cl,1
1562,CCOC(=O)c1cncn1C(C)c1ccccc1,1
1563,CNC1CCc2ncsc2C1,1
1564,CCC(N)Cc1c[nH]c2ccccc12,1
1565,O=C(CCCl)NCCc1ccccc1,1
1566,Oc1ccccc1-c1nnco1,1
1567,CN(C)CCCn1cc(-c2ccccc2)c(-c2ccccc2)n1,1
1568,Fc1ccccc1C1=NCCN(CC(F)(F)F)c2ccc(Cl)cc21,1
1569,COc1ccccc1N1CCN(CCCC(=O)c2ccc(F)cc2)CC1,1
1570,CN(C)C1CCc2[nH]c3c(F)cc(F)cc3c2C1,1
1571,C#CC1(OCC(O)CN2CCN(c3ccc(F)cc3)CC2)CCCCC1,1
1572,CN1C(=O)CN=C(c2ccccc2F)c2cc(Cl)ccc21,1
1573,CC1CC2C3CC(F)C4=CC(=O)C=CC4(C)C3(F)C(O)CC2(C)C1(O)C(=O)CO,1
1574,CC1CC2C3CC(F)C4=CC(=O)C=CC4(C)C3(F)C(O)CC2(C)C1(O)C(=O)COC(=O)C(C)(C)C,1
1575,CC1(C)OC2CC3C4CC(F)C5=CC(=O)C=CC5(C)C4C(O)CC3(C)C2(C(=O)CO)O1,1
1576,CC(=O)OCC(=O)C12OC(C)(C)OC1CC1C3CC(F)C4=CC(=O)C=CC4(C)C3C(O)CC12C,1
1577,CC12C=CC(=O)C=C1C(F)CC1C3CC(O)C(O)(C(=O)CO)C3(C)CC(O)C12F,1
1578,CC1(C)OC2CC3C4CC(F)C5=CC(=O)C=CC5(C)C4(F)C(O)CC3(C)C2(C(=O)CO)O1,1
1579,CC1CC2C3CC(F)C4=CC(=O)C=CC4(C)C3C(O)CC2(C)C1C(=O)CO,1
1580,CC(=O)C1(O)CCC2C3CC(C)C4=CC(=O)C=CC4(C)C3(F)C(O)CC21C,1
1581,CN1CCN(C2=Nc3cc(F)ccc3Cc3ccccc32)CC1,1
1582,CC(=O)OC(C)C(=O)C1(O)CCC2C3CCC4=CC(=O)C=CC4(C)C3(F)C(O)CC21C,1
1583,C=C1CC2C3CCC4=CC(=O)C=CC4(C)C3(F)C(O)CC2(C)C1(O)C(=O)CO,1
1584,CC12C=CC(=O)C=C1C(F)CC1C2C(O)CC2(C)C1CCC2(O)C(=O)CO,1
1585,CCCCC(=O)OC1(C(=O)CO)CCC2C3CC(F)C4=CC(=O)C=CC4(C)C3C(O)CC21C,1
1586,CNCCSC1=Cc2ccccc2Oc2ccc(F)cc21,1
1587,CC1(C)OC2CC3C4CC(F)C5=CC(=O)CCC5(C)C4C(O)CC3(C)C2(C(=O)CO)O1,1
1588,O=C(CCCN1CCC2(CC1)C(=O)NCN2c1ccc(F)cc1)c1ccc(F)cc1,1
1589,O=C1CN=C(c2ccccc2F)c2cc(Cl)ccc2N1CC1CC1,1
1590,CC(Cc1ccccc1)N(C)Cc1ccco1,1
1591,CN(C)CCC(c1ccccc1)C1CCCCC1,1
1592,Nc1nc2c(ncn2COC(CO)CO)c(=O)[nH]1,1
1593,CCC1(c2ccccc2)CCC(=O)NC1=O,1
1594,N=C(N)NCCCOc1ccccc1,1
1595,O=C1CN=C(c2ccccc2)c2cc(Cl)ccc2N1CC(F)(F)F,1
1596,CC1CC2C3CC(F)C4=CC(=O)C(Cl)=CC4(C)C3(F)C(O)CC2(C)C1(O)C(=O)CO,1
1597,CCC1(C2=CCCCCC2)C(=O)NC(=O)NC1=O,1
1598,CN1CCC(OC2c3ccccc3CCc3ccccc32)CC1,1
1599,CN1CCCN(C(c2ccccc2)c2ccc(Cl)cc2)CC1,1
1600,OCCN1CCCN(CCCN2c3ccccc3Sc3ccc(C(F)(F)F)cc32)CC1,1
1601,COc1ccc2c3c1OC1C(=O)CCC4C(C2)N(C)CCC314,1
1602,CC(=O)OCC(=O)C1(O)CCC2C3CCC4=CC(=O)CCC4(C)C3C(O)CC21C,1
1603,CCCC(=O)OC1(C(=O)COC(=O)CC)CCC2C3CCC4=CC(=O)CCC4(C)C3C(O)CC21C,1
1604,CCCC(=O)OC1(C(=O)CO)CCC2C3CCC4=CC(=O)CCC4(C)C3C(O)CC21C,1
1605,CN1CCC23c4c5ccc(O)c4OC2C(=O)CCC3C1C5,1
1606,CCOC(=O)C1(c2cccc(O)c2)CCN(C)CC1,1
1607,CCC(O)(COC(N)=O)c1ccccc1,1
1608,CCCC(=O)OC1(C(=O)COC(C)=O)C(C)CC2C3CCC4=CC(=O)C=CC4(C)C3(Cl)C(O)CC21C,1
1609,CCC1(c2ccccc2)NCC(=O)NC1=O,1
1610,c1ccc2c(CCC3CCNCC3)c[nH]c2c1,1
1611,CN(C)CC#CC=C1c2ccccc2C=Cc2ccccc21,1
1612,CN(C)CCCn1c2c(c3ccccc31)CCCCCC2,1
1613,CC(C)NNC(=O)c1ccncc1,1
1614,CCC(=O)C(c1ccccc1)(c1ccccc1)C(C)CN(C)C,1
1615,C=C1CC2C3C=CC4=CC(=O)CCC4(C)C3C(O)CC2(C)C1(O)C(=O)CO,1
1616,CCN(CC)C(C)CN1c2ccccc2Sc2ccccc21,1
1617,CN(C)CCCN1c2ccccc2CC(=O)c2ccccc21,1
1618,O=C1CCC2C3Cc4cccc(O)c4C2(CCN3CC2CC2)C1,1
1619,COc1ccc2c(c1)N(CC(C)CN(C)C)c1ccccc1S2,1
1620,CNCC(O)CC12CCC(c3ccccc31)c1ccccc12,1
1621,CCOC1CCN(C(=O)c2cc(-c3ccccc3)c(=O)n3c2-c2cc(Cl)ccc2CC3)C1,1
1622,c1ccc2cc(COC3CCNCC3)ccc2c1,1
1623,CN1C(CC(=O)c2ccccc2)CCCC1CC(O)c1ccccc1,1
1624,OC1CCN(c2ccc(-c3ccccc3Cl)nn2)CC1,1
1625,Clc1ccc(N2CCN(CC=Cc3ccccc3)CC2)nn1,1
1626,ClC(=Cn1cncn1)c1ccc(Cl)cc1Cl,1
1627,CN1CC2Cc3ccc(Cl)cc3C(c3ccccc3)C2C1,1
1628,CN1CCC2=C(CC1)c1ccccc1Oc1ccccc12,1
1629,CC(C)Oc1ccccc1N1CCN(Cc2cccc(C(=O)N3CCCCC3)c2)CC1,1
1630,CN(C)CC(Oc1ccccc1)Oc1ccccc1,1
1631,COc1ccc(CCN2CCN(c3ccccc3Cl)CC2)cc1OC,1
1632,CN1C(=O)CN=C(C2=CCCCC2)c2cc([N+](=O)[O-])ccc21,1
1633,CCC1(c2ccccc2)NC(=O)N(C)C1=O,1
1634,CCC1(c2ccccc2)C(=O)NC(=O)N(C)C1=O,1
1635,Cc1cc(CCN2CCN(c3cccc(Cl)c3)CC2)n[nH]1,1
1636,CC1CC2C3CCC4=CC(=O)C=CC4(C)C3C(=O)CC2(C)C1(O)C(=O)CO,1
1637,COCC1CN=C(c2ccccc2Cl)c2cc(Br)ccc2N1C,1
1638,CC(C(=O)c1ccccc1)N(C)C,1
1639,CNC1Cc2ccccc2N(C)c2ccccc21,1
1640,Cc1cc(C)cc(OCC2CNC(=O)O2)c1,1
1641,CC1C2Cc3ccc(O)cc3C1(C)CCN2C,1
1642,CCC1(c2ccccc2)C(=O)NC(=O)N1C,1
1643,Cc1ccccc1-n1c(C)nc2ccccc2c1=O,1
1644,CC1(C)NC(=O)C(C=Cc2ccccc2)O1,1
1645,CSc1ccc2c(c1)N(CC(C)CN(C)C)c1ccccc1S2,1
1646,COc1ccc2c(c1)N(CCCN(C)C)c1ccccc1S2,1
1647,CN1C(=O)CC(C)(c2ccccc2)C1=O,1
1648,CC1CC2C(C(O)CC3(C)C2CCC3(O)C(=O)CO)C2(C)C=CC(=O)C=C12,1
1649,CCC(=O)OC1(C(=O)COC(C)=O)CCC2C3CC(C)C4=CC(=O)C=CC4(C)C3C(O)CC21C,1
1650,CC(=O)OCC(=O)C1(O)CCC2C3CC(C)C4=CC(=O)C=CC4(C)C3C(O)CC21C,1
1651,CCC1(CC)C(=O)NCC(C)C1=O,1
1652,CSc1ccc2c(c1)C(N1CCN(C)CC1)Cc1ccccc1S2,1
1653,COC(=O)c1cncn1C(C)c1ccccc1,1
1654,Cc1cccc(C)c1OCC(C)N,1
1655,CNCCCN1Cc2ccccc2Cc2ccccc21,1
1656,O=C(c1ccc(F)cc1)C1CCN(CCCn2c(=O)[nH]c3cc(Cl)ccc32)CC1,1
1657,COc1cc2[nH]c(C)c(CCN3CCN(c4ccccc4OC)CC3)c2cc1OC,1
1658,CCN(CC)C(=O)C1(c2ccccc2)CC1CN,1
1659,COc1ccc2c(C3CCN(CCCC(=O)c4ccc(F)cc4)CC3)c(C)[nH]c2c1,1
1660,O=C(c1ccco1)N(c1cnccn1)C1CCN(CCc2ccccc2)CC1,1
1661,Cc1nccnc1N1CCCCC1,1
1662,NCC(=CF)CCc1ccc(F)cc1,1
1663,CCc1c(C)[nH]c2c1C(=O)C(CN1CCOCC1)CC2,1
1664,CN(C)CCC1(c2ccccc2)CCc2ccccc2C1=O,1
1665,C=CCN1CCC23c4c5ccc(O)c4OC2C(=O)CCC3(O)C1C5,1
1666,c1ccc(C2CCN(CC3CCCc4c3ccc3c4OCO3)C2)cc1,1
1667,CC1CN(C)CC2Cc3c(ccc4ccccc34)OC12O,1
1668,C=CCC1(CC(C)(C)C)C(=O)NC(=O)NC1=O,1
1669,NCC1CC(=O)N(Cc2ccccc2)C1,1
1670,CN1CCOC(c2ccccc2)c2ccccc2C1,1
1671,CNc1cc(OC)c(C(=O)NC2CCN(Cc3ccccc3)C2C)cc1Cl,1
1672,COc1cc2c(cc1OC)C(c1ccc(N)cc1)=NN=C(C)C2,1
1673,COc1ccc2c3c1OC1C(OC(=O)c4cccnc4)CCC4C(C2)N(C)CCC341,1
1674,O=C1CN=C(c2ccccc2)c2cc([N+](=O)[O-])ccc2N1,1
1675,O=C(CCCN1CC2CCC(CC2)C1)c1ccc(F)cc1,1
1676,COc1ccc2c3c1OC1C(O)C=CC4C(C2)NCCC341,1
1677,CCC(=O)C(CCN(C)C)(c1ccccc1)c1ccccc1,1
1678,COCC(=O)N(c1ccccc1F)C1CCN(CCc2ccccc2)CC1,1
1679,CN1CCc2cc(Cl)c(O)cc2C(c2cccc3c2OCC3)C1,1
1680,OCCN1CCN(CCCN2c3ccccc3C=Cc3ccccc32)CC1,1
1681,FC(F)(F)c1ccc2c(c1)N(CCCN1CCN(CCC3OCCCO3)CC1)c1ccccc1S2,1
1682,CCCC1OC1(CC)C(N)=O,1
1683,CC1CN2CC(=O)Nc3ccc(Cl)cc3C2(c2ccccc2)O1,1
1684,Oc1ccc2c(c1)C13CCCCC1(O)C(C2)N(CC1CC1)CC3,1
1685,CC(CN(C)C)CN1c2ccccc2S(=O)(=O)c2ccccc21,1
1686,COc1cc2[nH]c(C)c(CCN3CCN(c4ccccc4)CC3)c2cc1OC,1
1687,COc1ccc2c(c1)N(CCC1CCCCN1C)c1ccccc1S2,1
1688,CCC1(C)OC(=O)N(C)C1=O,1
1689,CC1CC2C3CC(F)C4=CC(=O)C=CC4(C)C3C(O)CC2(C)C1(O)C(=O)CO,1
1690,CCC(=O)Nc1ccc(O)cc1,1
1691,NC(=O)CN1C(=O)COc2ccccc21,1
1692,CN1CCCC(CN2c3ccccc3Sc3ccccc32)C1,1
1693,Nc1nc2c(ncn2CCC(CO)CO)c(=O)[nH]1,1
1694,CC(C)CCNCC1COc2ccccc2O1,1
1695,N#Cc1ccc2c(c1)N(CCCN1CCC(O)CC1)c1ccccc1S2,1
1696,COc1ccc2c(c1)N(CC(C)CN1CCC(O)CC1)c1ccccc1S2,1
1697,OC(CN1CCCCC1)c1cc(-c2ccccc2)on1,1
1698,CN1CCN(C2=Nc3ccccc3Cc3ccccc32)CC1,1
1699,CC(=O)OC(c1ccccc1)C1CCCCN1,1
1700,CC(C)(O)C(C)(O)c1ccc(Cl)cc1,1
1701,CC1C(c2ccccc2)OCCN1C,1
1702,CC(Cc1ccccc1)NN,1
1703,Oc1ccc2c(c1)C13CCCCC1C(C2)N(CCc1ccccc1)CC3,1
1704,NC(=O)OCCCc1ccccc1,1
1705,CN1CCC(=C2c3ccccc3Sc3ccccc32)CC1,1
1706,CCOC(=O)C1(c2ccccc2)CCN(CCCNc2ccccc2)CC1,1
1707,C#CCN1C(=O)CN=C(c2ccccc2)c2cc(Cl)ccc21,1
1708,OCCN1CCN(CCC=C2c3ccccc3COc3ccc(Cl)cc32)CC1,1
1709,CN(C)S(=O)(=O)c1ccc2c(c1)N(CCCN1CCC(CCO)CC1)c1ccccc1S2,1
1710,OC(c1ccccc1)(c1ccccc1)C1CCCCN1,1
1711,c1cnc(N2CCN(Cc3ccc4c(c3)OCO4)CC2)nc1,1
1712,CN1CCC(=C2c3ccccc3CCc3sccc32)CC1,1
1713,O=C1CN=C(c2ccccc2)c2cc(Cl)ccc2N1CC1CC1,1
1714,CN(C)CCCN1Cc2ccccc2Cc2ccccc21,1
1715,CC(=O)OCC(=O)C1(O)CCC2C3CCC4=CC(=O)C=CC4(C)C3C(O)CC21C,1
1716,CC12C=CC(=O)C=C1CCC1C2C(O)CC2(C)C1CCC2(O)C(=O)COC(=O)CCC(=O)O,1
1717,CCCCC(=O)OC1(C(=O)CO)CCC2C3CCC4=CC(=O)C=CC4(C)C3C(O)CC21C,1
1718,CC(=O)C1CCC2C3CCC4CC(O)CCC4(C)C3CCC12C,1
1719,Cc1c2c(cn1C)NC(=O)CN=C2c1ccccc1,1
1720,COc1ccc(C#N)cc1C(=O)NCCN1CCC(C(=O)c2ccc(F)cc2)CC1,1
1721,CCC(=O)OCC(=O)C12OC(C)(C)OC1CC1C3CC(F)C4=CC(=O)C=CC4(C)C3(F)C(O)CC12C,1
1722,CCCNC(=O)N1CC(c2ccccc2)OC1=O,1
1723,CC(CN1c2ccccc2Sc2ccccc21)N(C)C,1
1724,CCC(=O)c1ccc2c(c1)N(CC(C)N(C)C)c1ccccc1S2,1
1725,CCCOC(=O)c1cncn1C(C)c1ccccc1,1
1726,CCCN1CCCC1CNC(=O)c1cc(S(N)(=O)=O)ccc1OC,1
1727,CN(C)CCCN1c2ccccc2Sc2cccnc21,1
1728,CNCCCC1c2ccccc2C=Cc2ccccc21,1
1729,CCC1(CC)C(=O)C=CNC1=O,1
1730,CCCC(C(=O)c1ccc(C)cc1)N1CCCC1,1
1731,Fc1ccccc1C1=NCC(=S)N(CC(F)(F)F)c2ccc(Cl)cc21,1
1732,c1ccc2c(c1)CCc1ccccc1N2C1CN2CCC1CC2,1
1733,Cc1cccc(Cl)c1NC(=O)C=C1SCC(=O)N1C,1
1734,Cc1n[nH]c2c1N(c1ccccc1)C(=O)CC(=O)N2C,1
1735,CCOc1ccccc1OC(c1ccccc1)C1CNCCO1,1
1736,CCN1CCCC1CNC(=O)c1c(OC)ccc(Br)c1OC,1
1737,O=C1c2ccccc2S(=O)(=O)N1CCCN1CCN(c2ncccn2)CC1,1
1738,CN1CCN(C2=Cc3cc(Cl)ccc3C(=CC#N)c3ccccc32)CC1,1
1739,COC(F)(F)C(F)Br,1
1740,COc1cc(C(=O)C=CN2CC=CC2)cc(OC)c1OC,1
1741,O=C1CCC2CCC(=O)N12,1
1742,Cc1cccc(C=NN2CCN(C(c3ccccc3)c3ccccc3)CC2)n1,1
1743,NC(=O)c1cn(Cc2c(F)cccc2F)nn1,1
1744,NCCC(Oc1ccc(C(F)(F)F)cc1)c1ccccc1,1
1745,CNC1CCC(c2ccc(Cl)c(Cl)c2)c2ccccc21,1
1746,Cc1nc2n(c(=O)c1CCN1CCC(C(=O)c3ccc(F)cc3)CC1)CCS2,1
1747,CN1CCN(c2ncc(-c3cc(Cl)cc(Cl)c3Cl)c(N)n2)CC1,1
1748,Clc1ccc(C2C3CCC(C3)C23CCC(N2CCOCC2)=N3)cc1,1
1749,O=C1NCN(c2ccccc2)C12CCN(CC1COc3ccccc3O1)CC2,1
1750,CN1C(=S)CN=C(c2ccccc2)c2cc(Cl)ccc21,1
1751,CCC(C)(S(=O)(=O)CC)S(=O)(=O)CC,1
1752,O=C1NCCCC1N1C(=O)c2ccccc2S1(=O)=O,1
1753,c1ccc2c(c1)CCc1cccc3c1C2CN1CCCCC31,1
1754,C=CCC1(C(C)CC)C(=O)NC(=O)NC1=O,1
1755,CN1C(=O)C(O)N=C(c2ccccc2)c2cc(Cl)ccc21,1
1756,CN1CCN(C2=Nc3cscc3C(=CC#N)c3cscc32)CC1,1
1757,c1csc(Cc2ccccc2OCC2CNCCO2)c1,1
1758,CN1C(=O)CN=C(C2=CCCCC2)c2cc(Cl)ccc21,1
1759,CCCC(CC)C1(CC)C(=O)NC(=S)NC1=O,1
1760,CCN(CC)CCNC(=O)c1cc(S(C)(=O)=O)ccc1OC,1
1761,CCC(=O)OC1(C(=O)SC)C(C)CC2C3CC(F)C4=CC(=O)C=CC4(C)C3(F)C(O)CC21C,1
1762,CN(C)CCCN1c2ccccc2C=Cc2sccc21,1
1763,CCN1CCc2[nH]c3cc(F)c4scc(C)c4c3c2C1,1
1764,CCNC1(c2cccs2)CCCCC1=O,1
1765,CSC(=O)C1(O)C(C)CC2C3CCC4=CC(=O)C=CC4(C)C3(F)C(O)CC21C,1
1766,CCCC1(C)COB(c2ccc(C)cc2)OC1,1
1767,Cc1cccc(N2CC(CO)OC2=O)c1,1
1768,CNCCC(Oc1ccccc1C)c1ccccc1,1
1769,Cc1ccccc1N1CCN(CCCOc2ccccn2)CC1,1
1770,COc1cc2c(cc1OC)C(c1ccccc1)CN(C)CC2,1
1771,CC1(C)OC2CC3C4CCC5=CC(=O)C=CC5(C)C4(F)C(O)CC3(C)C2(C(=O)CO)O1,1
1772,CC(=O)OCC(=O)C1(O)C(OC(C)=O)CC2C3CCC4=CC(=O)C=CC4(C)C3(F)C(O)CC21C,1
1773,CC(C)(C)CC(=O)OCC(=O)C12OC(C)(C)OC1CC1C3CC4=CC(=O)C=CC4(C)C3(F)C(O)CC12C,1
1774,O=C(Nc1ccc(O)cc1)C(Cl)(Cl)Cl,1
1775,CN1C(=O)CC(=O)N(c2ccccc2)c2cc(C(F)(F)F)ccc21,1
1776,CC(CN(C)C)CN1c2ccccc2Sc2ccc(C(F)(F)F)cc21,1
1777,O=C(CCCN1CCC(O)(c2cccc(C(F)(F)F)c2)CC1)c1ccc(F)cc1,1
1778,CN1C(=O)OC(C)(C)C1=O,1
1779,COc1cc(Cc2cnc(N)nc2N)cc(OC)c1OC,1
1780,COc1cccc(C(=O)NC2CC3CCC(C2)N3Cc2ccccc2)c1OC,1
1781,CN1c2ccc(Cl)cc2C(c2ccccc2Cl)=NCC1CO,1
1782,CCCCNC(=O)OCC(C)(CCC)COC(N)=O,1
1783,CC1CC2C3CC(F)C4=CC(=O)C=CC4(C)C3(F)C(O)CC2(C)C1(O)C(=O)CCl,1
1784,C=CCC(CC)(CC)C(N)=O,1
1785,CCC(C)C(CC)C(N)=O,1
1786,COC1OC2OC3(CN4CCCCC4)C(O)CC(C2C)C13,1
1787,CCCC(CCC)C(N)=O,1
1788,CCC=C(C)C1(CC)C(=O)NC(=O)NC1=O,1
1789,C=CC1(C(C)CCC)C(=O)NC(=O)NC1=O,1
1790,CCCCCCOc1nsnc1C1=CCCN(C)C1,1
1791,CCN(C(C)=O)c1cccc(-c2ccnc3c(C#N)cnn23)c1,1
1792,CN(C)CC=C(c1ccc(Br)cc1)c1cccnc1,1
1793,Cc1nn(C)c2c1N(c1ccccc1)C(=O)CC(=O)N2C,1
1794,Cc1nn(C)c2c1C(c1cccc(Cl)c1)=NCCN2,1
1795,CC(C)(C)C(=O)OCOC(=O)C1N2C(=O)C(N=CN3CCCCCC3)C2SC1(C)C,0
1796,CN(C)C1C(O)=C(C(N)=O)C(=O)C2(O)C(O)=C3C(=O)c4c(ccc(N)c4O)CC3CC12,0
1797,CC1(C)SC2C(NC(=O)C(N)c3ccc(O)cc3)C(=O)N2C1C(=O)O,0
1798,CC1(C)SC2C(NC(=O)C(N)c3ccccc3)C(=O)N2C1C(=O)O,0
1799,CC(=O)C1(N)Cc2c(O)c3c(c(O)c2C(OC2CC(O)C(O)CO2)C1)C(=O)c1ccccc1C3=O,0
1800,NCCC(O)CNC1CC(N)C(OC2OC(CN)C(O)C(O)C2O)C(O)C1OC1OC(CO)C(O)C(N)C1O,0
1801,CC1=C(C(=O)OCC(=O)OC(C)(C)C)N2C(=O)C(NC(=O)C(N)c3ccccc3)C2SC1,0
1802,CC(=O)OCC1=C(C(=O)O)N2C(=O)C(NC(=O)Cc3ccccc3)C2SC1,0
1803,Cc1nnc(SCC2=C(C(=O)O)N3C(=O)C(NC(=O)Cn4cnnn4)C3SC2)s1,0
1804,CCC=C(C(=O)NC1C(=O)N2C(C(=O)O)=C(COC(N)=O)CSC12)c1csc(N)n1,0
1805,CC1=C(C(=O)O)N2C(=O)C(NC(=O)C(N)c3ccc(O)c(Cl)c3)C2SC1,0
1806,CC(=O)OCC1=C(C(=O)O)N2C(=O)C(NC(=O)c3c(-c4ccccc4Cl)noc3C)C2SC1,0
1807,COC1(NC(=O)Cc2cccs2)C(=O)N2C(C(=O)O)=C(COC(N)=O)CSC21,0
1808,CC(=O)C1=C(O)C(N)C2Cc3c(c(O)c4c(O)c(C)ccc4c3C)C(=O)C2(O)C1=O,0
1809,CN(C)C1C(O)=C(C(N)=O)C(=O)C2(O)C(O)=C3C(=O)c4c(O)ccc(Cl)c4C(C)(O)C3CC12,0
1810,COC(C(=O)NC1C(=O)N2C1SC(C)(C)C2C(=O)O)c1ccc(Cl)c(Cl)c1,0
1811,CN(C)C1C(O)=C(C(N)=O)C(=O)C2(O)C(O)=C3C(=O)c4c(O)ccc(Cl)c4C(O)C3CC12,0
1812,Cc1onc(-c2c(Cl)cccc2Cl)c1C(=O)NC1C(=O)N2C1SC(C)(C)C2C(=O)O,0
1813,CC1(C)SC2C(NC(=O)C(N)C3=CCC=CC3)C(=O)N2C1C(=O)O,0
1814,COc1cccc2c1C(=O)c1c(O)c3c(c(O)c1C2=O)CC(O)(C(=O)CO)CC3OC1CC(N)CC(C)O1,0
1815,CCNCC(O)c1cccc(O)c1,0
1816,CC(C)c1ccccc1OCC1=NCCN1,0
1817,Cc1onc(-c2c(F)cccc2Cl)c1C(=O)NC1C(=O)N2C1SC(C)(C)C2C(=O)O,0
1818,CCC1OC(=O)C(C)C(OC2CC(C)(OC)C(O)C(C)O2)C(C)C(OC2OC(C)CC(N(C)C)C2O)C(C)(O)CC(C)(F)C(=O)C(C)C(O)C1(C)O,0
1819,CCC1NC(=O)C2CCCN2C(=O)C(Cc2ccccc2)NC(=O)C(CC(C)C)NC(=O)C(CCCN)NC(=O)C(C(C)C)NC(=O)C2CCCN2C(=O)C(Cc2ccccc2)NC(=O)C(CC(C)C)NC(=O)C(CCCN)NC1=O,0
1820,CC(N)Cc1ccc(O)cc1,0
1821,CC(C)(Oc1ccccc1)C(=O)NC1C(=O)N2C1SC(C)(C)C2C(=O)O,0
1822,COC1C(OC(C)=O)CC(=O)OC(C)CC=CC=CC(O)C(C)CC(CC=O)C1OC1OC(C)C(OC2CC(C)(O)C(OC(=O)CC(C)C)C(C)O2)C(N(C)C)C1O,0
1823,NCC1OC(OC2C(N)CC(N)C(OC3OC(CO)C(O)C(N)C3O)C2O)C(O)C(O)C1O,0
1824,C=C1c2cccc(O)c2C(=O)C2=C(O)C3(O)C(=O)C(C(N)=O)=C(O)C(N(C)C)C3C(O)C12,0
1825,CNC(C)C(=O)c1ccc(OC)cc1,0
1826,CCOc1ccc2ccccc2c1C(=O)NC1C(=O)N2C1SC(C)(C)C2C(=O)O,0
1827,CCOC(=O)C1=C(C)NC(C)=C(C(=O)OC)C1c1cccc([N+](=O)[O-])c1,0
1828,CCn1cc(C(=O)O)c(=O)c2cc(F)c(N3CCNCC3)cc21,0
1829,Cc1onc(-c2ccccc2)c1C(=O)NC1C(=O)N2C1SC(C)(C)C2C(=O)O,0
1830,CC1(C)SC2C(N3C(=O)C(c4ccc(O)cc4)NC3(C)C)C(=O)N2C1C(=O)O,0
1831,CC(Oc1ccccc1)C(=O)NC1C(=O)N2C1SC(C)(C)C2C(=O)O,0
1832,CC1NC(=O)C(NC(=O)c2ncccc2O)C(C)OC(=O)C(c2ccccc2)NC(=O)C2CC(=O)CCN2C(=O)C(Cc2ccc(N(C)C)cc2)N(C)C(=O)C2CCCN2C1=O,0
1833,CCCNCC(O)COc1ccccc1C(=O)CCc1ccccc1,0
1834,CCC(Oc1ccccc1)C(=O)NC1C(=O)N2C1SC(C)(C)C2C(=O)O,0
1835,COC1CCCC2C1=C(C=O)N1C(=O)C(C(C)O)C21,0
1836,COC1(NC(=O)C(C(=O)O)c2ccsc2)C(=O)N2C(C(=O)O)C(C)(C)SC21,0
1837,CN(C)C1C(O)=C(C(N)=O)C(=O)C2(O)C(O)=C3C(=O)c4c(O)cccc4C(C)(O)C3CC12,0
1838,Cc1onc(-c2ccccc2Cl)c1C(=O)N[C@@H]1C(=O)N2[C@@H]1SC(C)(C)[C@@H]2C(=O)O,1
1839,CCN1CCN(C(=O)N[C@@H](C(=O)N[C@@H]2C(=O)N3C(C(=O)O)=C(CSc4nnnn4C)CS[C@H]23)c2ccc(O)cc2)C(=O)C1=O,1
1840,CN(C)[C@@H]1C(=O)/C(=C(/O)NCN2CCCC2)C(=O)[C@@]2(O)C(=O)C3=C(O)c4c(O)cccc4[C@@](C)(O)[C@H]3C[C@@H]12,1
1841,NC(N)=NC(=O)c1nc(Cl)c(N)nc1N,1
1842,CN1Cc2c(-c3noc(C(C)(O)CO)n3)ncn2-c2cccc(Cl)c2C1=O,0
1843,CN1C2CCC1CC(OC(=O)[C@H](CO)c1ccccc1)C2,1
1844,C[C@H](N)Cc1ccccc1,1
1845,CC(C)(C)NCC(O)COc1cccc2c1C[C@H](O)[C@H](O)C2,1
1846,CCNC(=NC#N)NCCSCc1ncccc1Br,0
1847,CN1CCN(C2=c3ccccc3=Nc3ccc(Cl)cc3N2)CC1,1
1848,CCN1CCN(C(=O)N[C@@H](C(=O)N[C@@H]2C(=O)N3[C@@H]2SC(C)(C)[C@@H]3C(=O)O)c2ccccc2)C(=O)C1=O,1
1849,CN(C)c1cc(-c2nc(N)n[nH]2)ccn1,0
1850,CN1[C@@H]2CCC[C@H]1CC(NC(=O)c1nn(C)c3ccccc13)C2,1
1851,CS(=O)(=O)c1ccc([C@@H](O)[C@@H](CO)NC(=O)C(Cl)Cl)cc1,1
1852,CCC(=O)O[C@](Cc1ccccc1)(c1ccccc1)[C@H](C)CN(C)C,1
1853,CN(C)CCc1ccccn1,1
1854,C=C[C@H]1CN2CC[C@H]1C[C@@H]2[C@@H](O)c1ccnc2ccc(OC)cc12,1
1855,CC[C@]1(O)C[C@H]2CN(CCc3c([nH]c4ccccc34)[C@@](C(=O)OC)(c3cc4c(cc3OC)N(C)[C@H]3[C@@](O)(C(=O)OC)[C@H](OC(C)=O)[C@]5(CC)C=CCN6CC[C@]43[C@@H]65)C2)C1,1
1856,CNC(=NC#N)Nc1cccc(-c2csc(N=C(N)N)n2)c1,0
1857,CN[C@H]1CC[C@@H](c2ccc(Cl)c(Cl)c2)c2ccccc21.[H+],1
1858,CN1Cc2c(-c3noc(C(C)(C)O)n3)ncn2-c2cccc(Cl)c2C1=O,0
1859,CO/N=C(\C(=O)N[C@H]1C(=O)N2C(C(=O)O)=C(COC(C)=O)CS[C@@H]12)c1csc(N)n1,1
1860,CN(C)Cc1ccc(CSCCNC2N=CC=C2[N+](=O)[O-])o1,0
1861,CO/N=C(\C(=O)N[C@@H]1C(=O)N2C(C(=O)O)=C(COC(N)=O)CS[C@H]12)c1ccco1,1
1862,CCCSc1ccc2[nH]c(NC(=O)OC)nc2c1,1
1863,FC(F)(F)CCl,1
1864,CO[C@@]1(NC(=O)Cc2cccs2)C(=O)N2C(C(=O)O)=C(COC(N)=O)CS[C@@H]21,1
1865,O=c1ncnc2[nH][nH]cc1-2,0
1866,CCCCC[C@H](O)/C=C/[C@H]1[C@H](O)CC(=O)[C@@H]1CCCCCCC(=O)O,0
1867,Cn1c(=O)c2[nH]cnc2n(C)c1=O.NCCN,0
1868,CC1(C)S[C@@H]2[C@H](NC(=O)[C@H](N)c3ccc(O)cc3)C(=O)N2[C@H]1C(=O)O,0
1869,CC1(C)S[C@@H]2[C@H](NC(=O)[C@H](N)c3ccccc3)C(=O)N2[C@H]1C(=O)O,0
1870,C[C@]12CCC(=O)C=C1CC[C@@H]1[C@@H]2CC[C@@]2(C)[C@H]1CC[C@]2(C)O,0
1871,FC(F)(F)c1ccc2c(c1)N(CCCN1CCN(CCC3OCCCO3)CC1)c1ccccc1S2.O=C(O)CCC(=O)O,1
1872,CN1CC[C@]23c4c5ccc(O)c4O[C@H]2C(=O)CC[C@@]3(O)[C@H]1C5,1
1873,CC(C)=CCN1CC[C@@]2(C)c3cc(O)ccc3C[C@@H]1[C@H]2C,1
1874,CCc1cc(C(N)=S)ccn1,1
1875,COc1cc([C@@H]2c3cc4c(cc3[C@@H](O[C@@H]3O[C@@H]5CO[C@@H](C)O[C@H]5[C@H](O)[C@H]3O)C3COC(=O)[C@@H]32)OCO4)cc(OC)c1O,0
1876,NC(N)=Nc1nc(CSCCC(N)=NS(N)(=O)=O)cs1,1
1877,O=C(O)P(=O)(O)O,1
1878,CCOc1ccc2ccccc2c1C(=O)N[C@@H]1C(=O)N2[C@@H]1SC(C)(C)[C@@H]2C(=O)O,0
1879,Cc1c(O)cccc1C(=O)N[C@@H](CSc1ccccc1)[C@H](O)CN1C[C@H]2CCCC[C@H]2C[C@H]1C(=O)NC(C)(C)C,0
1880,CN(C)[C@@H]1C(=O)/C(=C(\N)O)C(=O)[C@@]2(O)C(=O)C3=C(O)c4c(O)ccc(Cl)c4[C@@](C)(O)[C@H]3C[C@@H]12.[H+],0
1881,C[C@H]1C[C@H]2[C@@H]3CCC4=CC(=O)C=C[C@]4(C)[C@@]3(F)[C@@H](O)C[C@]2(C)[C@@]1(O)C(=O)CO,0
1882,CC1(C)S[C@@H]2[C@H](NC(=O)C(C(=O)O)c3ccccc3)C(=O)N2[C@H]1C(=O)O,0
1883,C[C@@](Cc1ccc(O)c(O)c1)(NN)C(=O)O,0
1884,Cc1nnc(SCC2=C(C(=O)O)N3C(=O)[C@@H](NC(=O)Cn4cnnn4)[C@H]3SC2)s1,0
1885,CC(=O)OCC1=C(C(=O)O)N2C(=O)[C@@H](NC(=O)CSc3ccncc3)[C@H]2SC1,0
1886,NCC(O)c1ccc(O)c(O)c1,0
1887,Cc1onc(-c2ccccc2)c1C(=O)N[C@@H]1C(=O)N2[C@@H]1SC(C)(C)[C@@H]2C(=O)O,0
1888,OC[C@H]1O[C@@H](n2cnc3c2NC=NC[C@H]3O)C[C@@H]1O,1
1889,CC1(C)S[C@@H]2[C@H](NC(=O)COc3ccccc3)C(=O)N2[C@H]1C(=O)O,0
1890,NS(=O)(=O)c1cc2c(cc1Cl)NC=NS2(=O)=O,0
1891,CN(C)[C@@H]1C(=O)/C(=C(\N)O)C(=O)[C@@]2(O)C(=O)C3=C(O)c4c(O)ccc(Cl)c4[C@@](C)(O)[C@H]3C[C@@H]12,0
1892,NS(=O)(=O)c1cc(C2(O)NC(=O)c3ccccc32)ccc1Cl,0
1893,CC(C)(Oc1ccc(Cl)cc1)C(=O)O,0
1894,Clc1ccccc1C(c1ccccc1)(c1ccccc1)n1ccnc1,0
1895,C[C@]12C[C@H](O)[C@H]3[C@@H](CCC4=CC(=O)CC[C@@]43C)[C@@H]1CC[C@@H]2C(=O)CO,0
1896,C[C@]12CCC(=O)C=C1CC[C@@H]1[C@@H]2C(=O)C[C@@]2(C)[C@H]1CC[C@]2(O)C(=O)CO,0
1897,OCCC1CCN(CC/C=C2\c3ccc(F)cc3Sc3ccc(C(F)(F)F)cc32)CC1,1
1898,OCCN1CCN(CC/C=C2/c3ccccc3COc3ccc(Cl)cc32)CC1,1
1899,CC(=O)[C@H]1CC[C@H]2[C@@H]3CC[C@@H]4C[C@H](O)CC[C@]4(C)[C@H]3CC[C@]12C,1
1900,OC(CCN1CCCC1)(c1ccccc1)C1CCCCC1,1
1901,CO[C@H](C(=O)[C@@H](O)[C@@H](C)O)[C@@H]1Cc2cc3cc(O[C@H]4C[C@@H](O[C@H]5C[C@@H](O)[C@H](O)[C@@H](C)O5)[C@H](O)[C@@H](C)O4)c(C)c(O)c3c(O)c2C(=O)[C@H]1O[C@H]1C[C@@H](O[C@H]2C[C@@H](O[C@H]3C[C@](C)(O)[C@H](O)[C@@H](C)O3)[C@H](O)[C@@H](C)O2)[C@H](O)[C@@H](C)O1,1
1902,CC[C@H](C)C(=O)O[C@H]1C[C@H](O)C=C2C=C[C@H](C)[C@H](CC[C@@H](O)C[C@@H](O)CC(=O)O)[C@H]21,0
1903,O=C(C1CCCCC1)N1CC(=O)N2CCc3ccccc3C2C1,1
1904,NC(CO)(CO)CO,0
1905,NC1[C@H]2CN(c3nc4c(cc3F)c(=O)c(C(=O)O)cn4-c3ccc(F)cc3F)C[C@@H]12,1
1906,C[C@H](CCC(=O)O)[C@H]1CC[C@H]2[C@@H]3C(=O)C[C@@H]4CC(=O)CC[C@]4(C)[C@H]3CC(=O)[C@]12C,0
1907,O=c1c(Cc2c(O)oc3ccccc3c2=O)c(O)oc2ccccc12,0
1908,CC/C(=C(/CC)c1ccc(O)cc1)c1ccc(O)cc1,0
1909,C[C@H]1O[C@@H](O[C@H]2[C@@H](O)C[C@H](O[C@H]3[C@@H](O)C[C@H](O[C@H]4CC[C@@]5(C)[C@H](CC[C@@H]6[C@@H]5CC[C@]5(C)[C@H](C7=CC(=O)OC7)CC[C@]65O)C4)O[C@@H]3C)O[C@@H]2C)C[C@H](O)[C@@H]1O,0
1910,C[C@H]1O[C@@H](O[C@H]2[C@@H](O)C[C@H](O[C@H]3[C@@H](O)C[C@H](O[C@H]4CC[C@@]5(C)[C@H](CC[C@@H]6[C@@H]5C[C@@H](O)[C@]5(C)[C@@H](C7=CC(=O)OC7)CC[C@]65O)C4)O[C@@H]3C)O[C@@H]2C)C[C@H](O)[C@@H]1O,0
1911,O=c1cc[nH]nc1,1
1912,COC(=O)[C@H]1[C@H]2C[C@@H]3c4[nH]c5cc(OC)ccc5c4CCN3C[C@H]2C[C@@H](OC(=O)/C=C/c2cc(OC)c(OC)c(OC)c2)[C@@H]1OC,1
1913,COC(=O)[C@H]1[C@H]2C[C@@H]3c4[nH]c5cc(OC)ccc5c4CCN3C[C@H]2C[C@@H](OC(=O)c2cc(OC)c(OC)c(OC)c2)[C@@H]1OC,1
1914,O=C1CSC2(CCN(CCCN3c4ccccc4Sc4ccc(Cl)cc43)CC2)N1.[H+],1
1915,O=C1C(=O)c2ccccc2C(O)=C1C1CCC(c2ccc(Cl)cc2)CC1,0
1916,O=C(O)CCCCCCCC(=O)O,0
1917,CC[C@H]1OC(=O)[C@H](C)[C@@H](O[C@H]2C[C@@](C)(OC)[C@@H](O)[C@H](C)O2)C(C)[C@@H](O[C@@H]2O[C@H](C)C[C@H](N(C)C)[C@H]2O)[C@](C)(O)C[C@@H](C)CN(C)[C@H](C)[C@@H](O)[C@]1(C)O,0
1918,CCC(C)C(N)C1=NC(C(=O)N[C@@H](CC(C)C)C(=O)N[C@H](CCC(=O)O)C(=O)N[C@H](C(=O)NCCCC[C@@H]2NC(=O)[C@H](CC(N)=O)NC(=O)[C@@H](CC(=O)O)NC(=O)[C@H](Cc3cnc[nH]3)NC(=O)[C@@H](Cc3ccccc3)NC(=O)[C@H]([C@@H](C)CC)NC(=O)[C@@H](CCCN)NC2=O)[C@@H](C)CC)CS1,0
1919,CC(C[N+](C)(C)C)OC(N)=O,0
1920,CC[N+](C)(C)Cc1ccccc1Br,0
1921,CC(C)C[C@H]1C(=O)N2CCC[C@H]2[C@]2(O)O[C@](NC(=O)[C@@H]3C=C4c5cccc6[nH]c(Br)c(c56)C[C@H]4N(C)C3)(C(C)C)C(=O)N12,0
1922,CO[C@]12CC[C@@]3(C[C@@H]1[C@](C)(O)C(C)(C)C)[C@H]1Cc4ccc(O)c5c4[C@@]3(CCN1CC1CC1)[C@H]2O5,1
1923,COc1cccc2c1C(=O)c1c(O)c3c(c(O)c1C2=O)C[C@@](O)(C(=O)CO)C[C@@H]3O[C@H]1C[C@H](N)[C@H](O)[C@H](C)O1,0
1924,C[C@H]1c2cccc(O)c2C(O)=C2C(=O)[C@]3(O)C(=O)/C(=C(/N)O)C(=O)[C@@H](N(C)C)[C@@H]3[C@@H](O)[C@@H]21,0
1925,CCCCOc1ccc(C(=O)CCN2CCCCC2)cc1,0
1926,Clc1ccc(COC(Cn2ccnc2)c2ccc(Cl)cc2Cl)cc1,0
1927,CC(C)[C@H](NC(=O)[C@H](Cc1ccccc1)NC(=O)CNC(=O)[C@@H](C)NC(=O)[C@@H](N)Cc1ccc(O)cc1)C(N)=O,0
1928,CN[C@@H](C)[C@H](O)c1ccccc1,0
1929,CNC[C@H](O)c1ccc(O)c(O)c1,0
1930,CC[C@H]1OC(=O)[C@H](C)[C@@H](O[C@H]2C[C@@](C)(OC)[C@@H](O)[C@H](C)O2)[C@H](C)[C@@H](O[C@@H]2O[C@H](C)C[C@H](N(C)C)[C@H]2O)[C@](C)(O)C[C@@H](C)C(=O)[C@H](C)[C@@H](O)[C@]1(C)O,0
1931,C[C@]12CC[C@@H]3c4ccc(O)cc4CC[C@H]3[C@@H]1CC[C@@H]2O,0
1932,COC1=CC=C2[C@H]3Cc4ccc(OC)c5c4[C@@]2(CCN3C)[C@H]1O5,1
1933,CN1CCN(CC/C=C2\c3ccccc3Sc3ccc(S(=O)(=O)N(C)C)cc32)CC1,1
1934,N[C@@H]1C[C@H]1c1ccccc1.[H+],1
1935,CS(=O)(=O)OCCCCOS(C)(=O)=O,1
1936,CC1=C(C(=O)O)N2C(=O)[C@@H](NC(=O)[C@H](N)C3=CCC=CC3)[C@H]2SC1,0
1937,COc1cc(N)c(Cl)cc1C(=O)NC1CCN(CCCOc2ccc(F)cc2)CC1OC,1
1938,Nc1nc(Cl)nc2c1ncn2[C@H]1C[C@H](O)[C@@H](CO)O1,1
1939,C[N+]12CCC(CC1)C(OC(=O)C(O)(c1ccccc1)c1ccccc1)C2,0
1940,C[C@]12CC[C@@H]3c4ccc(O)cc4CC[C@H]3[C@@H]1CCC2=O,0
1941,C=C(CC)C(=O)c1ccc(OCC(=O)O)c(Cl)c1Cl,0
1942,C#C[C@]1(O)CC[C@H]2[C@@H]3CCc4cc(O)ccc4[C@H]3CC[C@@]21C,0
1943,CC(Cc1ccc(O)cc1)NCC(O)c1cc(O)cc(O)c1,0
1944,O=c1[nH]c(=O)n([C@H]2C[C@H](O)[C@@H](CO)O2)cc1F,0
1945,Cc1onc(-c2c(F)cccc2Cl)c1C(=O)N[C@@H]1C(=O)N2[C@@H]1SC(C)(C)[C@@H]2C(=O)O,0
1946,O=c1[nH]cc(F)c(=O)[nH]1,0
1947,NS(=O)(=O)c1cc(C(=O)O)c(NCc2ccco2)cc1Cl,0
1948,Nc1nc(=O)c2ncn(COC(CO)CO)c2[nH]1,0
1949,C[N+]1(C)CCC(OC(=O)C(O)(c2ccccc2)C2CCCC2)C1,0
1950,OC(CCN1CCCCC1)(c1ccccc1)C1CCCCC1,1
1951,O=c1ccn(C2OC(CO)C(O)C2O)c(=O)[nH]1,1
1952,CN(C)C/C=C(/c1ccc(Br)cc1)c1cccnc1,1
1953,COc1cc2c(c(OC)c1OC)-c1ccc(OC)c(=O)cc1[C@@H](NC(C)=O)CC2,0
1954,O=C(O)c1cc(=O)c2cc(OCC(O)COc3cccc4oc(C(=O)O)cc(=O)c34)ccc2o1,0
1955,NC1CONC1=O,1
1956,NC(=O)NO,1
1957,CC(C)[N+]1(C)C2CCC1CC(OC(=O)C(CO)c1ccccc1)C2,0
1958,NC(N)=N/N=C/c1c(Cl)cccc1Cl,0
1959,NC(N)=NCCN1CCCCCCC1,0
1960,C[C@]12CCC(=O)C=C1CC[C@@H]1[C@@H]2[C@@H](O)C[C@@]2(C)[C@H]1CC[C@]2(O)C(=O)CO,0
1961,CN1Cc2c(-c3noc([C@](C)(O)CO)n3)ncn2-c2cccc(Cl)c2C1=O,0
1962,C=C1Cc2c(CCN(CCC)CCC)ccc(O)c2N1,1
1963,Cc1nc2n(c(=O)c1CCN1CCC(c3noc4cc(F)ccc34)CC1)CCC[C@H]2O,1
1964,O=C(c1ccccc1)c1ccc2n1CCC2C(=O)O,0
1965,C[C@H](N)[C@H](O)c1cccc(O)c1,0
1966,CC(C)NCC(O)c1ccc(O)c(O)c1,0
1967,O=c1c(O[C@@H]2O[C@H](CO)[C@@H](O)[C@H](O)[C@H]2O)c(-c2ccc(O)c(O)c2)oc2cc(O)cc(O)c12,0
1968,CC(=O)N1CCN(c2ccc(OC[C@H]3CO[C@](Cn4ccnc4)(c4ccc(Cl)cc4Cl)O3)cc2)CC1,0
1969,CC(CCc1ccccc1)NCC(O)c1ccc(O)c(C(N)=O)c1,0
1970,C=C1c2c(Cl)ccc(O)c2C(O)=C2C(=O)C3(O)C(=O)/C(=C(/N)O)C(=O)C(N(C)C)C3C(O)C12,0
1971,CN=C(NC#N)NCCSCc1nc[nH]c1C,0
1972,CC#C[C@]1(O)CC[C@H]2[C@@H]3CCC4=CC(=O)CCC4=C3[C@@H](c3ccc(N(C)C)cc3)C[C@@]21C,0
1973,CN(C)c1ccc(O)c2c1C[C@H]1C[C@H]3[C@H](N(C)C)C(O)=C(C(N)=O)C(=O)[C@@]3(O)C(O)=C1C2=O,1
1974,CC(C)[N+](C)(CCOC(=O)C1c2ccccc2Oc2ccccc21)C(C)C,0
1975,NC(=O)c1cnccn1,1
1976,CN(C)C(=O)Oc1ccc[n+](C)c1,1
1977,C=C[C@H]1CN2CC[C@@H]1C[C@H]2[C@H](O)c1ccnc2ccc(OC)cc12,0
1978,C[N+]1(C)CCCC(OC(=O)C(O)(c2ccccc2)c2ccccc2)C1,0
1979,C#C[C@]1(O)CC[C@H]2[C@@H]3CCc4cc(OC)ccc4[C@H]3CC[C@@]21C,0
1980,CC[N+](C)(CC)CCOC(=O)C1c2ccccc2Oc2ccccc21,0
1981,CN(Cc1cnc2nc(N)nc(N)c2n1)c1ccc(C(=O)N[C@@H](CCC(=O)O)C(=O)O)cc1,0
1982,CN1C(CCl)Nc2cc(Cl)c(S(N)(=O)=O)cc2S1(=O)=O,0
1983,C[C@](N)(Cc1ccc(O)c(O)c1)C(=O)O,0
1984,COc1cccnc1CCCCNc1ncc(Cc2ccc(C)nc2)c(=O)[nH]1.[H+],0
1985,Cc1ccc(Cc2cnc(NCCSCc3ccc(C(C)(C)N)o3)[nH]c2=O)cn1,0
1986,CC(C)c1nc(CN(C)C(=O)N[C@H](C(=O)N[C@@H](Cc2ccccc2)C[C@H](O)[C@H](Cc2ccccc2)NC(=O)OCc2cncs2)C(C)C)cs1,0
1987,CC(C)(C)NC(=O)[C@@H]1C[C@@H]2CCCC[C@@H]2CN1C[C@@H](O)[C@H](Cc1ccccc1)NC(=O)[C@H](CC(N)=O)NC(=O)c1ccc2ccccc2n1,0
1988,CC(=O)Nc1c(I)c(NC(C)=O)c(I)c(C(=O)O)c1I,0
1989,Cc1cn([C@H]2C=C[C@@H](CO)O2)c(=O)[nH]c1=O,1
1990,CN[C@@H]1[C@H](O[C@H]2[C@H](O[C@H]3[C@H](O)[C@@H](O)[C@H](N=C(N)N)[C@@H](O)[C@@H]3N=C(N)N)O[C@@H](C)[C@]2(O)C=O)O[C@@H](CO)[C@H](O)[C@H]1O,0
1991,Cc1noc(NS(=O)(=O)c2ccc(N)cc2)c1C,1
1992,C[C@]12CC[C@H]3[C@@H](CCC4=CC(=O)CC[C@@H]43)[C@@H]1CC[C@@H]2O,0
1993,CCOC(=O)C(c1c(O)oc2ccccc2c1=O)c1c(O)oc2ccccc2c1=O,0
1994,OCc1cccnc1,0
1995,C#C[C@]1(O)CC[C@H]2[C@@H]3CCC4=CC(=O)CC[C@@H]4[C@H]3CC[C@@]21C,0
1996,CC(CCc1ccccc1)NC(C)C(O)c1ccc(O)cc1,0
1997,C[C@]12COC(=O)C[C@@H]1CC[C@@H]1[C@@H]2CC[C@@]2(C)[C@H]1CC[C@]2(C)O,0
1998,Clc1ccc2c(c1)[C@H]1CNC[C@H]1c1ccccc1O2,1
1999,Cc1cccc2c1Oc1ccccc1[C@@]1(O)CCNC[C@H]21,1
2000,C=CC[C@H](N)c1ccccc1-c1noc2ccccc12,1
2001,Cc1cccc2c1Oc1ccccc1[C@@]1(O)CCN(C)C[C@H]21,1
2002,CN1C[C@@H]2c3cc(Cl)ccc3Oc3ccccc3[C@@H]2C1,1
2003,CN/C(=C\[N+](=O)[O-])NCCSCc1ccc(CN(C)C)o1,0
2004,CC/C(=C(\c1ccccc1)c1ccc(OCCN(C)C)cc1)c1ccccc1,1
2005,CC1(C)S[C@@H]2[C@H](NC(=O)[C@H](C(=O)O)c3ccsc3)C(=O)N2[C@H]1C(=O)O,1
2006,C[C@@H]1[C@H](O)[C@@H](C)/C=C\C=C/C=C\C=C/C=C\C=C/C=C\[C@H](O[C@@H]2O[C@H](C)[C@@H](O)[C@H](N)[C@@H]2O)C[C@@H]2O[C@](O)(C[C@@H](O)C[C@@H](O)[C@H](O)CC[C@@H](O)C[C@@H](O)CC(=O)O[C@H]1C)C[C@H](O)[C@H]2C(=O)O,0
2007,Nc1nc(=O)c2c([nH]1)NCC(CNc1ccc(C(=O)N[C@@H](CCC(=O)O)C(=O)O)cc1)N2C=O,1
2008,CN(C)[C@@H]1C(=O)/C(=C(\N)O)C(=O)[C@@]2(O)C(=O)C3=C(O)c4c(O)cccc4[C@@](C)(O)[C@H]3[C@H](O)[C@@H]12,0
2009,CC1(C)S[C@@H]2[C@H](NC(=O)Cc3ccccc3)C(=O)N2[C@H]1C(=O)O,0
2010,Nc1ccc(N=Nc2ccccc2)c(N)n1,0
2011,CN(C)CCC(c1ccccc1)c1ccccn1,0
2012,O=C1OC(c2ccc(O)cc2)(c2ccc(O)cc2)c2ccccc21,0
2013,CC(COc1ccccc1)N(CCCl)Cc1ccccc1,0
2014,CC(C)(C)NCC(O)c1ccc(O)c(CO)n1,0
2015,CN1CC[C@@]2(C)c3cc(OC(=O)Nc4ccccc4)ccc3N(C)[C@@H]12,1
2016,Cc1ccc(Cc2cnc(NCCCCc3ncc(Br)cc3C)[nH]c2=O)cn1,0
2017,C#C[C@]1(O)CC[C@H]2[C@@H]3[C@H](C)CC4=C(CCC(=O)C4)[C@H]3CC[C@@]21C,1
2018,CC(C)(O/N=C(\C(=O)N[C@@H]1C(=O)N2C(C(=O)[O-])=C(C[n+]3ccccc3)CS[C@H]12)c1csc(N)n1)C(=O)O,1
2019,Nc1[nH]c(=O)ncc1F,1
2020,NC(N)=NCC1COC2(CCCCC2)O1,0
2021,O=NN(CCCl)C(=O)NC1CCCCC1,1
2022,O=S(=O)(O)CCS,0
2023,CN(N=O)C(=O)N[C@@H]1[C@@H](O)[C@H](O)[C@@H](CO)O[C@@H]1O,0
2024,COc1cc([C@@H]2c3cc4c(cc3[C@@H](OC3OC5COC(c6cccs6)OC5C(O)C3O)[C@H]3COC(=O)[C@H]23)OCO4)cc(OC)c1O,1
2025,S=P(N1CC1)(N1CC1)N1CC1,1
2026,CN[C@H](CC(C)C)C(=O)NC1C(=O)N[C@@H](CC(N)=O)C(=O)N[C@H]2C(=O)N[C@H]3C(=O)N[C@H](C(=O)N[C@@H](C(=O)O)c4cc(O)cc(O)c4-c4cc3ccc4O)[C@H](O)c3ccc(c(Cl)c3)Oc3cc2cc(c3O[C@@H]2O[C@H](CO)[C@@H](O)[C@H](O)[C@H]2O[C@H]2C[C@](C)(N)[C@H](O)[C@H](C)O2)Oc2ccc(cc2Cl)[C@H]1O,0
2027,CN1C(CSCC(F)(F)F)Nc2cc(Cl)c(S(N)(=O)=O)cc2S1(=O)=O,0
2028,C[C@]12C=CC(=O)C=C1CC[C@@H]1[C@@H]2[C@@H](O)C[C@@]2(C)[C@H]1CC[C@]2(O)C(=O)CO,0
2029,C[C@]12C=CC(=O)C=C1CC[C@@H]1[C@@H]2C(=O)C[C@@]2(C)[C@H]1CC[C@]2(O)C(=O)CO,0
2030,CC1OC(O[C@@H]2C=C3CC[C@@H]4[C@H](CC[C@]5(C)[C@@H](c6ccc(=O)oc6)CC[C@]45O)[C@@]3(C)CC2)C(O)C(O)C1O,0
2031,COc1ccc(C[C@H](N)C(=O)NC2[C@@H](O)[C@H](n3cnc4c(N(C)C)ncnc43)O[C@@H]2CO)cc1,0
2032,NC(=O)c1ncn([C@@H]2O[C@H](CO)[C@@H](O)[C@H]2O)n1,0
2033,CN=C(NC#N)NCCSCc1csc(N=C(N)N)n1,1
2034,Nc1ncnc2c1ncn2C1OC(CO)C(O)C1O,1
2035,CN1Cc2c(-c3noc(C(C)(CO)CO)n3)ncn2-c2cccc(Cl)c2C1=O,0
2036,COC1C=COC2(C)Oc3c(C)c(O)c4c(c3C2=O)C(=O)C(=CNN2CCN(C)CC2)C(=C4O)NC(=O)C(C)=CC=CC(C)C(O)C(C)C(O)C(C)C(OC(C)=O)C1C,0
2037,CN1[C@@H]2CC(OC(=O)[C@H](CO)c3ccccc3)C[C@H]1[C@@H]1O[C@@H]12,0
2038,CC(=O)S[C@@H]1CC2=CC(=O)CC[C@]2(C)[C@H]2CC[C@@]3(C)[C@@H](CC[C@@]34CCC(=O)O4)[C@H]12,0
2039,C[C@]12Cc3cn[nH]c3C[C@@H]1CC[C@@H]1[C@@H]2CC[C@@]2(C)[C@H]1CC[C@]2(C)O,0
2040,O=C(O)C1=C/C(=N\Nc2ccc(S(=O)(=O)Nc3ccccn3)cc2)C=CC1=O,0
2041,CC(C)N1CCN(c2ccc(OC[C@H]3CO[C@](Cn4cncn4)(c4ccc(Cl)cc4Cl)O3)cc2)CC1,0
2042,C[C@]12C=CC(=O)C=C1CC[C@@H]1[C@@H]2CC[C@]2(C)OC(=O)CC[C@@H]12,0
2043,C[C@]12CC[C@H]3[C@@H](CCC4=CC(=O)CC[C@@]43C)[C@@H]1CC[C@@H]2O,0
2044,CN(C)[C@@H]1C(=O)/C(=C(\N)O)C(=O)[C@@]2(O)C(=O)C3=C(O)c4c(O)cccc4[C@@](C)(O)[C@H]3C[C@@H]12,0
2045,CN1c2ccccc2C(c2ccccc2F)=NCC1CNC(=O)c1ccsc1,1
2046,C[C@]12CCC(=O)C=C1CC[C@@H]1[C@@H]2[C@@H](O)C[C@]2(C=O)[C@@H](C(=O)CO)CC[C@@H]12,0
2047,O=C(Cc1ccc(Cl)c(Cl)c1)N1CCCC[C@H]1CN1CCCC1,1
2048,O=C(Cc1ccc(Cl)c(Cl)c1)N1CCc2ccccc2[C@H]1CN1CCCC1,1
2049,O=C(Cc1ccc(C(F)(F)F)cc1)N1CCCC[C@H]1CN1CCCC1,1
2050,O=C(Cc1ccc(Cl)c(Cl)c1)N1CCc2sccc2[C@H]1CN1CCCC1,1
2051,Nc1nc(=S)c2[nH]cnc2[nH]1,0
2052,Cc1ccc(S(=O)(=O)NC(=O)NN2CCCCCC2)cc1,0
2053,C[C@]12C=CC(=O)C=C1CC[C@H]1[C@@H]3C[C@@H](O)[C@](O)(C(=O)CO)[C@@]3(C)C[C@H](O)[C@@]12F,0
2054,Nc1nc(N)c2nc(-c3ccccc3)c(N)nc2n1,0
2055,NS(=O)(=O)c1cc2c(cc1Cl)NC(C(Cl)Cl)NS2(=O)=O,0
2056,CC(C)C1NC(=O)[C@@H](C(C)C)OC(=O)[C@H](C(C)C)NC(=O)[C@H](C)OC(=O)[C@@H](C(C)C)NC(=O)[C@@H](C(C)C)OC(=O)[C@H](C(C)C)NC(=O)[C@H](C)OC(=O)[C@@H](C(C)C)NC(=O)[C@@H](C(C)C)OC(=O)[C@H](C(C)C)NC(=O)[C@H](C)OC1=O,0
2057,CC(=O)CC(c1ccccc1)c1c(O)oc2ccccc2c1=O,0
2058,O=C(Cc1ccc(Cl)c(Cl)c1)N1CCc2[nH]cnc2[C@H]1CN1CCCC1,0
2059,CC1(C)CCN(C(=O)Cc2ccc(Cl)c(Cl)c2)[C@@H](CN2CCCC2)C1,1
2060,CC(C)(C(=O)O)c1ccc(C(=O)CCCN2CCC(OC(c3ccccc3)c3ccccc3)CC2)cc1,0
2061,O=C(O)c1cn(C2CC2)c2cc(N3CCNCC3)c(F)cc2c1=O,0
2062,CCc1c(O)c(=O)ccn1CCO,0
2063,CCc1c(O)c(=O)ccn1CCCCO,0
2064,COC(=O)[C@@H]1[C@H]2C[C@H]3c4[nH]c5ccccc5c4CCN3C[C@@H]2CC[C@@H]1O,0
2065,NC12CC3CC(CC(C3)C1)C2.[H+],1
2066,Cc1c(O)c(=O)ccn1C,1
2067,CCn1ccc(=O)c(O)c1C,1
2068,CCCCn1ccc(=O)c(O)c1C,1
2069,CCCCCn1ccc(=O)c(O)c1C,1
2070,Cc1c(O)c(=O)ccn1CCCO,0
2071,CCc1c(O)c(=O)ccn1CC,1
2072,CN1CCN(c2cc3c(cc2F)c(=O)c(C(=O)O)cn3-c2ccc(F)cc2)CC1,0
2073,CN1CCc2cccc3c2[C@H]1Cc1ccc(O)c(O)c1-3,1
2074,COC(=O)C1=CCCN(C)C1,1
2075,CCN(CC)CCOC(=O)C(O)(c1ccccc1)c1ccccc1.[H+],1
2076,CC(C)(C)NC(=O)[C@@H]1CN(Cc2cccnc2)CCN1C[C@@H](O)C[C@@H](Cc1ccccc1)C(=O)N[C@H]1c2ccccc2C[C@H]1O,1
2077,CN(C(=O)Cc1ccccc1N)[C@@H](CN1CC[C@@H](O)C1)c1ccccc1,0
2078,CC(=O)N1CCN(C(=O)Cc2ccc(Cl)c(Cl)c2)[C@@H](CN2CCCC2)C1,1
2079,O=C(Cc1ccc(Cl)c(Cl)c1)N1CCc2occc2[C@H]1CN1CCCC1,1
2080,COC(=O)N1CCN(C(=O)Cc2ccc(Cl)c(Cl)c2)[C@@H](CN2CCCC2)C1,1
2081,C=C(C)[C@@H]1CCC(C)=CC1c1c(O)cc(CCCCC)cc1O,1
2082,CCOC(=O)N1CCN(C(=O)Cc2ccc(Cl)c(Cl)c2)[C@@H](CN2CCCC2)C1,1
2083,CCCOC(=O)N1CCN(C(=O)Cc2ccc(Cl)c(Cl)c2)[C@@H](CN2CCCC2)C1,1
2084,O=C(Cc1ccc(Cl)c(Cl)c1)N1CCc2occc2[C@H]1CN1CC[C@@H](O)C1,1
2085,CC(=O)N1CCN(C(=O)Cc2ccc(Cl)c(Cl)c2)[C@@H](CN2CC[C@@H](O)C2)C1,0
2086,CC(=O)N1CCN(C(=O)Cc2ccc(C(F)(F)F)cc2)[C@@H](CN2CC[C@@H](O)C2)C1,0
2087,CSc1ccc(CC(=O)N2CCN(C(C)=O)C[C@@H]2CN2CC[C@@H](O)C2)cc1,0
2088,CC(=O)N1CCN(C(=O)Cc2cc(F)cc(F)c2)[C@@H](CN2CC[C@@H](O)C2)C1,0
2089,COc1cccc(CC(=O)N2CCN(C(C)=O)C[C@@H]2CN2CC[C@@H](O)C2)c1,0
2090,CC(=O)N1CCN(C(=O)Cc2ccc([N+](=O)[O-])cc2)[C@@H](CN2CC[C@H](O)C2)C1,0
2091,COc1ccc(CC(=O)N2CCN(C(C)=O)C[C@@H]2CN2CC[C@@H](O)C2)cc1,0
2092,Nn1cnc2cc3ccccc3cc2c1=O,1
2093,CN=C1CN(O)C(c2ccccc2)=c2cc(Cl)ccc2=N1,1
2094,CN(C)CC/C=C1/c2ccccc2Sc2ccc(Cl)cc21,1
2095,O=c1[nH]c2cc(Cl)ccc2o1,1
2096,C[N+](C)(C)CCO,1
2097,CC(=O)N1CCN(C(=O)Cc2cccc([N+](=O)[O-])c2)[C@@H](CN2CC[C@H](O)C2)C1,0
2098,CC(=O)N1CCN(C(=O)Cc2ccccc2)[C@@H](CN2CC[C@@H](O)C2)C1,0
2099,CC(=O)N1CCN(C(=O)Cc2ccc([S@@](C)=O)cc2)[C@@H](CN2CC[C@H](O)C2)C1,0
2100,CC(=O)N1CCN(C(=O)Cc2ccc(S(C)(=O)=O)cc2)[C@@H](CN2CC[C@H](O)C2)C1,0
2101,CC(C)[C@@H](CN1CCCC1)N(C)C(=O)Cc1ccc(Cl)c(Cl)c1,1
2102,CN(C(=O)Cc1ccc(Cl)c(Cl)c1)[C@@H](CN1CCCC1)c1ccccc1,1
2103,Cc1cc(N/C(O)=C2\C(=O)c3ccccc3S(=O)(=O)N2C)no1,0
2104,C=CCN1CC[C@]23CCCC[C@H]2[C@H]1Cc1ccc(O)cc13,1
2105,CCn1cc(C(=O)O)c(=O)c2cc(F)c(N3CCNC(C)C3)c(F)c21,0
2106,OCCN1CCN(CC/C=C2/c3ccccc3Sc3ccc(Cl)cc32)CC1,1
2107,COC(=O)[C@@H]1C2CCC(C[C@@H]1OC(=O)c1ccccc1)N2C,1
2108,CCOC(=O)C1(c2ccccc2)CCN(C)CC1.[H+],1
2109,NCCc1nccs1,1
2110,Cc1cnc(N/C(O)=C2/C(=O)c3ccccc3S(=O)(=O)N2C)s1,0
2111,C=CCN1CC[C@]23c4c5ccc(O)c4O[C@H]2[C@@H](O)C=C[C@H]3[C@H]1C5,1
2112,O=C1CC[C@@]2(O)[C@H]3Cc4ccc(O)c5c4[C@@]2(CCN3CC2CC2)[C@H]1O5,1
2113,CN1/C(=C(/O)Nc2ccccn2)C(=O)c2ccccc2S1(=O)=O,0
2114,Oc1ccc2[nH]cc(CCCCN3CC=C(c4ccccc4)CC3)c2c1,1
2115,COC(=O)[C@H]1[C@H]2C[C@@H]3c4[nH]c5ccccc5c4CCN3C[C@H]2C[C@@H](OC(=O)c2cc(OC)c(OC)c(OC)c2)[C@@H]1OC,1
2116,CN1CCC23c4c5ccc(O)c4OC2C(O)CCC3C1C5,1
2117,CC(CN1CCN(CCOCCO)CC1)CN1c2ccccc2Sc2ccccc21,1
2118,COC(=O)c1ccc(C(=O)OC)cc1,1
2119,CC(C)(C)c1ccc(C(=O)CCCN2CCC(OC(c3ccccc3)c3ccccc3)CC2)cc1,0
2120,CN1CCN(CC(=O)N2c3ccccc3C(=O)Nc3cccnc32)CC1,1
2121,CCCNC(=O)c1ccc2c(c1)N([C@@H](C)CN1CCCC1)c1ccccc1S2,1
2122,CN1CCN(c2c(F)cc3c(=O)c(C(=O)O)cn4c3c2SCC4)CC1,0
2123,CN1CCN(C(=O)Cc2ccc(Cl)c(Cl)c2)[C@@H](CN2CCCC2)C1,1
2124,O=C(Cc1ccc(Cl)c(Cl)c1)N1CCn2ccnc2[C@H]1CN1CCCC1,1
2125,O=C1NC(=O)[C@@]2(CCN(C(=O)Cc3ccc(Cl)c(Cl)c3)[C@@H](CN3CCCC3)C2)N1,0
2126,O=C(Cc1ccc(Cl)c(Cl)c1)N1CCn2ccnc2[C@H]1CN1CC[C@@H](O)C1,0
2127,O=C(Cc1ccc(Cl)c(Cl)c1)N1CCn2ncnc2[C@H]1CN1CCCC1,1
2128,O=C(Cc1ccc(Cl)c(Cl)c1)N1CCN(CCO)C[C@@H]1CN1CC[C@@H](O)C1,0
2129,CN(C)CC/C=C1/c2ccccc2COc2ccccc21.[H+],1
2130,CN(C)CCOC(C)(c1ccccc1)c1ccccn1.O=C(O)CCC(=O)O,1
2131,C/C=C(\CC)C(=O)NC(N)=O,1
2132,C#CC(O)(/C=C/Cl)CC,1
2133,CN1CC[C@@H]2c3cc(Cl)ccc3Oc3ccccc3[C@H]2C1,1
2134,Clc1ccc2c(c1)[C@H]1CCNC[C@@H]1c1ccccc1O2,1
2135,O=C(Cc1ccc(Cl)c(Cl)c1)N1CCc2[nH]cnc2[C@H]1CN1CC[C@@H](O)C1,0
2136,CC[C@H](NC(=O)c1c(O)c(-c2ccccc2)nc2ccccc12)c1ccccc1,1
2137,CC[C@H](NC(=O)c1c(OCCCN(C)C)c(-c2ccccc2)nc2ccccc12)c1ccccc1,1
2138,CC[C@H](NC(=O)c1c(OCC(=O)O)c(-c2ccccc2)nc2ccccc12)c1ccccc1,0
2139,CC[C@H](NC(=O)c1c(OCCCC(=O)O)c(-c2ccccc2)nc2ccccc12)c1ccccc1,0
2140,CC[C@H](NC(=O)c1c(OCCNC(=O)Cc2ccccc2C(=O)O)c(-c2ccccc2)nc2ccccc12)c1ccccc1,0
2141,CC[C@H](NC(=O)c1c(OCCNC(=O)Cc2ccccn2)c(-c2ccccc2)nc2ccccc12)c1ccccc1,0
2142,CC[C@H](NC(=O)c1c(OCCNC(=O)[C@@H]2CCCN2)c(-c2ccccc2)nc2ccccc12)c1ccccc1,0
2143,CC[C@H](NC(=O)c1c(Cn2ccnc2)c(-c2ccccc2)nc2ccccc12)c1ccccc1,0
2144,OCCN1CCN(CC/C=C2/c3ccccc3Sc3ccc(C(F)(F)F)cc32)CC1,1
2145,Cc1[nH]ccc2c1[nH]c1cc(=O)ccc12,1
2146,Cc1nccc2c1[nH]c1ccccc12,1
2147,Cc1cc(C(C)(C)SC(C)(C)CNc2[nH]ccc2[N+](=O)[O-])nc(C)c1C,1
2148,C[N]O.Cc1oc(C(C)(C)N(C(C)(C)N)C(C)(C)N)c(C)c1C,1
2149,CN1/C(=C(\O)Nc2ccccn2)C(=O)c2sccc2S1(=O)=O,0
2150,CN(C(=O)Cc1ccc(Cl)c(Cl)c1)C1CCCC[C@H]1N1CCCC1,1
2151,CC(=O)Oc1ccc2c3c1O[C@H]1[C@@H](OC(C)=O)C=C[C@H]4[C@@H](C2)N(C)CC[C@@]341,1
2152,OCCN1CCCN(CCCN2c3ccccc3Sc3cc(C(F)(F)F)ccc32)CC1.[H+],1
2153,O=C(O)c1cc(=O)c2ccccc2[nH]1,1
2154,Cc1ccc(CC2=CNC(NCCSCc3ccc(CN(C)C)o3)=NC2)cn1,0
2155,CC(C)N1CCC(N(C(=O)Cc2ccccc2)c2ccc(Cl)cc2)CC1,1
2156,CN(C)CCOC(=O)COc1ccc(Cl)cc1,1
2157,COc1cc2c(c(CN[C@@H]3CCCN[C@H]3c3ccccc3)c1)OCC2,1
2158,CCCSc1ccc2nc(NC(=O)OC)[nH]c2c1,1
2159,NCCCNCCSP(=O)(O)O,0
2160,COc1cc(CCN)cc(OC)c1OC,1
2161,CN[C@@H](C)Cc1ccccc1,1
2162,COc1ccccc1OCC(O)COC(N)=O,1
2163,COc1ccc2c(c1)N(C[C@H](C)CN(C)C)c1ccccc1S2,1
2164,NCC[C@H](O)C(=O)N[C@@H]1C[C@H](N)[C@@H](O[C@H]2O[C@H](CN)[C@@H](O)[C@H](O)[C@H]2O)[C@H](O)[C@H]1O[C@H]1O[C@H](CO)[C@@H](O)[C@H](N)[C@H]1O,1
2165,Nc1ccc(C(=O)O)c(O)c1,0
2166,Nc1ccn([C@@H]2O[C@H](CO)[C@@H](O)[C@@H]2O)c(=O)n1,1
2167,CN(C)N/N=C1/N=CN=C1C(N)=O,1
2168,COc1cccc2c1C(=O)c1c(O)c3c(c(O)c1C2=O)C[C@@](O)(C(C)=O)C[C@@H]3O[C@H]1C[C@H](N)[C@H](O)[C@H](C)O1,0
2169,CN(C)[C@@H]1C(=O)/C(=C(\N)O)C(=O)[C@@]2(O)C(=O)C3=C(O)c4c(O)ccc(Cl)c4[C@@H](O)[C@H]3C[C@@H]12,0
2170,C[C@@H](CN1CC(=O)NC(=O)C1)N1CC(=O)NC(=O)C1,0
2171,CN1CC[C@]23c4c5ccc(O)c4O[C@H]2C(O)C=C[C@H]3[C@H]1C5,1
2172,CN1CC=C(c2ccccc2)CC1,1
2173,C=CCN1CC[C@]23c4c5ccc(O)c4O[C@H]2C(=O)CC[C@@]3(O)[C@H]1C5,1
2174,CN1CCC[C@H]1c1cccnc1,1
2175,CN1C[C@H](C(=O)N[C@]2(C)O[C@@]3(O)[C@@H]4CCCN4C(=O)[C@H](Cc4ccccc4)N3C2=O)C[C@@H]2c3cccc4[nH]cc(c34)C[C@H]21,0
2176,O=C1Nc2ccc(Cl)cc2[C@@](C#CC2CC2)(C(F)(F)F)O1,0
2177,CCOC(=O)[C@H](CCc1ccccc1)N[C@@H](C)C(=O)N1CCC[C@H]1C(=O)O,0
2178,CC[C@@H](CO)NCCN[C@@H](CC)CO,0
2179,CC[C@@]1(O)C[C@H](OC2CC(N(C)C)C(OC3CC(O)C(OC4CCC(=O)C(C)O4)C(C)O3)C(C)O2)c2c(cc3c(c2O)C(=O)c2c(O)cccc2C3=O)[C@H]1C(=O)OC,0
2180,CC1(C)S[C@@H]2[C@H](NC(=O)CCC[C@@H](N)C(=O)O)C(=O)N2[C@H]1C(=O)O,0
2181,COc1cccc2c1C(=O)c1c(O)c3c(c(O)c1C2=O)CC(O)(C(=O)CO)CC3O,0
2182,CC1(C)S[C@@H]2[C@H](NC(=O)C34C[C@@H]5C[C@@H](CC(N)(C5)C3)C4)C(=O)N2[C@H]1C(=O)O,0
2183,CC(C)(C)C(=O)OCOC(=O)C1N2C(=O)[C@@H](N=CN3CCCCCC3)[C@H]2SC1(C)C,0
2184,CN(C)[C@@H]1C(=O)/C(=C(\N)O)C(=O)[C@@]2(O)C(=O)C3=C(O)c4c(ccc(N)c4O)C[C@H]3C[C@@H]12,0
2185,CC(=O)[C@]1(N)Cc2c(O)c3c(c(O)c2[C@@H](O[C@H]2C[C@H](O)[C@H](O)CO2)C1)C(=O)c1ccccc1C3=O.[H+],0
2186,CC1(C)S[C@@H]2C(NC(=O)[C@H](NC(=O)c3c[nH]c4cccnc4c3=O)c3ccccc3)C(=O)N2[C@H]1C(=O)O,0
2187,CN(C)[C@@H]1C(=O)/C(=C(/O)NC(C(=O)O)N2CCN(CCO)CC2)C(=O)[C@@]2(O)C(=O)C3=C(O)c4c(O)cccc4[C@@](C)(O)[C@H]3C[C@@H]12,0
2188,CN[C@@H]1[C@@H](O[C@H]2O[C@H](CO)[C@@H](N)[C@H](O)[C@H]2O)O[C@H]2C[C@@H](N)[C@H](O[C@H]3[C@H](O)[C@@H](O)[C@H](N)C[C@@H]3N)O[C@@H]2[C@@H]1O,0
2189,NCC[C@H](O)C(=O)N[C@@H]1C[C@H](N)[C@@H](O[C@H]2O[C@H](CN)CC[C@H]2N)[C@H](O)[C@H]1O[C@H]1O[C@H](CO)[C@@H](O)[C@H](N)[C@H]1O,0
2190,CNC(=O)C[C@@H](N)C(=O)N[C@@H](C(=O)N[C@@H]1C(=O)N2[C@@H]1SC(C)(C)[C@@H]2C(=O)O)c1ccc(O)cc1,0
2191,CO[C@H]1[C@@H](O)[C@H](N)[C@@H](O[C@H]2O[C@H](C(C)N)CC[C@H]2N)[C@H](O)[C@@H]1N(C)C(=O)CN,0
2192,C[C@H]1[C@H](NC(=O)/C(=N\OC(C)(C)C(=O)O)c2csc([NH3+])n2)C(=O)N1S(=O)(=O)[O-],0
2193,CCOC(=O)OC(C)OC(=O)[C@@H]1N2C(=O)[C@@H](N=CN3CCCCCC3)[C@H]2SC1(C)C,0
2194,CC[C@H]1OC(=O)[C@H](C)[C@@H](OC2CC(C)(OC)C(O)C(C)O2)C(C)[C@@H](OC2OC(C)CC(N(C)C)C2O)[C@](C)(O)C[C@@H](C)C(=O)[C@H](C)[C@@H](O)[C@H]1C,0
2195,CC1(C)S[C@@H]2[C@H](NC(=O)C(C(=O)Oc3ccccc3)c3ccccc3)C(=O)N2[C@H]1C(=O)O,0
2196,CC1(C)S[C@@H]2[C@H](NC(=O)C(C(=O)Oc3ccc4c(c3)CCC4)c3ccccc3)C(=O)N2[C@H]1C(=O)O,0
2197,CC(=O)[C@]1(O)Cc2c(O)c3c(c(O)c2C(OC2CC(N)C(O)C(C)O2)C1)C(=O)c1c(O)cccc1C3=O,0
2198,NC(=O)OCC1[C@H](NC(=O)/C(=N\OCC(=O)O)c2csc(N)n2)C(=O)N1S(=O)(=O)O,0
2199,N[C@@H](C(=O)N[C@@H]1C(=O)N2C(C(=O)O)=C(Cl)CS[C@H]12)c1ccccc1,0
2200,CC1=C(C(=O)O)N2C(=O)[C@@H](NC(=O)[C@H](N)c3ccc(O)cc3)[C@H]2SC1,0
2201,CC1=C(C(=O)O)N2C(=O)[C@@H](NC(=O)[C@H](N)c3ccccc3)[C@H]2SC1,0
2202,CC(=O)OCC1=C(C(=O)O)N2C(=O)[C@@H](NC(=O)Cc3ccccc3)[C@H]2SC1,0
2203,Cc1nnc(SCC2=C(C(=O)O)N3C(=O)[C@@H](NC(=O)C(N)c4ccc(O)cc4)[C@H]3SC2)s1,0
2204,NC(C(=O)N[C@@H]1C(=O)N2C(C(=O)O)=C(CSc3cn[nH]n3)CS[C@H]12)c1ccc(O)cc1,0
2205,Cn1nnnc1SCC1=C(C(=O)O)N2C(=O)[C@@H](NC(=O)CSC(F)(F)F)[C@H]2SC1,0
2206,Cc1nnc(SCC2=C(C(=O)O)N3C(=O)[C@@H](NC(=O)Cn4cc(Cl)c(=O)c(Cl)c4)[C@H]3SC2)s1,0
2207,Cc1nnc(SCC2=C(C(=O)O)N3C(=O)[C@@H](NC(=O)[C@H](O)c4ccccc4)[C@H]3SC2)s1,0
2208,CC/C=C(\C(=O)N[C@@H]1C(=O)N2C(C(=O)O)=C(COC(N)=O)CS[C@H]12)c1csc(N)n1,0
2209,COCC1=C(C(=O)O)N2C(=O)[C@@H](NC(=O)/C(=N\O)c3csc(N)n3)[C@H]2SC1,0
2210,C=CC1=C(C(=O)O)N2C(=O)[C@@H](NC(=O)/C(=N\O)c3csc(N)n3)[C@H]2SC1,0
2211,CO/N=C(\C(=O)NC1C(=O)N2C(C(=O)O)=C(/C=C\c3scnc3C)CS[C@H]12)c1csc(N)n1,0
2212,CC1=C(C(=O)O)N2C(=O)[C@@H](NC(=O)[C@H](N)c3ccc(O)c(Cl)c3)[C@H]2SC1,0
2213,CO/N=C(\C(=O)N[C@@H]1C(=O)N2C(C(=O)O)=C(C)CS[C@H]12)c1csc(N)n1,0
2214,O=C(Cc1cccs1)N[C@@H]1C(=O)N2C(C(=O)O)=C(CSc3ncn[nH]3)CS[C@H]12,0
2215,Cn1nnnc1SCC1=C(C(=O)O)N2C(=O)[C@@H](NC(=O)CS/C=C\C#N)[C@H]2SC1,0
2216,C=CC1=C(C(=O)O)N2C(=O)[C@@H](NC(=O)/C(=N\OCC(=O)O)c3csc(N)n3)[C@H]2SC1,0
2217,CO/N=C(\C(=O)N[C@@H]1C(=O)N2C(C(=O)O)=C(CSc3nnnn3C)CS[C@H]12)c1csc(N)n1,0
2218,CO[C@@]1(NC(=O)CSCC#N)C(=O)N2C(C(=O)O)=C(CSc3nnnn3C)CS[C@@H]21,0
2219,CO[C@@]1(NC(=O)CSC[C@@H](N)C(=O)O)C(=O)N2C(C(=O)O)=C(CSc3nnnn3C)CS[C@@H]21,0
2220,CO/N=C(/C(=O)N[C@@H]1C(=O)N2C(C(=O)O)=C(CSc3nc(C)c(CC(=O)O)s3)CS[C@H]12)c1csc(N)n1,0
2221,O=C(O)C1=C(CSc2nnnn2CS(=O)(=O)O)CS[C@@H]2[C@H](NC(=O)C(O)c3ccccc3)C(=O)N12,0
2222,NCc1ccccc1CC(=O)N[C@@H]1C(=O)N2C(C(=O)O)=C(CSc3nnnn3CC(=O)O)CS[C@H]12,0
2223,CO[C@@]1(NC(=O)C2SC(=C(C(N)=O)C(=O)O)S2)C(=O)N2C(C(=O)O)=C(CSc3nnnn3C)CS[C@@H]21,0
2224,CN(C)CCn1nnnc1SCC1=C(C(=O)O)N2C(=O)[C@@H](NC(=O)Cc3csc(N)n3)[C@H]2SC1,0
2225,CC(=O)OCC1=C(C(=O)O)N2C(=O)[C@@H](NC(=O)c3c(-c4ccccc4Cl)noc3C)[C@H]2SC1,0
2226,Cc1cc(=O)c(C(=O)N[C@@H](C(=O)NC2C(=O)N3C(C(=O)O)=C(CSc4nnnn4C)CS[C@H]23)c2ccc(O)cc2)c[nH]1,0
2227,COCC1=C(C(=O)O)N2C(=O)[C@@H](NC(=O)/C(=N\OC)c3csc(N)n3)[C@H]2SC1,0
2228,C/C=C/C1=C(C(=O)O)N2C(=O)[C@@H](NC(=O)[C@H](N)c3ccc(O)cc3)[C@H]2SC1,0
2229,CC1=C(C(=O)O)N2C(=O)[C@@H](NC(=O)Cc3ccc(C4=NCCCN4)cc3)[C@H]2SC1,0
2230,CC1=C(C(=O)O)N2C(=O)[C@@H](NC(=O)[C@H](N)c3cccc(NS(C)(=O)=O)c3)[C@H]2SC1,0
2231,CO/N=C(\C(=O)N[C@@H]1C(=O)N2C(C(=O)O)=C(Cn3nnc(C)n3)CS[C@H]12)c1csc(N)n1,0
2232,O=C(Cn1cnnn1)N[C@@H]1C(=O)N2C(C(=O)O)=C(CSc3nncs3)CS[C@H]12,0
2233,Nc1nc(/C(=C/CC(=O)O)C(=O)N[C@@H]2C(=O)N3C(C(=O)O)=CCS[C@H]23)cs1,0
2234,CO/N=C(\C(=O)N[C@@H]1C(=O)N2C(C(=O)O)=C(CSC(=O)c3ccco3)CS[C@H]12)c1csc(N)n1,0
2235,CO/N=C(\C(=O)N[C@@H]1C(=O)N2C(C(=O)O)=C(/C=C/Sc3n[nH]c(=O)c(=O)n3CC=O)CS[C@H]12)c1csc(N)n1,0
2236,CO/N=C(\C(=O)N[C@@H]1C(=O)N2C(C(=O)O)=C(COC(C)=O)CS(=O)[C@H]12)c1csc(N)n1,0
2237,CO/N=C(\C(=O)N[C@@H]1C(=O)N2C(C(=O)O)=CCS[C@H]12)c1csc(N)n1,0
2238,CO/N=C(\C(=O)N[C@@H]1C(=O)N2C(C(=O)O)=C(COC(C)=O)CS[C@H]12)c1ccco1,0
2239,CO/N=C(\C(=O)N[C@@H]1C(=O)N2C(C(=O)OC(C)OC(C)=O)=C(COC(N)=O)CS[C@H]12)c1ccco1,0
2240,COCCCC(=O)OC(C)OC(=O)C1=C(COC(N)=O)CS[C@@H]2[C@H](NC(=O)/C(=N\OC)c3ccco3)C(=O)N12,0
2241,CO/N=C(\C(=O)N[C@@H]1C(=O)N2C(C(=O)O)=C(CSc3cnns3)CS[C@H]12)c1csc(N)n1,0
2242,CC(=O)OCC1=C(C(=O)O)N2C(=O)[C@H](NC(=O)CC#N)[C@@H]2SC1,0
2243,CC(=O)OCC1=C(C(=O)O)N2C(=O)[C@@H](NC(=O)[C@H](N)c3ccccc3)[C@H]2SC1,0
2244,CC(=O)OCC1=C(C(=O)O)N2C(=O)[C@@H](NC(=O)CCC[C@@H](N)C(=O)O)[C@H]2SC1,0
2245,CC(=O)OCC1=C(C(=O)O)N2C(=O)[C@@H](NC(=O)Cc3cccs3)[C@H]2SC1,0
2246,CC(=O)C1=C(O)[C@@]2(O)C(=O)c3c(c(C)c4ccc(C)c(O)c4c3O)C[C@H]2[C@@H](N)C1=O,0
2247,CC[C@H]1OC(=O)[C@H](C)[C@@H](O[C@H]2C[C@@](C)(OC)[C@@H](O)[C@H](C)O2)[C@H](C)[C@@H](O[C@@H]2O[C@H](C)C[C@H](N(C)C)[C@H]2O)[C@](C)(OC)C[C@@H](C)C(=O)[C@H](C)[C@@H](O)[C@]1(C)O,0
2248,CCC[C@@H]1C[C@@H](C(=O)NC(C(C)Cl)[C@H]2O[C@H](SC)[C@H](O)[C@@H](O)[C@H]2O)N(C)C1,0
2249,CCC[C@@H]1C[C@@H](C(=O)NC(C(C)Cl)[C@H]2O[C@H](SC)[C@H](OP(=O)(O)O)[C@@H](O)[C@H]2O)N(C)C1,0
2250,COC(C(=O)N[C@@H]1C(=O)N2[C@@H]1SC(C)(C)[C@@H]2C(=O)O)c1ccc(Cl)c(Cl)c1,0
2251,CN(C)[C@@H]1C(=O)/C(=C(/O)NCO)C(=O)[C@@]2(O)C(=O)C3=C(O)c4c(O)ccc(Cl)c4[C@@](C)(O)[C@H]3C[C@@H]12,0
2252,CC1(C)S[C@@H]2[C@H](NC(=O)C3(N)CCCCC3)C(=O)N2[C@H]1C(=O)O,0
2253,CN(C)[C@@H]1C(=O)/C(=C(\N)O)C(=O)[C@@]2(O)C(=O)C3=C(O)c4c(O)cccc4[C@@H](O)[C@H]3C[C@@H]12,0
2254,Cc1onc(-c2c(Cl)cccc2Cl)c1C(=O)N[C@@H]1C(=O)N2[C@@H]1SC(C)(C)[C@@H]2C(=O)O,0
2255,CN[C@@H]1[C@H](O[C@H]2[C@H](O[C@@H]3[C@@H](O)[C@H](O)[C@@H](N=C(N)N)[C@H](O)[C@H]3N=C(N)N)O[C@@H](C)[C@]2(O)CO)O[C@@H](CO)[C@H](O)[C@H]1O,0
2256,COc1ccc(-c2cc(=O)c3c(O)cc(O[C@@H]4O[C@H](CO[C@@H]5O[C@@H](C)[C@H](O)[C@@H](O)[C@H]5O)[C@@H](O)[C@H](O)[C@H]4O)cc3o2)cc1O,0
2257,CCC(=O)O[C@H]1[C@H](C)O[C@@H](O[C@@H]2C(C)C(=O)O[C@H](C)[C@H](C)[C@H](OC(=O)CC)[C@@H](C)C(=O)[C@]3(CO3)CC(C)[C@H](O[C@@H]3O[C@H](C)C[C@H](N(C)C)[C@H]3O)[C@H]2C)C[C@@H]1OC,0
2258,CC[C@H]1OC(=O)[C@H](C)[C@@H](O[C@H]2C[C@@](C)(OC)[C@@H](O)[C@H](C)O2)[C@H](C)[C@@H](O[C@@H]2O[C@H](C)C[C@H](N(C)C)[C@H]2O)[C@](C)(O)C[C@@H](C)[C@@H]2N[C@@H](COCCOC)O[C@H]([C@H]2C)[C@]1(C)O,0
2259,CC(=O)O[C@@]12CO[C@@H]1C[C@H](O)[C@@]1(C)C(=O)[C@H](O)C3=C(C)[C@@H](OC(=O)[C@H](O)[C@@H](NC(=O)OC(C)(C)C)c4ccccc4)C[C@@](O)([C@@H](OC(=O)c4ccccc4)[C@H]21)C3(C)C,0
2260,C/C=C/C=C/C1OC(O)(C(CC)C(=O)NC/C=C/C=C(\C)C(OC)C(C)C2OC(/C=C/C=C/C=C(\C)C(=O)c3c(O)n(C)ccc3=O)C(O)C2O)C(O)C(OC2OC(C)C(OC3OC(C)C(OC)C(O)C3OC)C(OC)C2O)C1(C)C,0
2261,CC[C@H]1CN2CCc3cc(OC)c(OC)cc3[C@@H]2C[C@@H]1C[C@H]1NCCc2cc(OC)c(OC)cc21,0
2262,CC1(C)S[C@@H]2[C@H](NC(=O)[C@H](N)C3=CCC=CC3)C(=O)N2[C@H]1C(=O)O,0
2263,CCC(C)[C@H]1O[C@]2(CC[C@@H]1C)CC1C[C@@H](C/C=C(\C)[C@@H](O[C@H]3C[C@H](OC)[C@@H](OC4C[C@H](OC)[C@@H](O)[C@H](C)O4)[C@H](C)O3)[C@@H](C)/C=C/C=C3\CO[C@@H]4[C@H](O)C(C)=C[C@@H](C(=O)O1)[C@]34O)O2.CO[C@H]1CC(O[C@H]2[C@H](C)O[C@@H](O[C@@H]3/C(C)=C/C[C@@H]4CC(C[C@]5(CC[C@H](C)[C@@H](C(C)C)O5)O4)OC(=O)[C@@H]4C=C(C)[C@@H](O)[C@H]5OC/C(=C\C=C\[C@@H]3C)[C@]54O)C[C@@H]2OC)O[C@@H](C)[C@@H]1O,0
2264,COc1cccc2c1C(=O)c1c(O)c3c(c(O)c1C2=O)C[C@](O)(C(=O)CO)C[C@H]3OC1CC(N)CC(C)O1,0
2265,CN(CCN(C)CN/C(O)=C1\C(=O)[C@@H](N(C)C)[C@@H]2C[C@H]3C(=C(O)c4c(O)cccc4[C@@]3(C)O)C(=O)[C@]2(O)C1=O)CN/C(O)=C1\C(=O)[C@@H](N(C)C)[C@@H]2C[C@H]3C(=C(O)c4c(O)cccc4[C@@]3(C)O)C(=O)[C@]2(O)C1=O,0
2266,CC1(C)S[C@@H]2[C@H](NC(=O)C(Oc3ccccc3)c3ccccc3)C(=O)N2[C@H]1C(=O)O,0
2267,CC(C)(Oc1ccc(Cl)cc1)C(=O)N[C@@H](C(=O)N[C@@H]1C(=O)N2[C@@H]1SC(C)(C)[C@@H]2C(=O)O)c1ccccc1,0
2268,CO[C@@]1(NC(=O)CSC(F)(F)F)C(=O)N2C(C(=O)O)=C(CSc3nnnn3CCO)CO[C@@H]21,0
2269,CC[C@H]1OC(=O)[C@H](C)[C@@H](O[C@H]2C[C@@](C)(OC)[C@@H](O)[C@H](C)O2)[C@H](C)[C@@H](O[C@@H]2O[C@H](C)C[C@H](N(C)C)[C@H]2O)[C@](C)(O)C[C@](C)(F)C(=O)[C@H](C)[C@@H](O)[C@]1(C)O,0
2270,C[C@@H](O)[C@H]1C(=O)N2C(C(=O)O)=C([C@H]3CCCO3)S[C@H]12,0
2271,CC1(C)S[C@@H]2[C@H](NC(=O)[C@@H](N=Cc3ccco3)c3ccc(O)cc3)C(=O)N2[C@H]1C(=O)O,0
2272,CC(C)CC(OC(=O)c1ccco1)C(=O)N[C@@H]1C(=O)N2[C@@H]1SC(C)(C)[C@@H]2C(=O)O,0
2273,CC(=O)O[C@H]1C[C@@]2(C)[C@@H](C[C@@H](O)[C@H]3[C@@]4(C)CC[C@@H](O)[C@@H](C)[C@@H]4CC[C@@]32C)/C1=C(\CCC=C(C)C)C(=O)O,0
2274,CNC(C)C1CCC(N)C(OC2C(N)CC(N)C(OC3OCC(C)(O)C(NC)C3O)C2O)O1,0
2275,CO/N=C(\C(=O)N[C@@H]1C(=O)N(OCC(=O)OCC(=O)OC(C)(C)C)[C@H]1C)c1csc(N)n1,0
2276,Cc1c(F)c(N2CCNC(C)C2)cc2c1c(=O)c(C(=O)O)cn2C1CC1,0
2277,CN(C)C1C(=O)/C(=C(/O)NCN2CCN(C(=N)N=C(N)N)CC2)C(=O)C2(O)C(=O)C3=C(O)c4c(O)cccc4C(C)(O)C3CC12,0
2278,CC1(C)S[C@@H]2[C@H](N3C(=O)[C@@H](c4ccccc4)NC3(C)C)C(=O)N2[C@H]1C(=O)O,0
2279,CC(Cc1ccccc1)NO,0
2280,CC(=O)[C@]1(O)Cc2c(O)c3c(c(O)c2[C@@H](O[C@H]2C[C@H](N)[C@H](O)[C@H](C)O2)C1)C(=O)c1ccccc1C3=O,0
2281,C[C@H](O)[C@H]1C(=O)N2C(C(=O)O)=C(SCCN=CN)C[C@H]12,0
2282,CC(C)(Oc1ccccc1)C(=O)N[C@@H]1C(=O)N2[C@@H]1SC(C)(C)[C@@H]2C(=O)O,0
2283,CO[C@@H]1[C@@H](O[C@@H]2O[C@H](C)[C@@H](O[C@H]3C[C@@](C)(O)[C@@H](OC(=O)CC(C)C)[C@H](C)O3)[C@H](N(C)C)[C@H]2O)[C@@H](CC=O)C[C@@H](C)[C@@H](O)/C=C/C=C/C[C@@H](C)OC(=O)C[C@H]1OC(C)=O,0
2284,Cc1oc(=O)oc1COC(=O)[C@@H]1N2C(=O)[C@@H](NC(=O)[C@H](N)c3ccccc3)[C@H]2SC1(C)C,0
2285,CNCC[C@@H](O)[C@@H]1C[C@H](SC2=C(C(=O)O)N3C(=O)[C@H]([C@@H](C)O)[C@H]3[C@H]2C)CN1,0
2286,COc1cccc2c1C(=O)c1c(O)c3c(c(O)c1C2=O)C[C@@](O)(C(=O)CO)C[C@@H]3O[C@H]1C[C@H](NC(=O)[C@@H](N)CC(C)C)[C@H](O)[C@H](C)O1,0
2287,CC[C@H]1OC(=O)[C@H](C)[C@@H](OC2CC(C)(OC)C(O)C(C)O2)C(C)[C@@H](OC2OC(C)CC(N(C)C)C2O)[C@](C)(O)C[C@@H](C)/C(=N\OC)[C@H](C)[C@@H](O)[C@]1(C)O,0
2288,N[C@@H](C(=O)NC1C(=O)N2C(C(=O)O)=C(Cl)CCC12)c1ccccc1,0
2289,CCCCc1nc(Cl)c(CO)n1Cc1ccc(-c2ccccc2-c2nn[nH]n2)cc1,0
2290,CN(C)[C@@H]1C(=O)/C(=C(/N)O)C(=O)[C@@]2(O)C(=O)C3=C(O)c4c(O)ccc(Cl)c4[C@@](C)(O)[C@H]3C[C@@H]12.[H+],0
2291,CC1(C)S[C@@H]2[C@H](N=CN3CCCCCC3)C(=O)N2[C@H]1C(=O)O,0
2292,C[C@H](O)C1C(=O)N2C(C(=O)O)=C(S[C@@H]3CN[C@H](C(=O)N(C)C)C3)[C@H](C)C12,0
2293,C=C1c2cccc(O)c2C(O)=C2C(=O)[C@]3(O)C(=O)/C(=C(/N)O)C(=O)[C@@H](N(C)C)[C@@H]3[C@@H](O)[C@H]12,0
2294,COc1cccc(OC)c1C(=O)N[C@@H]1C(=O)N2[C@@H]1SC(C)(C)[C@@H]2C(=O)O,0
2295,CC1(C)S[C@@H]2[C@H](NC(=O)[C@H](NC(=O)N3CCN(S(C)(=O)=O)C3=O)c3ccccc3)C(=O)N2[C@H]1C(=O)O,0
2296,COCC(=O)O[C@]1(CCN(C)CCCc2nc3ccccc3[nH]2)CCc2cc(F)ccc2[C@@H]1C(C)C,0
2297,CCC(=O)OC1CC(=O)OC(C)C/C=C/C=C\C(O)C(C)CC(CC=O)C(O[C@@H]2O[C@H](C)[C@@H](O[C@H]3C[C@@](C)(O)[C@H](OC(=O)CC)[C@@H](C)O3)[C@H](N(C)C)[C@H]2O)C1OC,0
2298,CO[C@@]12[C@H](COC(N)=O)C3=C(C(=O)C(C)=C(N)C3=O)N1C[C@@H]1N[C@@H]12,0
2299,CO[C@@]1(NC(=O)C(C(=O)O)c2ccc(O)cc2)C(=O)N2C(C(=O)O)=C(CSc3nnnn3C)CO[C@@H]21,0
2300,NC[C@H]1O[C@H](O[C@H]2[C@H](O)[C@@H](O)[C@H](N)C[C@@H]2N)[C@H](N)[C@@H](O)[C@@H]1O,0
2301,CCN[C@@H]1C[C@H](N)[C@@H](O[C@H]2OC(CN)=CC[C@H]2N)[C@H](O)[C@H]1O[C@H]1OC[C@](C)(O)[C@H](NC)[C@H]1O,0
2302,CN(C)[C@@H]1C(=O)/C(=C(\N)O)C(=O)[C@@]2(O)C(=O)C3=C(O)c4c(O)ccc([N+](=O)[O-])c4C[C@H]3C[C@@H]12,0
2303,CO[C@@H]1[C@@H](OC(N)=O)[C@@H](O)[C@H](Oc2ccc3c(=O)c(NC(=O)c4ccc(O)c(CC=C(C)C)c4)c(O)oc3c2C)OC1(C)C,0
2304,COC1CC(O[C@H]2[C@H](C)[C@@H](OC3OC(C)CC(N(C)C)C3O)[C@@H](C)C[C@]3(CO3)C(=O)[C@H](C)[C@@H](O)[C@@H](C)[C@@H](C)OC(=O)[C@@H]2C)OC(C)C1O,0
2305,CC1(C)S[C@@H]2[C@H](N3C(=O)C(c4ccc(O)cc4)NC3(C)C)C(=O)N2[C@H]1C(=O)O,0
2306,CO/N=C(\C(=O)NC1C(=O)N(OCC(=O)O)[C@H]1C)c1csc(N)n1,0
2307,CC(=O)O[C@H]1C(=O)[C@@]2(C)C([C@H](OC(=O)c3ccccc3)[C@]3(O)C[C@H](OC(=O)[C@H](O)[C@@H](NC(=O)c4ccccc4)c4ccccc4)C(C)=C1C3(C)C)[C@]1(OC(C)=O)CO[C@@H]1C[C@@H]2O,0
2308,CN(C)[C@@H]1C(=O)/C(=C(/O)NCN2CCCC(C(=O)O)C2)C(=O)[C@@]2(O)C(=O)C3=C(O)c4c(O)cccc4[C@@](C)(O)[C@H]3C[C@@H]12,0
2309,CN(C)[C@@H]1C(=O)/C(=C(/O)NCNC(C(=O)NC2C(=O)N3C2SC(C)(C)C3C(=O)O)c2ccccc2)C(=O)[C@@]2(O)C(=O)C3=C(O)c4c(O)cccc4[C@@](C)(O)[C@H]3C[C@@H]12,0
2310,CN(C)C1C(=O)/C(=C(/O)NCN2CCN(CCO)CC2)C(=O)C2(O)C(=O)C3=C(O)c4c(O)cccc4C(C)(O)C3CC12,0
2311,COc1cccc2c1C(=O)c1c(O)c3c(c(O)c1C2=O)C[C@@](O)(C(=O)CO)C[C@@H]3O[C@H]1C[C@H](N)[C@H](O[C@H]2CCCCO2)[C@H](C)O1,0
2312,CC1(C)SC2C(N(C(=N)c3ccncc3)[C@H](C(=O)NC(=O)CN)c3ccccc3)C(=O)N2C1C(=O)O,0
2313,CC1(C)S[C@@H]2[C@H](NC(=O)[C@H](NC(=O)c3ccc(-c4ccc(S(=O)(=O)N(CCO)CCO)cc4)[nH]c3=O)c3ccc(O)cc3)C(=O)N2[C@H]1C(=O)O,0
2314,CC1(C)S[C@@H]2[C@H](NC(=O)[C@H](NC(=O)Nc3cnc(Nc4ccc(S(N)(=O)=O)cc4)[nH]c3=O)c3ccc(O)cc3)C(=O)N2[C@H]1C(=O)O,0
2315,CC(C)(C)C(=O)OCOC(=O)[C@@H]1N2C(=O)[C@@H](NC(=O)[C@H](N)c3ccccc3)[C@H]2SC1(C)C,0
2316,Cc1cnn(-c2c(Cl)cccc2Cl)c1C(=O)N[C@@H]1C(=O)N2[C@@H]1SC(C)(C)[C@@H]2C(=O)O,0
2317,CC1(C)S[C@@H]2[C@H](NC(=O)c3nc4ccccc4nc3C(=O)O)C(=O)N2[C@H]1C(=O)O,0
2318,CO[C@H]1/C=C/O[C@@]2(C)Oc3c(C)c(O)c4c(c3C2=O)C2=NC3(CCN(CC(C)C)CC3)NC2=C(NC(=O)/C(C)=C\C=C\[C@H](C)[C@H](O)[C@@H](C)[C@@H](O)[C@@H](C)[C@H](OC(C)=O)[C@@H]1C)C4=O,0
2319,CCN(CC)c1nc2c(s1)c1c(O)c3c(O)c(C)c4c(c32)C(=O)[C@@](C)(O/C=C/[C@H](OC)[C@@H](C)[C@@H](OC(C)=O)[C@H](C)[C@H](O)[C@H](C)[C@@H](O)[C@@H](C)/C=C/C=C(/C)C(=O)N1)O4,0
2320,CCN(CC)C(=O)COc1cc2c(O)c3c(O)c(C)c4c(c13)C(=O)[C@@](C)(O/C=C/[C@H](OC)[C@@H](C)[C@@H](OC(C)=O)[C@H](C)[C@H](O)[C@H](C)[C@@H](O)[C@@H](C)/C=C/C=C(/C)C(=O)N2)O4,0
2321,CO[C@H]1/C=C/O[C@@]2(C)Oc3c(C)c(O)c4c(O)c(cc(O)c4c3C2=O)NC(=O)/C(C)=C\C=C\[C@H](C)[C@H](O)[C@@H](C)[C@@H](O)[C@@H](C)[C@H](OC(C)=O)[C@@H]1C,0
2322,CO[C@H]1/C=C/O[C@@]2(C)Oc3c(C)c(O)c4c(c3C2=O)C(=O)/C(=C/NN2CCN(C3CCCC3)CC2)C(=C4O)NC(=O)/C(C)=C\C=C\[C@H](C)[C@H](O)[C@@H](C)[C@@H](O)[C@@H](C)[C@H](OC(C)=O)[C@@H]1C,0
2323,CO[C@H]1/C=C/O[C@@]2(C)Oc3c(C)c(O)c4c(O)c(c5c(nc6cc(C)ccn65)c4c3C2=O)NC(=O)/C(C)=C\C=C\[C@H](C)[C@H](O)[C@@H](C)[C@@H](O)[C@@H](C)[C@H](OC(C)=O)[C@@H]1C,0
2324,C[C@@H](O)[C@H]1C(=O)N2C(C(=O)O)=C(COC(N)=O)S[C@H]12,0
2325,CC[C@@]1(O)C[C@H](O[C@H]2C[C@H](N(C)C)[C@H](O[C@H]3C[C@@H]4O[C@H]5CC(=O)[C@H](C)O[C@H]5O[C@@H]4[C@H](C)O3)[C@H](C)O2)c2c(O)c3c(c(O)c2[C@H]1O[C@H]1C[C@H](N(C)C)[C@H](O)[C@H](C)O1)C(=O)c1cccc(O)c1C3=O,0
2326,CC1(C)S[C@@H]2[C@H](NC(=O)[C@H](NC(=O)Cc3ccc(C4=NCCCN4)cc3)c3ccccc3)C(=O)N2[C@H]1C(=O)O,0
2327,CC[C@H]1OC(=O)[C@H](C)[C@@H](O[C@H]2C[C@@](C)(OC)[C@@H](O)[C@H](C)O2)[C@H](C)[C@@H](O[C@@H]2O[C@H](C)C[C@H](N(C)C)[C@H]2O)[C@](C)(O)C[C@@H](C)/C(=N/OCOCCOC)[C@H](C)[C@@H](O)[C@]1(C)O,0
2328,COC1CCCC2C1=C(C(=O)O)N1C(=O)C(C(C)O)C21,0
2329,COCOC(=O)[C@@H]1N2C(=O)[C@@H](N3C(=O)C(c4ccccc4)NC3(C)C)[C@H]2SC1(C)C,0
2330,CC(=O)OC1/C=C/C(C)=C/CC(O)/C=C/C(C)=C/C(NC(=O)C(C)=O)C2(C)C(=O)OC(C1)C(C)C2=O,0
2331,CN[C@@H]1[C@@H](O)[C@@H](O[C@@H]2[C@@H](O)[C@H](O[C@H]3OC(CN)=CC[C@H]3N)[C@@H](N)C[C@H]2N)OC[C@]1(C)O,0
2332,COC1C(O)CC(=O)OC(C)C/C=C/C=C/C(OC2CCC(N(C)C)C(C)O2)C(C)CC(CC=O)C1OC1OC(C)C(OC2CC(C)(O)C(O)C(C)O2)C(N(C)C)C1O,0
2333,CC1(C)S[C@@H]2[C@H](NC(=O)C(c3ccccc3)S(=O)(=O)O)C(=O)N2[C@H]1C(=O)O,0
2334,C[C@@H](O)[C@H]1C(=O)N2C(C(=O)O)=C(SC3CCS(=O)C3)S[C@H]12,0
2335,CC1(C)S[C@@H]2[C@H](NC(=O)[C@H](N)c3ccccc3)C(=O)N2[C@H]1C(=O)O.CC1(C)[C@H](C(=O)O)N2C(=O)C[C@H]2S1(=O)=O,0
2336,CC1(C)S[C@@H]2[C@H](NC(=O)[C@H](NS(=O)(=O)O)c3ccccc3)C(=O)N2[C@H]1C(=O)O,0
2337,C=CC[C@@H]1/C=C(\C)C[C@H](C)C[C@H](OC)[C@H]2O[C@@](O)(C(=O)C(=O)N3CCCC[C@H]3C(=O)O[C@H](/C(C)=C/[C@@H]3CC[C@@H](O)[C@H](OC)C3)[C@H](C)[C@@H](O)CC1=O)[C@H](C)C[C@@H]2OC,0
2338,CC1(C)S[C@@H]2[C@H](NC(=O)[C@H](N)c3ccccc3)C(=O)N2[C@H]1C(=O)OC1OC(=O)c2ccccc21,0
2339,C[C@]1(Cn2ccnn2)[C@H](C(=O)O)N2C(=O)C[C@H]2S1(=O)=O,0
2340,CCCCCCCCCC(=O)N[C@H]1[C@H](Oc2c3cc4cc2Oc2ccc(cc2Cl)[C@@H](O[C@@H]2O[C@H](CO)[C@@H](O)[C@H](O)[C@H]2NC(C)=O)[C@@H]2NC(=O)[C@H](NC(=O)[C@@H]4NC(=O)[C@H]4NC(=O)[C@@H](Cc5ccc(c(Cl)c5)O3)NC(=O)[C@H](N)c3ccc(O)c(c3)Oc3cc(O)cc4c3)c3ccc(O)c(c3)-c3c(O[C@H]4O[C@H](CO)[C@@H](O)[C@H](O)[C@@H]4O)cc(O)cc3[C@H](C(=O)O)NC2=O)O[C@H](CO)[C@@H](O)[C@@H]1O,0
2341,CO[C@@]1(NC(=O)C(C(=O)O)c2ccsc2)C(=O)N2[C@@H](C(=O)O)C(C)(C)S[C@@H]21,0
2342,CC1(C)[C@H](NC(=O)/C(=N\OCC(=O)O)c2csc(N)n2)C(=O)N1OS(=O)(=O)O,0
2343,CC(C)C(=O)OCc1cccc(OC(=O)[C@@H]2N3C(=O)[C@@H](NC(=O)Cc4ccccc4)[C@H]3SC2(C)C)c1,0
2344,NC[C@H]1O[C@H](O[C@H]2[C@H](O)[C@@H](O[C@H]3O[C@H](CO)[C@@H](O)[C@H](N)[C@H]3O)[C@H](N)C[C@@H]2N)[C@H](N)C[C@@H]1O,0
2345,CO[C@H]1C[C@H](O[C@H]2[C@H](C)[C@@H](O[C@@H]3O[C@H](C)C[C@H](N(C)C)[C@H]3OC(C)=O)[C@@H](C)C[C@@]3(CO3)C(=O)[C@H](C)[C@@H](OC(C)=O)[C@@H](C)[C@@H](C)OC(=O)[C@@H]2C)O[C@@H](C)[C@@H]1OC(C)=O,0
2346,CCCC[C@@H]1CC(=O)[C@]2(O)O[C@@H]3[C@@H](NC)[C@@H](O)[C@@H](NC)[C@H](O)[C@H]3O[C@@H]2O1,0
2347,CC[C@]1(O)C[C@H]2CN(CCc3c([nH]c4ccccc34)[C@@](C(=O)OC)(c3cc4c(cc3OC)N(C)[C@H]3[C@@](O)(C(N)=O)[C@H](O)[C@]5(CC)C=CCN6CC[C@]43[C@@H]65)C2)C1,0
2348,CC1=C/C(O)CC(=O)Cc2nc(co2)C(=O)N2CCC=C2C(=O)OC(C(C)C)C(C)/C=C\C(=O)NC/C=C\1,0
2349,[C-]#[N+]C(=C\c1ccc(O)cc1)/C(=C/c1ccc(O)cc1)[N+]#[C-],0
2350,COc1cccc2c1C(=O)c1c(O)c3c(c(O)c1C2=O)C[C@@](O)(/C(C)=N/NC(=O)c1ccccc1)C[C@@H]3O[C@H]1C[C@H](N)[C@H](O)[C@H](C)O1.[H+],0
2351,C[C@H]1CCCC[C@@]1(c1cccs1)N1CCCCC1,1
2352,CC(Cc1ccccc1)NCCn1cnc2c1c(=O)n(C)c(=O)n2C.[H+],1
2353,CC(=O)OC1CC[C@@]2(C)C([C@@H]1Br)[C@H](Br)C[C@H]1[C@@H]3CC[C@H]([C@H](C)CCCC(C)C)[C@@]3(C)CC[C@@H]12,1
2354,CC(=O)OCC(=O)OCC/C(SC(=O)c1ccco1)=C(/C)N(C=O)Cc1cnc(C)nc1N,1
2355,CC(=O)OCC/C(SC(C)=O)=C(/C)N(C=O)Cc1cnc(C)nc1N,1
2356,CCC[C@@](C)(O)[C@H]1CC23C=CC1(OC)[C@H]1Oc4c(OC(C)=O)ccc5c4C12CCN(C)C3C5,1
2357,CC(=O)OCC1=CO[C@@H](OC(=O)CC(C)C)[C@H]2C1=C[C@H](OC(=O)CC(C)(C)OC(C)=O)[C@]21CO1,1
2358,C=CC1O[C@@H]2CC3C4CCC5=CC(=O)C=CC5(C)C4(F)C(O)CC3(C)[C@]2(C(=O)CO)O1,1
2359,CCC(=O)OCC(=O)[C@@]1(OC(=O)CC)[C@H](C)C[C@H]2[C@H]3[C@H]([C@@H](O)C[C@@]21C)[C@@]1(C)C=CC(=O)C=C1C[C@H]3Cl,1
2360,CC12CC(=O)[C@H]3C(CC[C@H]4C[C@H](O)CCC43C)[C@@H]1CCC2C(=O)CO,1
2361,CC(=O)[C@H]1CC[C@H]2[C@@H]3CC[C@H]4C[C@H](O)CC[C@]4(C)[C@H]3C(=O)C[C@]12C,1
2362,C=CCN1CCC23c4c5ccc(O)c4OC2C2(OC)C=CC3(CC2[C@](C)(O)CCC)C1C5,1
2363,CNC[C@@H]1CN(c2ccc(OCc3cccc(Cl)c3)cc2)C(=O)O1,1
2364,CCCN(CCCCN1C(=O)CC2(CCCC2)CC1=O)C1COc2cccc(OC)c2C1.[H+],1
2365,CCC(=O)O[C@]1(c2ccccc2)CCN(C)C[C@@H]1CC,1
2366,CC[C@@H](O)C(C[C@@H](C)N(C)C)(c1ccccc1)c1ccccc1,1
2367,CCC1(CC)O[C@@H]2C[C@H]3C4CCC5=CC(=O)C=CC5(C)[C@@]4(F)[C@@H](O)CC3(C)[C@]2(C(=O)CO)O1,1
2368,CC12C[C@H](O)[C@@]3(F)C(CCC4=CC(=O)C=CC43C)[C@@H]1C[C@H]1O[C@@](C)(c3ccccc3)O[C@]12C(=O)CO,1
2369,CC(=O)OCC(=O)[C@@]12OC3(CCCC3)O[C@@H]1C[C@H]1[C@@H]3CCC4=CC(=O)C=C[C@]4(C)[C@@]3(F)[C@@H](O)C[C@@]12C,1
2370,CCC(=O)O[C@]1(C(=O)COC)[C@@H](C)C[C@H]2[C@@H]3CCC4=CC(=O)C=C[C@]4(C)[C@@]3(F)[C@@H](O)C[C@@]21C,1
2371,CC(C)n1cc2c3c(cccc31)C1C[C@@H](C(=O)NC3CCCCC3)CN(C)C1C2,1
2372,CCCNC(=O)c1ccc2c(c1)N([C@H](C)CN1CCCC1)c1ccccc1S2,1
2373,O=C1C(O)=C(O)OC1C(O)CO,1
2374,CN(C(=O)CNC(=O)[C@@H](N)CCCCN)c1ccc(Cl)cc1C(=O)c1ccccc1,1
2375,O=c1[nH]c2ccccc2c(=O)n1CCN1C[C@H]2C[C@H](c3ccc(F)cc3)[C@H]2C1,1
2376,C[C@H]1C[C@H]2[C@@H]3CCC4=CC(=O)C=C[C@]4(C)[C@@]3(Cl)[C@@H](O)C[C@]2(C)[C@@]1(O)C(=O)CO,1
2377,COC[C@H]1CN(c2ccc(OCC[C@@H](O)C(F)(F)F)cc2)C(=O)O1,1
2378,C/C(=C(\CCOP(=O)(O)O)SC(=O)c1ccccc1)N(C=O)Cc1cnc(C)nc1N,1
2379,O=C1CNC(c2ccccc2)=c2c3c(sc2=N1)CCCC3,1
2380,C/C(=C(\CCOC(=O)c1ccccc1)SC(=O)c1ccccc1)N(C=O)Cc1cnc(C)nc1N,1
2381,C[N+](C)([O-])CC/C=C1/c2ccccc2C=Cc2c(Cl)cccc21,1
2382,CN1CCc2cc(Cl)c(O)cc2[C@@H](c2cc(Br)cc3c2OCC3)C1,1
2383,CCOC(=O)C[C@@H](O)C[C@@H](O)/C=C/C1=C(c2ccc(F)cc2)c2ccccc2OC12CCCC2,1
2384,C[C@H]1C[C@H]2[C@@H]3CCC4=CC(=O)C=C[C@]4(C)[C@@]3(F)[C@@H](O)C[C@]2(C)[C@@]1(OC(=O)c1ccccc1)C(=O)CO,1
2385,CCCCC(=O)O[C@]1(C(=O)CO)[C@@H](C)C[C@H]2[C@@H]3CCC4=CC(=O)C=C[C@]4(C)[C@@]3(F)[C@@H](O)C[C@@]21C,1
2386,O=C1C[C@H]2SC(C3(O)CN4C(=O)C[C@H]4S3)CN12,1
2387,C/C(=C(/CCOC(=O)c1ccccc1)SS/C(CCOC(=O)c1ccccc1)=C(\C)N(C=O)Cc1cnc(C)nc1N)N(C=O)Cc1cnc(C)nc1N,1
2388,CC(=O)NCCC[C@H](NC(C)=O)C(=O)O,1
2389,CC[C@]12CCN(CC3(O)CC3)[C@H](Cc3ccc(O)cc31)C2(C)C,1
2390,Nc1nc(=O)c2ncn(CC[C@@H](O)CO)c2[nH]1,1
2391,CC(C)(C)[C@]1(O)CCN2C[C@H]3c4ccccc4CCc4cccc(c43)[C@@H]2C1.[H+],1
2392,Oc1ccc2c(c1)[C@@]13CCCC[C@@]1(O)[C@@H](C2)N(CC1CCC1)CC3,1
2393,C=CCN1C[C@H](C(=O)N(CCCN(C)C)C(=O)NCC)C[C@@H]2c3cccc4[nH]cc(c34)C[C@H]21,1
2394,CCCCC/C(=N/OCCN)c1ccc(C)c(N)c1,1
2395,C[C@H](N)C(=O)c1ccccc1,1
2396,CCOC(=O)OCC/C(SC(=O)OCC)=C(\C)N(C=O)Cc1cnc(C)nc1N,1
2397,OC[C@@H](O)[C@H]1OC2O[C@H](C(Cl)(Cl)Cl)O[C@@H]2[C@H]1O,1
2398,CC(C)C(=O)OCC(=O)[C@@]12O[C@H](C3CCCCC3)O[C@@H]1C[C@H]1[C@@H]3CCC4=CC(=O)C=C[C@]4(C)[C@H]3[C@@H](O)C[C@@]12C,1
2399,CC(=O)OCC(=O)[C@@]12OC(C)(C)O[C@@H]1C[C@H]1C3CC(C#N)=C4C=C(OCCCl)CCC4(C)[C@@]3(F)C(O)CC12C,1
2400,CC(C)N[C@H]1C2CCC(CC2)[C@]1(O)c1ccc(Cl)c(Cl)c1,1
2401,COc1cc(/C=C/C(=O)N2CCCCCCC2)cc(OC)c1OC,1
2402,CC1(C)O[C@@H]2C[C@H]3C4C[C@H](F)C5=CC(=O)C=C[C@]5(C)[C@@]4(F)[C@@H](O)C[C@]3(C)[C@]2(C(=O)COC(=O)C2CC2)O1,1
2403,Clc1cccc(Cl)c1NC1=NCCO1,1
2404,C[C@H]1C[C@H]2[C@@H]3CCC4=CC(=O)C=C[C@]4(C)[C@@]3(F)C(=O)C[C@]2(C)[C@@]1(O)C(=O)CCl,1
2405,CCCC(=O)O[C@]1(C(=O)CCl)[C@@H](C)C[C@H]2[C@@H]3CCC4=CC(=O)C=C[C@]4(C)[C@@]3(F)C(=O)C[C@@]21C,1
2406,C[C@@H]1CC2C3C[C@H](F)C4=CC(=O)C=CC4(C)[C@@]3(Cl)C(O)CC2(C)C1C(=O)CO,1
2407,CC(=O)OCC(=O)[C@H]1[C@H](C)C[C@H]2[C@@H]3C[C@H](F)C4=CC(=O)C=C[C@]4(C)C3(Cl)[C@@H](O)C[C@@]21C,1
2408,C[C@@H]1CC2C3C[C@H](F)C4=CC(=O)C=CC4(C)[C@@]3(Cl)C(O)CC2(C)C1C(=O)COC(=O)C(C)(C)C,1
2409,C[C@]12C=CC(=O)C=C1C(Cl)=C[C@@H]1[C@@H]2[C@@H](O)C[C@@]2(C)[C@H]1CC[C@]2(O)C(=O)CO,1
2410,CCC(=O)O[C@]1(C(=O)SCCl)[C@H](C)C[C@H]2C3C[C@H](F)C4=CC(=O)C=C[C@]4(C)[C@@]3(F)[C@@H](O)C[C@@]21C,1
2411,CC[C@H]1CC(=O)[C@@H]2Oc3c(OC)ccc4c3[C@@]23CCN(CC2CC2)C(C4)[C@H]13,1
2412,CC(=O)OCC(=O)[C@@]1(O)CC[C@H]2[C@@H]3CCC4=CC(=O)CC[C@]4(C)[C@H]3C(=O)C[C@@]21C,1
2413,CC1=C[C@@H]2[C@H]([C@@H](O)C[C@@]3(C)[C@H]2C[C@@H](C)[C@]3(O)C(=O)COC(=O)c2cccc(S(=O)(=O)O)c2)[C@@]2(C)Cc3cnn(-c4ccccc4)c3C=C12,1
2414,CC(=O)OCC(=O)[C@@]1(O)[C@H](C)C[C@H]2[C@@H]3C=C(C)C4=Cc5c(cnn5-c5ccccc5)C[C@]4(C)[C@H]3[C@@H](O)C[C@@]21C,1
2415,C/C=C/C(=O)N(CC)C(CC)C(=O)N(C)C,1
2416,CC(=O)[C@H]1CC[C@H]2[C@@H]3C[C@@H](O)C45CC4CC[C@]5(C)[C@H]3CC[C@]12C,1
2417,C/C(=C1/CCOC(=O)S1)N(C=O)Cc1cnc(C)nc1N,1
2418,COC12C=CC3(CC1C(C)(C)O)[C@@H]1Cc4ccc(O)c5c4[C@]3(CCN1CC1CC1)[C@@H]2O5,1
2419,O=C1CN(O)C(c2ccccc2)=c2cc(Cl)ccc2=N1,1
2420,CC(=O)[C@@]1(O)[C@H](O)C[C@H]2[C@@H]3CCC4=CC(=O)C=C[C@]4(C)[C@@]3(F)[C@@H](O)C[C@@]21C,1
2421,CC1(C)O[C@@H]2C[C@H]3C4CCC5=CC(=O)C=CC5(C)[C@H]4C(O)CC3(C)[C@]2(C(=O)CO)O1,1
2422,C[C@@H]1C[C@H]2[C@@H]3CCC4=CC(=O)C=C[C@]4(C)[C@@]3(F)[C@@H](O)C[C@]2(C)[C@H]1C(=O)CO,1
2423,Cc1cccc(Cc2cnc[nH]2)c1C,1
2424,CC(=O)OCC(=O)[C@@]1(OC(=O)c2ccco2)[C@H](C)C[C@H]2[C@@H]3CCC4=CC(=O)C=C[C@]4(C)[C@@]3(F)[C@@H](O)C[C@@]21C,1
2425,c1ccc([C@@H]2CN3CCSC3=N2)cc1,1
2426,c1ccc(C2(c3ccccc3)OC[C@H]([C@@H]3CCCCN3)O2)cc1,1
2427,CC12C=CC(=O)C=C1CCC1C3CC[C@](O)(C(=O)CO)C3(C)CC(Cl)[C@@]12Cl,1
2428,CC(=O)OCC(=O)[C@@]1(O)CCC2C3CCC4=CC(=O)C=CC4(C)[C@@]3(Cl)C(Cl)CC21C,1
2429,CC(=O)O[C@H]1C[C@@H]2C(COC(=O)CC(C)C)=CO[C@@H](OC(=O)CC(C)C)[C@@H]2[C@@]12CO2,1
2430,C[C@@H]1CC2C3C[C@H](F)C4=CC(=O)C=CC4(C)[C@@]3(F)C(O)CC2(C)C1C(=O)CO,1
2431,C[C@@H]1C[C@H]2[C@@H]3C[C@H](F)C4=CC(=O)C=C[C@]4(C)[C@@]3(F)[C@@H](O)C[C@]2(C)[C@H]1C(=O)COC(=O)C(C)(C)C,1
2432,CO[C@]12CC[C@@]3(C[C@@H]1C(C)(C)O)[C@H]1Cc4ccc(O)c5c4[C@@]3(CCN1CC1CC1)[C@H]2O5,1
2433,CCCC(=O)O[C@]1(C(C)=O)CCC[C@H]2[C@@H]3CCC4=CC(=O)C=C[C@]4(C)[C@H]3[C@@H](O)C[C@@]21C,1
2434,COc1cc2c(cc1OC)C(=O)C(CC1CCN(Cc3ccccc3)CC1)C2.[H+],1
2435,COc1ccc2c(c1OC)[C@]13CCN(C)[C@H](C2)[C@]1(O)CC[C@@H](O)C3,1
2436,CCC(=O)N(c1ccc(Cl)c(Cl)c1)[C@@H]1CCC[C@H]1N(C)C,1
2437,CCN(CC)C/C=C1/c2ccccc2Nc2cc(Cl)ccc21,1
2438,CCN(CC)C(=O)[C@H]1[C@H](C(=O)N(CC)CC)[C@H]2C=C[C@@H]1C2,1
2439,CCCCCCCNC(=O)Oc1ccc2c(c1)[C@]1(C)CCN(C)[C@@H]1N2C,1
2440,CCCCNCC1COc2cccc(OCC)c2O1.[H+],1
2441,CCNC1=Nc2ccc(Cl)cc2C(C)(c2ccccc2)O1.[H+],1
2442,CCN(CC)S(=O)(=O)N[C@H]1C[C@@H]2c3cccc4[nH]cc(c34)C[C@H]2N(C)C1,1
2443,O=C1CC[C@H](C(=O)N2CCCCC2)N1,1
2444,CCCCN/C(=C1/C=C(Cl)C=CC1=O)c1ccccc1Cl,1
2445,c1ccc(CC2NCCc3c2[nH]c2ccccc32)cc1,1
2446,CS(=O)(=O)c1ccc([C@@H](O)[C@@H](CF)NC(=O)C(Cl)Cl)cc1,1
2447,CC(=O)OCC(=O)C12N=C(C)OC1CC1C3CCC4=CC(=O)C=CC4(C)[C@@]3(F)C(O)CC12C,1
2448,CC1(C)O[C@@H]2CC3C4C[C@H](F)C5=CC(=O)C=CC5(C)[C@@]4(Cl)C(Cl)CC3(C)[C@]2(C(=O)CO)O1,1
2449,C[C@]12CCC(=O)C=C1CC[C@H]1[C@@H]3CC[C@](O)(C(=O)CO)[C@@]3(C)C[C@H](O)[C@@]12F,1
2450,CC(=O)OCC(=O)[C@@]1(O)CC[C@H]2[C@@H]3CCC4=CC(=O)CC[C@]4(C)[C@@]3(F)[C@@H](O)C[C@@]21C,1
2451,Cc1cc2c(s1)=Nc1ccc(F)cc1NC=2N1CCN(C)CC1,1
2452,COC(OC)C(=O)[C@@]12OC(C)(C)O[C@@H]1CC1C3C[C@H](F)C4=CC(=O)C=CC4(C)[C@@]3(F)C(O)CC12C,1
2453,CC(=O)OCC(=O)[C@@]12OC(C)(C)O[C@@H]1C[C@H]1[C@@H]3C[C@H](F)C4=CC(=O)C=C[C@]4(C)[C@@]3(F)[C@@H](O)C[C@@]12C,1
2454,CC(=O)O[C@]1(C(C)=O)CC[C@H]2[C@@H]3C[C@H](C)C4=CC(=O)C=C[C@]4(C)[C@@]3(F)[C@@H](O)C[C@@]21C,1
2455,C[C@H]1c2ccccc2[C@@H](CCCN(C)C)c2cc(C(F)(F)F)ccc21,1
2456,CCC(=O)O[C@]1(C(=O)SCF)[C@H](C)C[C@H]2[C@@H]3C[C@H](F)C4=CC(=O)C=C[C@]4(C)[C@@]3(F)[C@@H](O)C[C@@]21C,1
2457,CC(C)n1c(/C=C/[C@@H](O)C[C@H](O)CC(=O)O)c(-c2ccc(F)cc2)c2ccccc21,1
2458,Nc1nc(=O)c2nc(CNc3ccc(C(=O)N[C@@H](CCC(=O)O)C(=O)O)cc3)cnc2[nH]1,1
2459,CC(=O)OCC(=O)[C@@]12OC(C)(C)O[C@@H]1CC1C3CC(C=O)=C4C=C(OCCCl)CCC4(C)[C@@]3(F)C(O)CC12C,1
2460,C[C@@H]1O[C@@H]1P(=O)(O)O,1
2461,O=C1NC(c2ccccc2)(c2ccccc2)C(=O)N1COP(=O)(O)O,1
2462,C/C(=C(/CCO)SSCC1CCCO1)N(C=O)Cc1cnc(C)nc1N,1
2463,O=c1[nH]oc2c1CCNC2,1
2464,CC(=O)[C@H]1CC[C@H]2[C@@H]3CC[C@H]4C[C@](C)(O)CC[C@]4(C)[C@H]3CC[C@]12C,1
2465,CC1(C)CC(=O)N(CCCCN2CCN(c3ncccn3)CC2)C(=O)C1.[H+],1
2466,CC1(C)O[C@@H]2C[C@H]3[C@@H]4CCC5=CC(=O)CC[C@]5(C)[C@@]4(F)[C@@H](O)C[C@]3(C)[C@]2(C(=O)CCl)O1,1
2467,C[C@@H]1C[C@H]2[C@@H]3C[C@H](F)C4=CC(=O)C=C[C@]4(C)C3(Cl)[C@@H](F)C[C@]2(C)[C@H]1C(=O)CO,1
2468,C[C@]12C=C(Br)C(=O)C=C1[C@H](F)C[C@H]1[C@@H]3CCC(O)(C(=O)CO)[C@@]3(C)C[C@H](O)C12F,1
2469,OCCN1C=CN(CCCN2c3ccccc3C=Cc3ccccc32)C=CC1,1
2470,CC(C)(CO)[C@@H](O)C(=O)NCCCC(=O)O,1
2471,CCN(CC)CC(=O)OCC(=O)[C@@]1(O)CC[C@H]2[C@@H]3CCC4=CC(=O)CC[C@]4(C)[C@H]3[C@@H](O)C[C@@]21C,1
2472,CCC(=O)O[C@]1(C(=O)COC(C)=O)CC[C@H]2[C@@H]3CCC4=CC(=O)CC[C@]4(C)[C@H]3[C@@H](O)C[C@@]21C,1
2473,C[C@]12CCC(=O)C=C1CC[C@@H]1[C@@H]2[C@@H](O)C[C@@]2(C)[C@H]1CC[C@]2(O)C(=O)COC(=O)CCC(=O)O,1
2474,CCCCC(=O)O[C@]1(C(=O)CO)CCC2C3CCC4=CC(=O)CCC4(C)C3C(O)CC21C,1
2475,CN1CC[C@]23c4c5ccc(O)c4O[C@H]2[C@@H](O)CC[C@@]3(O)[C@H]1C5,1
2476,Cc1cccc(O[C@H]2CCNC[C@H]2O)c1C,1
2477,O=C(/C=C/c1ccc2c(c1)OCO2)N1CCCCC1,1
2478,CN[C@@H]1C[C@@H](c2ccc(Cl)c(Cl)c2)c2ccccc21.[H+],1
2479,O=C1c2ccccc2S(=O)(=O)N1CCCCN1CCN(c2ncccn2)CC1.[H+],1
2480,CC(=O)OCC(=O)[C@@]1(O)CC[C@H]2[C@@H]3CCC4=CC(=O)C=C[C@]4(C)[C@@]3(F)[C@@H](O)C[C@@]21C,1
2481,CCC[C@@H]1O[C@@H]2C[C@H]3[C@@H]4C[C@H](F)C5=CC(=O)C=C[C@]5(C)C4(F)[C@@H](O)C[C@]3(C)[C@]2(C(=O)O[C@H](C)OC(=O)OCC)O1,1
2482,C=C[C@@H]1CNCC[C@H]1CCCc1ccnc2ccc(OC)cc12,1
2483,CC1[C@H]2C(=O)c3ccc(O)cc3[C@]1(C)CCN2CC1CC1,1
2484,CCN(CC)C(=O)N[C@H]1C=C2c3cccc4[nH]cc(c34)C[C@H]2N(C)C1,1
2485,CCC(=O)N(c1ccccc1)[C@]1(C(=O)OC)CCN(CCc2ccccc2)C[C@@H]1C,1
2486,CN(CCCN1c2ccccc2CCc2ccccc21)CC(=O)c1ccc(Cl)cc1.[H+],1
2487,CN1CCN(/C=C2\N=C3CN=C(c4ccccc4Cl)c4cc([N+](=O)[O-])ccc4N3C2=O)CC1,1
2488,FC(F)(F)c1cccc(N2CCN(CCc3nnc4n3C[C@H]3CCC[C@@H]43)CC2)c1,1
2489,CN1CC[C@]23NC(=O)CC(c4cc(Cl)ccc4O2)C3C1,1
2490,CN1CCN(CC(=O)[C@@]2(O)CC[C@H]3[C@@H]4CCC5=CC(=O)C=C[C@]5(C)[C@H]4[C@@H](O)C[C@@]32C)CC1,1
2491,C[C@@H]1N=C(c2ccccc2Cl)c2cc([N+](=O)[O-])ccc2NC1=O,1
2492,C[C@@H]1CC2C3CCC4=CC(=O)C=CC4(C)[C@@]3(Cl)C(Cl)CC2(C)[C@@]1(O)C(=O)CO,1
2493,CC(=O)[C@H]1CC[C@H]2[C@@H]3C[C@H](C)C4=CC(=O)CC[C@]4(C)[C@H]3[C@@H](O)C[C@]12C,1
2494,CCN(CC)CCNC(=O)COc1ccc(OC)cc1.[H+],1
2495,CN1C[C@@H](NS(=O)(=O)N(C)C)C[C@@H]2c3cccc4c3c(cn4C)C[C@H]21,1
2496,CC1=CCC2C3Cc4ccc(O)c5c4C2(CCN3C)C1O5,1
2497,CO[C@H]1CC[C@H]2[C@H]3Cc4ccc(O)c5c4[C@@]2(CCN3C)[C@H]1O5,1
2498,CCC(=O)O[C@]1(C(=O)COC(C)=O)CC[C@H]2[C@@H]3C[C@H](C)C4=CC(=O)C=C[C@]4(C)[C@H]3[C@@H](O)C[C@@]21C,1
2499,CN1CC[C@]23c4c5ccc(O)c4O[C@@]2(C)C(=O)CC[C@H]3[C@H]1C5,1
2500,CC[C@H](C)C(=O)O[C@H]1CCC=C2C=C[C@H](C)[C@H](CC[C@@H]3C[C@@H](O)CC(=O)O3)[C@H]21,1
2501,CO/N=C/C1=CCCN(C)C1,1
2502,CCO[C@H]1C[C@@]2(C)[C@@H](CC[C@@H]3[C@@H]2[C@H](N(C)C)C[C@]2(C)[C@@H](C(C)=O)CC[C@@H]32)C[C@@H]1O,1
2503,CN1[C@@H]2CC[C@H]1CC(NC(=O)c1cn(C3CCCCC3)c3ccccc3c1=O)C2,1
2504,C[C@@H]1C[C@H]2[C@@H]3CCC4=CC(=O)C=C[C@]4(C)[C@@]3(Cl)[C@@H](O)C[C@]2(C)[C@@]1(O)C(=O)CCl,1
2505,CNC(=O)O[C@H]1OC(=O)[C@@]2(C)[C@@H]1[C@H]1C=C[C@@H]2C1,1
2506,CC1=CC(=C2C=CC(=O)C=C2)NN=C1NCCN1CCOCC1,1
2507,CCCCCCCCCCCCCC(=O)O[C@H]1C=C[C@H]2[C@H]3Cc4ccc(OCc5ccccc5)c5c4[C@@]2(CCN3C)[C@H]1O5,1
2508,CCCCCCC(C)(C)c1cc(O)c2c(c1)OC(C)(C)[C@@H]1CCC(=O)C[C@@H]21,1
2509,C[C@]12C=CC(=O)C=C1CC[C@H]1[C@@H]3C[C@H]4Cc5ccccc5C[C@@]4(C(=O)CO)[C@@]3(C)C[C@H](O)[C@@]12F,1
2510,C=C1CC[C@@]2(O)[C@H]3Cc4ccc(O)c5c4[C@@]2(CCN3CC2CC2)[C@H]1O5,1
2511,CC(C)=CCN1CC[C@]23c4c5ccc(O)c4O[C@H]2C(=O)CC[C@@]3(O)[C@H]1C5,1
2512,C1=C(CC2=NCNC2)CCc2ccccc21,1
2513,CC(Oc1cccc2ccccc12)/C(N)=N/O,1
2514,CCc1nn(CCCN2CCN(c3cccc(Cl)c3)CC2)c(=O)n1CCOc1ccccc1.[H+],1
2515,C/C=C\C1O[C@]2(C(=O)COC(=O)c3ccncc3)CC[C@@]3(O1)[C@@H]1CCC4=CC(=O)CC[C@]4(C)[C@H]1[C@@H](O)C[C@]23C,1
2516,CN1CC[C@]23c4c5ccc(OC(=O)c6cccnc6)c4O[C@H]2[C@@H](OC(=O)c2cccnc2)C=C[C@H]3[C@H]1C5,1
2517,C#C[C@]1(O)CC[C@H]2C3CCC4=Cc5c(cnn5-c5ccc(F)cc5)CC4(C)[C@H]3CCC21C,1
2518,CNC/C=C(/c1ccc(Br)cc1)c1cccnc1,1
2519,COc1ccc2c(c1OC)C(=O)O[C@@H]2[C@H]1c2c(cc3c(c2OC)OCO3)CCN1C,1
2520,Clc1ccc2c(c1)/C(=C/C1CN3CCC1CC3)c1ccccc1S2,1
2521,O=C(CN1CC[C@H](c2ccc(F)cc2)[C@@H](COc2ccc3c(c2)OCO3)C1)c1ccc(F)cc1,1
2522,CC(C)N1CCOC(c2ccc(C(F)(F)F)cc2)C1,1
2523,COC(=O)[C@@]1(O)CC[C@H]2C3CCC(=O)C4C(=O)C=CC4(C)[C@H]3C(O)CC21C,1
2524,COc1ccc(N2C[C@H](CN3CCC(O)(c4ccc5c(c4)OCO5)CC3)OC2=O)cc1,1
2525,CC(=O)OCC(=O)[C@@]1(O)[C@H](C)C[C@H]2[C@@H]3C[C@H](F)C4=CC(=O)C=C[C@]4(C)[C@H]3[C@@H](O)C[C@@]21C,1
2526,Fc1ccc([C@@H]2CCNC[C@H]2COc2ccc3c(c2)OCO3)cc1,1
2527,CCCCCN[C@@]12C=CC(=O)[C@@H]3Oc4c(O)ccc5c4[C@@]31CCN(C)[C@@H]2C5,1
2528,O=C1[C@H]2CCCC[C@H]2C(=O)N1CCCCN1CCN(c2nsc3ccccc23)CC1,1
2529,O=C(O)c1ccccc1Oc1ccccc1,1
2530,CCC[C@]1(c2cccc(O)c2)CCN(C)C[C@@H]1C,1
2531,CC(=O)Nc1ccc(OC(=O)[C@@H]2CCC(=O)N2)cc1,1
2532,CCc1c(C)[nH]c2c1C(=O)[C@@H]1CN(C)CC[C@H]1C2,1
2533,CN(C)CCC1(C)OCCC2=C1c1ccccc1C2,1
2534,Cc1ccccc1-n1c(/C=C/c2ccccn2)nc2ccccc2c1=O,1
2535,Cc1ccc2c(c1)c1c3n2CCNC3CCC1.[H+],1
2536,CCOC(=O)O[C@]1(C(=O)COC(=O)CC)CC[C@H]2[C@@H]3CCC4=CC(=O)C=C[C@]4(C)[C@H]3[C@@H](O)C[C@@]21C,1
2537,CCCCCCCCCCCCCCCCCC(=O)OCC(=O)OCC(=O)[C@@]1(O)CC[C@H]2[C@@H]3CCC4=CC(=O)C=C[C@]4(C)[C@H]3[C@@H](O)C[C@@]21C,1
2538,CC(C)(C)CC(=O)OCC(=O)[C@@]1(O)CC[C@H]2[C@@H]3CCC4=CC(=O)C=C[C@]4(C)[C@H]3[C@@H](O)C[C@@]21C,1
2539,CC(C)C[C@H](CN)CC(=O)O,1
2540,CCN1CCC(=C(c2ccccc2)c2ccccc2)C1.[H+],1
2541,NC(=O)CCCN/C(=C1\C=C(F)C=CC1=O)c1ccc(Cl)cc1,1
2542,CCC,1
2543,CN1CC[C@@]2(C)c3cc(OC(=O)N4CCc5ccccc5C4)ccc3N(C)[C@@H]12,1
2544,C#CCN[C@@H]1CCc2ccccc21,1
2545,CN1[C@@H]2CC[C@H]1CC(NC(=O)N1CC(C)(C)c3ccccc31)C2,1
2546,CCC(=O)[C@@]1(C)[C@H](C)C[C@H]2[C@@H]3CCC4=CC(=O)C=C[C@]4(C)[C@H]3[C@@H](O)C[C@@]21C,1
2547,NC(=O)c1ccc(F)c2c1C[C@@H](N(C1CCC1)C1CCC1)CO2,1
2548,CCC[C@@H]1O[C@@H]2C[C@H]3[C@@H]4C[C@H](F)C5=CC(=O)CC[C@]5(C)[C@@]4(F)[C@@H](O)C[C@]3(C)[C@]2(C(=O)CO)O1,1
2549,CN1C[C@H](CN2CC(=O)NC(=O)C2)C=C2c3cccc4[nH]cc(c34)C[C@H]21,1
2550,OCc1ccccc1O[C@@H]1O[C@H](CO)[C@@H](O)[C@H](O)[C@H]1O,1
2551,COCCN1CC[C@]23c4c5ccc(O)c4O[C@H]2C(=O)CC[C@@]3(O)[C@H]1C5,1
2552,c1cncc(CC2(Cc3ccncc3)c3cccnc3-c3ncccc32)c1,1
2553,CN(C(=O)Cc1ccc(Cl)c(Cl)c1)[C@H]1CC[C@@]2(CCCO2)C[C@@H]1N1CCCC1,1
2554,C/C(=C/CCN1CCC2(CC1)C(=O)NCN2c1ccccc1)c1ccc(F)cc1,1
2555,CC(C)(C)C(O)/C=C/c1ccc2c(c1)OCO2,1
2556,CSCC[C@H](NC(C)=O)C(=O)Oc1ccc(NC(C)=O)cc1,1
2557,O=C(O)CC(O)(CC(=O)O)C(=O)O.O=C1[C@@H]2[C@H]3CC[C@H](C3)[C@@H]2C(=O)N1CCCCN1CCN(c2ncccn2)CC1,1
2558,Cc1nc(C)c2c(n1)N(Cc1ccc(-c3ccccc3-c3nn[nH]n3)cc1)C(=O)CC2,1
2559,OCCN1CCN([C@@H]2C[C@@H](c3ccc(F)cc3)c3ccc(C(F)(F)F)cc32)CC1,1
2560,CCN(CC)C(=O)N[C@H]1C[C@@H]2c3cccc4[nH]cc(c34)C[C@H]2N(C)C1,1
2561,Cc1ccsc1C(=CCCN1CCC[C@@H](C(=O)O)C1)c1sccc1C,1
2562,CCOC(=O)C1(c2ccccc2)CCC=CC1N(C)C.[H+],1
2563,CSC(=O)C1(OC(C)=O)[C@@H](C)C[C@H]2[C@@H]3CCC4=CC(=O)C=C[C@]4(C)C3(F)[C@@H](O)C[C@@]21C,1
2564,CCS[C@]1(SC)CC[C@H]2[C@@H]3CCC4=CC(=O)C=C[C@]4(C)[C@@]3(F)[C@@H](O)C[C@@]21C,1
2565,C[C@]12CCC(=O)C=C1CC[C@@H]1[C@@H]2[C@@H](O)C[C@@]2(C)[C@H]1CC[C@]2(O)C(=O)CS,1
2566,CC(C)(C)C(=O)SCC(=O)[C@@]1(O)CC[C@H]2[C@@H]3CCC4=CC(=O)CC[C@]4(C)[C@H]3[C@@H](O)C[C@@]21C,1
2567,CCCCCC(=O)CC[C@]1(C)[C@@H]2Cc3ccc(O)cc3[C@@]1(C)CCN2C,1
2568,CC1(C)O[C@@H]2CC3C4C[C@H](F)C5=CC(=O)C=CC5(C)[C@@]4(Cl)[C@@H](Cl)CC3(C)[C@]2(C(=O)CF)O1,1
2569,COc1cccc([C@@]2(O)CCCC[C@@H]2CN(C)C)c1.[H+],1
2570,CCC(=O)N(c1ccccc1F)C1(c2ccccc2)CCN(CCn2nnn(CC)c2=O)CC1.[H+],1
2571,CC(CNC(=O)c1ccccc1)C(=O)OCC(=O)[C@@]12OC(C)(C)O[C@@H]1C[C@H]1[C@@H]3CCC4=CC(=O)C=C[C@]4(C)[C@@]3(F)[C@@H](O)C[C@@]12C,1
2572,CC1(C)O[C@@H]2C[C@H]3[C@@H]4CCC5=CC(=O)C=C[C@]5(C)[C@@]4(F)[C@@H](O)C[C@]3(C)[C@]2(C(=O)COC(=O)c2cc3ccccc3o2)O1,1
2573,OC(Br)(Br)CBr,1
2574,CC1(C)O[C@@H]2C[C@H]3C4C[C@H](F)C5=CC(=O)C=CC5(C)[C@@]4(Cl)[C@@H](Cl)CC3(C)[C@]2(C(=O)CCl)O1,1
2575,N/C(N=O)=C1\NNc2ccccc2N(Cc2ccccc2)C1=O,1
2576,N[C@@H](Cc1c[nH]c2ccccc12)C(=O)O,1
2577,CCCCN1C(=O)C2C(=O)N(CCCCN3CCN(c4ccccc4OC)CC3)C(=O)C(C1=O)C2(C)C,1
2578,CC(C)[C@H](N)C(=O)OCCOCn1cnc2c(=O)nc(N)[nH]c21,1
2579,CC(C)[C@H](N)C(=O)OCC(CO)OCn1cnc2c(=O)nc(N)[nH]c21,1
2580,CC(=O)OCC1=CO[C@@H](OC(=O)CC(C)C)[C@H]2C1=C[C@H](OC(=O)CC(C)C)[C@]21CO1,1
2581,Cc1c(C)c2c(c(C)c1O)CC[C@@](C)(CCC[C@H](C)CCC[C@H](C)CCCC(C)C)O2,1
2582,C=C1C[C@H](C)[C@H]2[C@H]3Cc4ccc(O)cc4[C@@]2(CCN3CC2CCC2)C1,1
2583,O=C1[C@@H]2[C@@H]3C=C[C@@H]([C@H]4C=C[C@H]43)[C@@H]2C(=O)N1CCCCN1CCN(c2ncccn2)CC1,1
2584,CCN[C@H](Cc1ccccc1)[C@H]1CCCO1,1
2585,C[C@@H]1C[C@H]2[C@H]3[C@H]([C@@H](O)C[C@]2(C)[C@@]1(O)C(=O)CO)[C@@]1(C)C=CC(=O)C=C1C[C@H]3Cl,1
2586,CC(=O)[C@@]1(O)[C@H](O)C[C@H]2[C@@H]3CCC4=CC(=O)CC[C@]4(C)[C@H]3CC[C@@]21C,1
2587,CCCC(=O)O[C@]1(C(=O)COC(C)=O)CC[C@H]2[C@@H]3C[C@H](C)C4=CC(=O)CC[C@]4(C)[C@H]3[C@@H](O)C[C@@]21C,1
2588,Cc1cc(N(C)C)ccc1C[C@H](C)N,1
2589,CN(C(=O)C(c1ccccc1)c1ccccc1)[C@H](CN1CC[C@H](O)C1)c1ccccc1,1
2590,CCC(=O)OCC(=O)[C@@]1(OC(=O)CC)[C@@H](C)C[C@H]2[C@@H]3CCC4=CC(=O)C=C[C@]4(C)[C@@]3(Cl)[C@@H](O)C[C@@]21C,1
2591,Cc1cccc2c1Oc1ccccc1[C@@]1(O)CCN(C)C[C@@H]21,1
2592,CCCN(c1ccncc1)n1ccc2ccccc21.[H+],1
2593,CC(=O)OCC(=O)[C@@]1(OC(=O)C(C)C)[C@@H](C)C[C@H]2[C@@H]3CCC4=CC(=O)C=C[C@]4(C)[C@@]3(F)[C@@H](O)C[C@@]21C,1
2594,CC(=O)OCC(=O)[C@@]1(O)[C@@H](C)C[C@H]2[C@@H]3CCC4=CC(=O)C=C[C@]4(C)[C@@]3(F)[C@@H](O)C[C@@]21C,1
2595,CCC(=O)OCC(=O)[C@@]1(OC(=O)CC)[C@@H](C)C[C@H]2[C@@H]3CCC4=CC(=O)C=C[C@]4(C)[C@@]3(F)[C@@H](O)C[C@@]21C,1
2596,CNCCCCOc1ccccc1Cc1ccccc1.[H+],1
2597,CCn1nnn(CCN2CC[C@H](N(C(=O)COC)c3ccccc3F)[C@H](C)C2)c1=O,1
2598,CCCC1O[C@@H]2C[C@H]3[C@@H]4CCC5=CC(=O)C=C[C@]5(C)[C@H]4[C@@H](O)C[C@]3(C)[C@]2(C(=O)CO)O1,1
2599,CN(C)C(C)(CO)Cc1ccc(Cl)c(Cl)c1.[H+],1
2600,CCCC(O)Cl,1
2601,CC(=O)OCC(=O)[C@@]1(O)CC[C@H]2[C@@H]3C[C@H](Cl)C4=CC(=O)C=C[C@]4(C)[C@H]3C(=O)C[C@@]21C,1
2602,COC(=O)[C@H]1[C@H]2C[C@@H]3c4[nH]c5ccc(Cl)cc5c4CCN3C[C@H]2C[C@@H](OC(=O)c2cc(OC)c(OC)c(OC)c2)[C@@H]1OC,1
2603,OC1(c2cccc(Cl)c2)C2=NCCCN2c2ccccc21,1
2604,COc1ccc([C@H](O)CN2CCN(c3cccccc3=O)CC2)cc1OC,1
2605,CN(C/C=C/c1ccccc1)CCOC(c1ccccc1)c1ccccc1,1
2606,O=C1CCC(c2ccccc2)(C2CCN(C/C=C/c3ccccc3)CC2)C(=O)N1,1
2607,CCNC(=O)/C=C/c1cccc(Br)c1,1
2608,COc1cc(/C=C/C(N)=O)cc(OC)c1OC,1
2609,CN(C)CC(O)C(c1ccccc1)c1ccc(Cl)cc1,1
2610,CC1CC2C3CCC4=CC(=O)C=CC4(C)[C@@]3(F)C(O)CC2(C)[C@@]1(O)C(=O)CCl,1
2611,CCC(=O)O[C@]1(C(=O)CCl)[C@@H](C)C[C@H]2[C@@H]3CCC4=CC(=O)C=C[C@]4(C)[C@@]3(F)[C@@H](O)C[C@@]21C,1
2612,COCCCC/C(=N\OCCN)c1ccc(Cl)cc1,1
2613,C/C=C/C(=O)N(CCC)C(CC)C(=O)N(C)C,1
2614,ON1CC(=NCC2CC2)N=c2ccc(Cl)cc2=C1c1ccccc1,1
2615,CN(C)[C@@H](CCOc1cccc2ccccc12)c1ccccc1,1
2616,CCC(=O)O[C@](Cc1ccccc1)(c1ccccc1)[C@H](C)CN(C)C.[H+],1
2617,CC(=O)OCC(=O)[C@@]12N=C(C)O[C@@H]1C[C@H]1[C@@H]3CCC4=CC(=O)C=C[C@]4(C)[C@H]3[C@@H](O)C[C@@]12C,1
2618,CN1C[C@@H](CC#N)CC2c3cccc4[nH]cc(c34)C[C@H]21,1
2619,CC(C)[C@@]1(O)CCN2C[C@@H]3c4ccccc4CCc4cccc(c43)[C@H]2C1,1
2620,CN1CC[C@@]23CCCC[C@@H]2[C@@H]1Cc1ccc(O)cc13,1
2621,CC(=O)OCC(=O)[C@@]1(OC(C)=O)[C@@H](C)C[C@H]2[C@@H]3C[C@H](F)C4=CC(=O)C=C[C@]4(C)[C@@]3(F)[C@@H](O)C[C@@]21C,1
2622,CCCC(=O)O[C@]1(C(=O)COC(C)=O)CC[C@H]2[C@@H]3C[C@H](F)C4=CC(=O)C=C[C@]4(C)[C@@]3(F)[C@@H](O)C[C@@]21C,1
2623,Cc1ccc2c(c1)[C@]13CCCC[C@@H]1[C@H](C2)N(C)CC3,1
2624,COc1ccc2c(c1)/C(=C/CCN(C)C)c1ccccc1O2,1
2625,C[C@@H]1C[C@H]2[C@@H]3CCC4=CC(=O)C=C[C@]4(C)[C@@]3(F)[C@@H](O)C[C@]2(C)[C@@]1(C)C(=O)CO,1
2626,CN(C)CC/C=C1/c2ccccc2CSc2ccccc21.[H+],1
2627,CC(=O)[C@@]1(O)[C@@H](C)C[C@H]2[C@@H]3CCC4=CC(=O)C=C[C@]4(C)[C@@]3(F)[C@@H](O)C[C@@]21C,1
2628,CC1(C)O[C@@H]2C[C@H]3C4CCC5CC(=O)CCC5(C)[C@@]4(F)[C@@H](O)CC3(C)[C@]2(C(=O)CO)O1,1
2629,O=C1C=CC=C/C1=C1/NN=CO1,1
2630,C[C@@H]1C[C@H]2[C@@H]3C[C@H](F)C4=CC(=O)C=C[C@]4(C)[C@@]3(F)[C@@H](O)C[C@]2(C)[C@@]1(O)C(=O)CO,1
2631,C[C@@H]1C[C@H]2C3C[C@H](F)C4=CC(=O)C=CC4(C)[C@@]3(F)[C@@H](O)CC2(C)[C@@]1(O)C(=O)COC(=O)C(C)(C)C,1
2632,CC1(C)O[C@@H]2CC3[C@@H]4C[C@H](F)C5=CC(=O)C=CC5(C)[C@H]4[C@@H](O)C[C@]3(C)[C@]2(C(=O)CO)O1,1
2633,CC(=O)OCC(=O)[C@@]12OC(C)(C)O[C@@H]1CC1C3C[C@H](F)C4=CC(=O)C=CC4(C)[C@H]3C(O)CC12C,1
2634,C[C@]12C=CC(=O)C=C1[C@@H](F)C[C@H]1[C@@H]3C[C@@H](O)[C@](O)(C(=O)CO)[C@@]3(C)C[C@H](O)[C@@]12F,1
2635,CC1(C)O[C@@H]2C[C@H]3[C@@H]4C[C@H](F)C5=CC(=O)C=C[C@]5(C)[C@@]4(F)[C@@H](O)C[C@]3(C)[C@]2(C(=O)CO)O1,1
2636,CCCCOC(=O)C(=O)[C@H]1[C@H](C)C[C@H]2[C@@H]3C[C@H](F)C4=CC(=O)C=C[C@]4(C)[C@H]3[C@@H](O)C[C@@]21C,1
2637,C[C@@H]1C[C@H]2[C@@H]3C[C@H](F)C4=CC(=O)C=C[C@]4(C)[C@H]3[C@@H](O)C[C@]2(C)[C@H]1C(=O)CO,1
2638,CC(=O)[C@@]1(O)CC[C@H]2[C@@H]3C[C@H](C)C4=CC(=O)C=C[C@]4(C)[C@@]3(F)[C@@H](O)C[C@@]21C,1
2639,CC(=O)O[C@@H](C)C(=O)[C@@]1(O)CC[C@H]2[C@@H]3CCC4=CC(=O)C=C[C@]4(C)[C@@]3(F)[C@@H](O)C[C@@]21C,1
2640,C=C1C[C@H]2[C@@H]3CCC4=CC(=O)C=C[C@]4(C)[C@@]3(F)C(O)C[C@]2(C)[C@@]1(O)C(=O)CO,1
2641,C[C@]12C=CC(=O)C=C1[C@@H](F)C[C@@H]1[C@@H]2[C@@H](O)C[C@@]2(C)[C@H]1CC[C@]2(O)C(=O)CO,1
2642,CCCCC(=O)O[C@]1(C(=O)CO)CCC2C3CC(F)C4=CC(=O)C=CC4(C)C3C(O)CC21C,1
2643,CNCCSC1=Cc2cc(F)ccc2Oc2ccccc21,1
2644,CC1(C)O[C@@H]2C[C@H]3[C@@H]4C[C@H](F)C5=CC(=O)CC[C@]5(C)[C@H]4[C@@H](O)C[C@]3(C)[C@]2(C(=O)CO)O1,1
2645,COc1ccc2c3c1O[C@H]1C[C@@H](O)C=C[C@@]31CCN(C)C2,1
2646,C[C@@H]1CC2[C@@H]3C[C@H](F)C4=CC(=O)C(Cl)=C[C@]4(C)[C@@]3(F)[C@@H](O)C[C@]2(C)[C@@]1(O)C(=O)CO,1
2647,CC(=O)OCC(=O)[C@@]1(O)CC[C@H]2[C@@H]3CCC4=CC(=O)CC[C@]4(C)[C@H]3[C@@H](O)C[C@@]21C,1
2648,CCCC(=O)O[C@]1(C(=O)COC(=O)CC)CC[C@H]2[C@@H]3CCC4=CC(=O)CC[C@]4(C)[C@H]3[C@@H](O)C[C@@]21C,1
2649,CCCC(=O)O[C@]1(C(=O)CO)CC[C@H]2[C@@H]3CCC4=CC(=O)CC[C@]4(C)[C@H]3[C@@H](O)C[C@@]21C,1
2650,CN1CC[C@]23c4c5ccc(O)c4O[C@H]2C(=O)CC[C@H]3[C@H]1C5,1
2651,CCCC(=O)O[C@]1(C(=O)COC(C)=O)[C@H](C)C[C@H]2[C@@H]3CCC4=CC(=O)C=C[C@]4(C)[C@@]3(Cl)[C@@H](O)C[C@@]21C,1
2652,C=C1CC2C3C=CC4=CC(=O)CCC4(C)C3C(O)CC2(C)[C@@]1(O)C(=O)CO,1
2653,O=C1CC[C@H]2[C@H]3Cc4cccc(O)c4[C@@]2(CCN3CC2CC2)C1,1
2654,CNC[C@H](O)CC12CCC(c3ccccc31)c1ccccc12,1
2655,CCO[C@H]1CCN(C(=O)c2cc(-c3ccccc3)c(=O)n3c2-c2cc(Cl)ccc2CC3)C1,1
2656,Clc1ccc(N2CCN(C/C=C/c3ccccc3)CC2)nn1,1
2657,CN1C[C@@H]2Cc3ccc(Cl)cc3[C@@H](c3ccccc3)[C@@H]2C1,1
2658,CC(C)Oc1ccccc1N1CCN(Cc2cccc(C(=O)N3CCCCC3)c2)CC1.O=C(O)CCC(=O)O,1
2659,COc1ccc(CCN2CCN(c3cccc(Cl)c3)CC2)cc1OC,1
2660,C[C@H]1C[C@H]2[C@@H]3CCC4=CC(=O)C=C[C@]4(C)[C@H]3C(=O)C[C@]2(C)[C@@]1(O)C(=O)CO,1
2661,CC1(C)NC(=O)C(/C=C/c2ccccc2)O1,1
2662,CC(=O)OCC(=O)[C@@]1(O)CC[C@H]2[C@@H]3C[C@H](C)C4=CC(=O)C=C[C@]4(C)[C@H]3[C@@H](O)C[C@@]21C,1
2663,C[C@H]1C[C@@H]2[C@H]([C@@H](O)C[C@@]3(C)[C@H]2CC[C@]3(O)C(=O)COC(=O)CCC(=O)O)[C@@]2(C)C=CC(=O)C=C12,1
2664,CCN(CC)C(=O)[C@]1(c2ccccc2)C[C@@H]1CN.[H+],1
2665,NC/C(=C/F)CCc1ccc(F)cc1,1
2666,CN(C)CC[C@]1(c2ccccc2)CCc2ccccc2C1=O,1
2667,CNc1cc(OC)c(C(=O)N[C@@H]2CCN(Cc3ccccc3)[C@@H]2C)cc1Cl,1
2668,CN1CCc2cc(Cl)c(O)cc2[C@@H](c2cccc3c2OCC3)C1,1
2669,Cc1cc2c(s1)=Nc1ccccc1NC=2N1CCN(C)CC1,1
2670,NC(=O)C1CCCCO1,1
2671,C[C@@H]1CN2CC(=O)Nc3ccc(Cl)cc3[C@]2(c2ccccc2)O1,1
2672,Oc1ccc2c(c1)[C@@]13CCCC[C@@]1(O)[C@@H](C2)N(CC1CC1)CC3,1
2673,C[C@@H]1C[C@H]2[C@@H]3C[C@H](F)C4=CC(=O)C=C[C@]4(C)[C@H]3[C@@H](O)C[C@]2(C)[C@@]1(O)C(=O)CO,1
2674,Nc1nc(=O)c2ncn(CCC(CO)CO)c2[nH]1,1
2675,C[C@H]1[C@H](c2ccccc2)OCCN1C,1
2676,CC(=O)OCC(=O)[C@@]1(O)CC[C@H]2[C@@H]3CCC4=CC(=O)C=C[C@]4(C)[C@H]3[C@@H](O)C[C@@]21C,1
2677,C[C@]12C=CC(=O)C=C1CC[C@@H]1[C@@H]2[C@@H](O)C[C@@]2(C)[C@H]1CC[C@]2(O)C(=O)COC(=O)CCC(=O)O,1
2678,CCC(=O)OCC(=O)[C@@]12OC(C)(C)O[C@@H]1CC1C3C[C@H](F)C4=CC(=O)C=CC4(C)[C@@]3(F)C(O)CC12C,1
2679,Cc1cccc(Cl)c1NC(=O)/C=C1\SCC(=O)N1C,1
2680,Cc1[nH]nc2c1N(c1ccccc1)C(=O)CC(=O)N2C,1
2681,CCOc1ccccc1O[C@@H](c1ccccc1)[C@@H]1CNCCO1,1
2682,CCN1CCC[C@H]1CNC(=O)c1c(OC)ccc(Br)c1OC,1
2683,CN1CCN(C2=Cc3cc(Cl)ccc3/C(=C\C#N)c3ccccc32)CC1,1
2684,Nc1nc2ccc(OC(F)(F)F)cc2s1.[H+],1
2685,COc1cc(C(=O)/C=C/N2CC=CC2)cc(OC)c1OC,1
2686,Cc1cccc(/C=N/N2CCN(C(c3ccccc3)c3ccccc3)CC2)n1,1
2687,Clc1ccc([C@@H]2[C@H]3CC[C@@H](C3)C23CCC(N2CCOCC2)=N3)cc1,1
2688,CN1CCN(C2=Nc3cscc3/C(=C/C#N)c3cscc32)CC1,1
2689,CCC(=O)O[C@]1(C(=O)SC)[C@H](C)CC2C3C[C@H](F)C4=CC(=O)C=CC4(C)[C@@]3(F)[C@@H](O)C[C@@]21C,1
2690,CNCC[C@@H](Oc1ccccc1C)c1ccccc1,1
2691,COc1cc2c(cc1OC)[C@@H](c1ccccc1)CN(C)CC2,1
2692,CC1(C)O[C@@H]2C[C@H]3[C@@H]4CCC5=CC(=O)C=C[C@]5(C)[C@@]4(F)[C@@H](O)C[C@]3(C)[C@]2(C(=O)CO)O1,1
2693,CC(=O)OCC(=O)[C@@]1(O)[C@H](OC(C)=O)C[C@H]2[C@@H]3CCC4=CC(=O)C=C[C@]4(C)[C@@]3(F)[C@@H](O)C[C@@]21C,1
2694,CC(C)(C)CC(=O)OCC(=O)[C@@]12OC(C)(C)O[C@@H]1C[C@H]1[C@@H]3CCC4=CC(=O)C=C[C@]4(C)[C@@]3(F)[C@@H](O)C[C@@]12C,1
2695,COc1cccc(C(=O)NC2C[C@H]3CC[C@@H](C2)N3Cc2ccccc2)c1OC,1
2696,CN1c2ccccc2C(c2ccccc2Cl)=NCC1(Cl)CO,1
2697,CO[C@@H]1O[C@H]2O[C@@]3(CN4CCCCC4)[C@@H]1[C@H](C[C@@H]3O)[C@H]2C,1
2698,CC/C=C(\C)C1(CC)C(=O)NC(=O)NC1=O,1
2699,CC1=C2C(c3cccc(Cl)c3)=NCCN=C2N(C)N1,1
2700,O=c1[nH]c2cc(Cl)c(Cl)c([N+](=O)[O-])c2[nH]c1=O,1
2701,C[S+](CC[C@H](N)C(=O)[O-])C[C@H]1O[C@@H](n2cnc3c(N)ncnc32)[C@H](O)[C@@H]1O,1
2702,CC(Cc1ccccc1)n1cc([N-]C(=O)Nc2ccccc2)[o+]n1,1
2703,CCc1c(C)[n+]([NH-])c(-c2ccc(OC)c(OC)c2)c2cc(OC)c(OC)cc12,1
2704,[N-]=[N+]=NCC(=O)N[C@H](CO)[C@H](O)c1ccc([N+](=O)[O-])cc1,1
2705,O=C1C(O)=C(C2CCC(c3ccc(Cl)cc3)CC2)C(=O)c2ccccc21,0
2706,CCC(C)C(N)C1=NC(C(=O)NC(CC(C)C)C(=O)NC(CCC(=O)O)C(=O)NC(C(=O)NCCCCC2NC(=O)C(CC(N)=O)NC(=O)C(CC(=O)O)NC(=O)C(Cc3c[nH]cn3)NC(=O)C(Cc3ccccc3)NC(=O)C(C(C)CC)NC(=O)C(CCCN)NC2=O)C(C)CC)CS1,0
2707,O=C(Cc1ccc(Cl)c(Cl)c1)N1CCc2[nH]cnc2C1CN1CCCC1,0
2708,NS(=O)(=O)c1cc2c(cc1Cl)N=CNS2(=O)=O,0
2709,CC12CCC(=O)C=C1CCC1C2C(O)CC2(C)C(C(=O)CO)CCC12,0
2710,CC12CCC(=O)C=C1CCC1C2C(O)CC2(C)C1CCC2(O)C(=O)CO,0
2711,CC(CN1CC(=O)NC(=O)C1)N1CC(=O)NC(=O)C1,0
2712,O=c1[nH]cnc2c1ncn2C1CCC(CO)O1,0
2713,CN1CC(C(=O)NC2(C)OC3(O)C4CCCN4C(=O)C(Cc4ccccc4)N3C2=O)CC2c3cccc4[nH]cc(c34)CC21,0
2714,O=C1Nc2ccc(Cl)cc2C(C#CC2CC2)(C(F)(F)F)O1,0
2715,CN(C(=O)Cc1ccccc1N)C(CN1CCC(O)C1)c1ccccc1,0
2716,CCOC(=O)C(CCc1ccccc1)NC(C)C(=O)N1CCCC1C(=O)O,0
2717,CCC(CO)NCCNC(CC)CO,0
2718,CC(=O)N1CCN(C(=O)Cc2ccc(Cl)c(Cl)c2)C(CN2CCC(O)C2)C1,0
2719,CC(=O)N1CCN(C(=O)Cc2ccc(C(F)(F)F)cc2)C(CN2CCC(O)C2)C1,0
2720,CSc1ccc(CC(=O)N2CCN(C(C)=O)CC2CN2CCC(O)C2)cc1,0
2721,CC(=O)N1CCN(C(=O)Cc2cc(F)cc(F)c2)C(CN2CCC(O)C2)C1,0
2722,CC(=O)N1CCN(C(=O)Cc2ccccc2)C(CN2CCC(O)C2)C1,0
2723,CC(=O)N1CCN(C(=O)Cc2ccc([N+](=O)[O-])cc2)C(CN2CCC(O)C2)C1,0
2724,COc1ccc(CC(=O)N2CCN(C(C)=O)CC2CN2CCC(O)C2)cc1,0
2725,CC(=O)N1CCN(C(=O)Cc2cccc([N+](=O)[O-])c2)C(CN2CCC(O)C2)C1,0
2726,CC(=O)N1CCN(C(=O)Cc2ccc(S(C)=O)cc2)C(CN2CCC(O)C2)C1,0
2727,CC(=O)N1CCN(C(=O)Cc2ccc(S(C)(=O)=O)cc2)C(CN2CCC(O)C2)C1,0
2728,N=C(N)NCC1COC2(CCCCC2)O1,0
2729,Cc1cc(NC(=O)C2=C(O)c3ccccc3S(=O)(=O)N2C)no1,0
2730,CC(N)C(O)c1cccc(O)c1,0
2731,CC#CC1(O)CCC2C3CCC4=CC(=O)CCC4=C3C(c3ccc(N(C)C)cc3)CC21C,0
2732,CC1(C)SC2C(NC(=O)COc3ccccc3)C(=O)N2C1C(=O)O,0
2733,CCC(C)C(=O)OC1CC(O)C=C2C=CC(C)C(CCC(O)CC(O)CC(=O)O)C21,0
2734,C=C[C@H]1C[N@@]2CC[C@H]1C[C@H]2[C@H](O)c1ccnc2ccc(OC)cc12,0
2735,CNC(=C[N+](=O)[O-])NCCSCc1ccc(CN(C)C)o1,0
2736,O=C1NC(=O)C2(CCN(C(=O)Cc3ccc(Cl)c(Cl)c3)C(CN3CCCC3)C2)N1,0
2737,O=C(Cc1ccc(Cl)c(Cl)c1)N1CCn2ccnc2C1CN1CCC(O)C1,0
2738,O=C(Cc1ccc(Cl)c(Cl)c1)N1CCN(CCO)CC1CN1CCC(O)C1,0
2739,O=C(Cc1ccc(Cl)c(Cl)c1)N1CCc2[nH]cnc2C1CN1CCC(O)C1,0
2740,CCC(NC(=O)c1c(OCCCC(=O)O)c(-c2ccccc2)nc2ccccc12)c1ccccc1,0
2741,CCC(NC(=O)c1c(OCCNC(=O)Cc2ccccc2C(=O)O)c(-c2ccccc2)nc2ccccc12)c1ccccc1,0
2742,CCC(NC(=O)c1c(OCCNC(=O)Cc2ccccn2)c(-c2ccccc2)nc2ccccc12)c1ccccc1,0
2743,CCC(NC(=O)c1c(OCCNC(=O)C2CCCN2)c(-c2ccccc2)nc2ccccc12)c1ccccc1,0
2744,CCC(NC(=O)c1c(Cn2ccnc2)c(-c2ccccc2)nc2ccccc12)c1ccccc1,0
2745,CC1CN(c2c(F)c(N)c3c(=O)c(C(=O)O)cn(C4CC4)c3c2F)CC(C)N1,0
2746,CN(N=O)C(=O)NC1C(O)OC(CO)C(O)C1O,0
2747,CN1C(C(=O)Nc2ccccn2)=C(O)c2sccc2S1(=O)=O,0
2748,CC(C)(O)C(F)(F)F,1
2749,CN1CCC2c3cc(Cl)ccc3Oc3ccccc3C2C1,1
2750,Nc1nc(NC2CC2)c2ncn(C3C=CC(CO)C3)c2n1,1
2751,O=c1[nH]cnc2[nH]ncc12,1
2752,O=C(Cc1ccc(Cl)c(Cl)c1)N1CCCCC1CN1CCCC1,1
2753,O=C(Cc1ccc(Cl)c(Cl)c1)N1CCc2ccccc2C1CN1CCCC1,1
2754,O=C(Cc1ccc(C(F)(F)F)cc1)N1CCCCC1CN1CCCC1,1
2755,O=C(Cc1ccc(Cl)c(Cl)c1)N1CCc2sccc2C1CN1CCCC1,1
2756,O=C(Cc1ccc(Cl)c(Cl)c1)N1CCc2ccsc2C1CN1CCCC1,1
2757,CC1(C)CCN(C(=O)Cc2ccc(Cl)c(Cl)c2)C(CN2CCCC2)C1,1
2758,Nc1nc(Cl)nc2c1ncn2C1CC(O)C(CO)O1,1
2759,CCCCCCn1ccc(=O)c(O)c1C,1
2760,Nc1ccn(C2OC(CO)C(O)C2O)c(=O)n1,1
2761,CN(C)N=Nc1[nH]cnc1C(N)=O,1
2762,CC(=O)N1CCN(C(=O)Cc2ccc(Cl)c(Cl)c2)C(CN2CCCC2)C1,1
2763,O=C(Cc1ccc(Cl)c(Cl)c1)N1CCc2occc2C1CN1CCCC1,1
2764,COC(=O)N1CCN(C(=O)Cc2ccc(Cl)c(Cl)c2)C(CN2CCCC2)C1,1
2765,CCOC(=O)N1CCN(C(=O)Cc2ccc(Cl)c(Cl)c2)C(CN2CCCC2)C1,1
2766,CCCOC(=O)N1CCN(C(=O)Cc2ccc(Cl)c(Cl)c2)C(CN2CCCC2)C1,1
2767,O=C(Cc1ccc(Cl)c(Cl)c1)N1CCc2occc2C1CN1CCC(O)C1,1
2768,CC(C)C(CN1CCCC1)N(C)C(=O)Cc1ccc(Cl)c(Cl)c1,1
2769,CN(C(=O)Cc1ccc(Cl)c(Cl)c1)C(CN1CCCC1)c1ccccc1,1
2770,C=CCN1CCC23c4c5ccc(O)c4OC2C(O)C=CC3C1C5,1
2771,OCC1OC(n2cnc3c2N=CNCC3O)CC1O,1
2772,COC(C(=O)C(O)C(C)O)C1Cc2cc3cc(OC4CC(OC5CC(O)C(O)C(C)O5)C(O)C(C)O4)c(C)c(O)c3c(O)c2C(=O)C1OC1CC(OC2CC(O)C(OC3CC(C)(O)C(O)C(C)O3)C(C)O2)C(O)C(C)O1,1
2773,C=C[C@H]1C[N@@]2CC[C@H]1C[C@@H]2[C@@H](O)c1ccnc2ccc(OC)cc12,1
2774,CCCNC(=O)c1ccc2c(c1)N(C(C)CN1CCCC1)c1ccccc1S2,1
2775,CN1CCN(C(=O)Cc2ccc(Cl)c(Cl)c2)C(CN2CCCC2)C1,1
2776,O=C(Cc1ccc(Cl)c(Cl)c1)N1CCn2ccnc2C1CN1CCCC1,1
2777,O=C(Cc1ccc(Cl)c(Cl)c1)N1CCn2ncnc2C1CN1CCCC1,1
2778,CCC(NC(=O)c1c(O)c(-c2ccccc2)nc2ccccc12)c1ccccc1,1
2779,CCC(NC(=O)c1c(OCCCN(C)C)c(-c2ccccc2)nc2ccccc12)c1ccccc1,1
2780,CNC(=NC#N)NCCSCc1csc(N=C(N)N)n1,1
2781,NC1C2CN(c3nc4c(cc3F)c(=O)c(C(=O)O)cn4-c3ccc(F)cc3F)CC12,1
2782,CN(C(=O)Cc1ccc(Cl)c(Cl)c1)C1CCCCC1N1CCCC1,1
2783,CC(=O)Nc1ccccc1,1
2784,C=C1/C(=C\C=C2/CCC[C@]3(C)[C@@H]2CC[C@H]3[C@@H](C)CCCC(C)C)C[C@H](O)C[C@H]1O,1
2785,Cc1c(N(C)C)c(=N)n(-c2ccccc2)n1C,1
2786,COc1ccccc1OCCNC[C@@H](O)c1ccc(C)cc1S(N)(=O)=O,1
2787,CC(C)(C#N)c1cc(Cn2cncn2)cc(C(C)(C)C#N)c1,1
2788,CN1CCN(CCCCN2C(=O)CN(/N=C/c3ccc(-c4ccc(Cl)cc4)o3)C2=O)CC1,1
2789,NS(=O)(=O)c1cc2c(cc1C(F)(F)F)N[C@H](Cc1ccccc1)NS2(=O)=O,1
2790,CC(C)COC[C@@H](CN1CCCC1)N(Cc1ccccc1)c1ccccc1,1
2791,CC(C)(Oc1ccc(CCNC(=O)c2ccccc2)cc1)C(=O)O,1
2792,O[C@](CCN1CCCCC1)(c1ccccc1)[C@@H]1C[C@H]2C=C[C@H]1C2,1
2793,CCN(CC)CCCOC(=O)[C@@]1(c2ccccc2)C[C@@H]2CC[C@@H]1C2,1
2794,CCC[C@@H]1O[C@@H]2C[C@@H]3[C@@H]4CCC5=CC(=O)C=C[C@]5(C)[C@@H]4[C@@H](O)C[C@]3(C)[C@]2(C(=O)CO)O1,1
2795,CN(C)C(=O)O[C@@H]1N=C(c2ccccc2)c2cc(Cl)ccc2N(C)C1=O,1
2796,CCN(CC)CCCCN(C)c1ccnc2cc(Cl)ccc12,1
2797,OC[C@H](O)COc1ccc(Cl)cc1,1
2798,CCC#CC[C@H](C)[C@@H](O)C#C[C@@H]1[C@H]2C/C(=C\COCC(=O)O)C[C@@H]2C[C@@H]1O,1
2799,COc1ccc([C@]2(C#N)CC[C@H](C(=O)O)CC2)cc1OC1CCCC1,1
2800,C[C@@]12C[C@@H](O)[C@@H]3[C@H](CCC4=CC(=O)CC[C@]43C)[C@H]1CC[C@@H]2C(=O)CO,1
2801,NS(=O)(=O)c1cc2c(cc1Cl)N[C@H](CN1CCCC1)NS2(=O)=O,1
2802,CC(=O)Oc1ccc2c3c1O[C@H]1[C@H](OC(C)=O)C=C[C@H]4[C@H](C2)N(C)CCC[C@@]341,1
2803,CN(CCOc1ccc(NS(C)(=O)=O)cc1)CCc1ccc(NS(C)(=O)=O)cc1,1
2804,COc1cc2nc(N3CCN(C(=O)[C@@H]4COc5ccccc5O4)CC3)nc(N)c2cc1OC,1
2805,CN1C[C@@H](C(=O)N[C@]2(C)O[C@@]3(O)[C@@H]4CCCN4C(=O)[C@@H](Cc4ccccc4)N3C2=O)C=C2c3cccc4[nH]cc(c34)C[C@@H]21,1
2806,C#C[C@@]1(O)CC[C@@H]2[C@@H]3CCc4cc(O)ccc4[C@@H]3CC[C@@]21C,1
2807,C#C[C@@]1(OC(C)=O)CC[C@@H]2[C@@H]3CCC4=C[C@@H](OC(C)=O)CC[C@@H]4[C@@H]3CC[C@@]21C,1
2808,O=C(O)Cc1ccccc1Oc1ccc(Cl)cc1Cl,1
2809,CC(C)(C)NC(=O)[C@@H]1CC[C@@H]2[C@@H]3CC[C@@H]4NC(=O)C=C[C@@]4(C)[C@@H]3CC[C@]21C,1
2810,OCCN1CCN(CC/C=C2\c3ccccc3Sc3ccc(C(F)(F)F)cc32)CC1,1
2811,CC(C)n1c(/C=C/[C@H](O)C[C@@H](O)CC(=O)O)c(-c2ccc(F)cc2)c2ccccc21,1
2812,CC(=O)O[C@H]1C[C@@]2(C)[C@@H](C[C@@H](O)[C@@H]3[C@]4(C)CC[C@@H](O)[C@@H](C)[C@@H]4CC[C@]32C)/C1=C(/CCC=C(C)C)C(=O)O,1
2813,Cc1ccc(C)c(OCCCC(C)(C)C(=O)O)c1,1
2814,C[C@@H]([C@](O)(Cn1cncn1)c1ccc(F)cc1F)S(C)(=O)=O,1
2815,CCC1=C(C)CN(C(=O)NCCc2ccc(S(=O)(=O)NC(=O)N[C@H]3CC[C@H](C)CC3)cc2)C1=O,1
2816,Cc1cnc(C(=O)NCCc2ccc(S(=O)(=O)NC(=O)NC3CCCCC3)cc2)cn1,1
2817,NCC(=O)O,1
2818,CN1[C@@H]2CCC[C@H]1C[C@@H](NC(=O)c1nn(C)c3ccccc13)C2,1
2819,O=C(CCCN1CCC(O)(c2cccc(Cl)c2)CC1)c1ccc(F)cc1,1
2820,CC[C@@H](C(=O)O)c1ccc(N2Cc3ccccc3C2=O)cc1,1
2821,COc1ccc2c(c1)c(CC(=O)O)cn2C(=O)c1ccccc1,1
2822,CCCCC1=NC2(CCCC2)C(=O)N1Cc1ccc(-c2ccccc2-c2nn[nH]n2)cc1,1
2823,O=[N+]([O-])O[C@H]1CO[C@H]2[C@H]1OC[C@H]2O,1
2824,Cc1cc(NC(=O)C2=C(O)c3ccccc3S(=O)(=O)[C@@H]2C)no1,1
2825,O=C(c1ccc(F)cc1)C1CCN(CCn2c(=O)[nH]c3ccccc3c2=O)CC1,1
2826,N#Cc1ccc(C(c2ccc(C#N)cc2)n2cncn2)cc1,1
2827,CC(C)(C)NC[C@H](O)COc1cccc2c1CCCC2=O,1
2828,C#C[C@@]1(O)CC[C@@H]2[C@@H]3CCC4=CC(=O)CC[C@@H]4[C@@H]3CC[C@@]21CC,1
2829,CCN(CC)C(=O)N[C@H]1C=C2c3cccc4[nH]cc(c34)C[C@@H]2N(C)C1,1
2830,CN1C(=O)[C@@H](O)N=C(c2ccccc2Cl)c2cc(Cl)ccc21,1
2831,CN1C(C(=O)Nc2ccccn2)=C(O)c2sc(Cl)cc2S1(=O)=O,1
2832,C#C[C@@]1(O)CC[C@@H]2[C@@H]3CCC4=CCCC[C@@H]4[C@@H]3CC[C@@]21C,1
2833,CC(=O)O[C@]1(C(C)=O)CC[C@@H]2[C@H]3C=C(C)C4=CC(=O)CC[C@@]4(C)[C@H]3CC[C@]21C,1
2834,CC[C@]1(c2cccc(O)c2)CCCCN(C)C1,1
2835,CN1C(=O)C[C@@](C)(c2ccccc2)C1=O,1
2836,CC[C@H](CO)NC(=O)[C@H]1C=C2c3cccc4[nH]cc(c34)C[C@@H]2N(C)C1,1
2837,CC[C@H](CO)NC(=O)[C@H]1C=C2c3cccc4c3c(cn4C)C[C@@H]2N(C)C1,1
2838,Oc1ccc2c3c1O[C@@H]1[C@@H](O)CC[C@]4(O)[C@@H](C2)N(CC2CCC2)CC[C@@]314,1
2839,O=C(NCCO[N+](=O)[O-])c1cccnc1,1
2840,CN1CCC[C@@H]1c1cccnc1,1
2841,COC(=O)C1=C(C#N)NC(C)=C(C(=O)OC(C)C)[C@H]1c1cccc([N+](=O)[O-])c1,1
2842,O=[N+]([O-])c1ccc(O)c2ncccc12,1
2843,C#C[C@@]1(O)CC[C@@H]2[C@@H]3CCC4=CC(=O)CC[C@@H]4[C@@H]3CC[C@@]21C,1
2844,C#C[C@@]1(OC(C)=O)CC[C@@H]2[C@@H]3CCC4=CC(=NO)CC[C@@H]4[C@@H]3CC[C@@]21CC,1
2845,Cn1c2c(c3ccccc31)C(=O)[C@@H](Cn1ccnc1)CC2,1
2846,N=C1Cc2ccccc2N(C(N)=O)c2ccccc21,1
2847,CCN(CC)CC#CCOC(=O)[C@](O)(c1ccccc1)C1CCCCC1,1
2848,CCCC[C@@H]1C(=O)N(c2ccccc2)N(c2ccc(O)cc2)C1=O,1
2849,Fc1ccc([C@H]2CCNC[C@@H]2COc2ccc3c(c2)OCO3)cc1,1
2850,CCC[C@H](C)C1(CC)C(=O)NC(=O)NC1=O,1
2851,CCN(CC)CC[C@]1(c2ccccc2)CCC(=O)NC1=O,1
2852,O=C1c2ccccc2C(=O)C1c1ccccc1,1
2853,CN1[C@H](CSCC(F)(F)F)Nc2cc(Cl)c(S(N)(=O)=O)cc2S1(=O)=O,1
2854,C[C@H](O)Cn1cnc2c1c(=O)n(C)c(=O)n2C,1
2855,CN[C@@H](C)[C@@H](O)c1ccccc1,1
2856,CCN1CCC[C@@H]1CNC(=O)c1c(OC)ccc(Br)c1OC,1
2857,CCOc1cc(CC(=O)N[C@H](CC(C)C)c2ccccc2N2CCCCC2)ccc1C(=O)O,1
2858,C#CCN(C)[C@@H](C)Cc1ccccc1,1
2859,CN1C(C(=O)Nc2nccs2)=C(O)c2ccccc2S1(=O)=O,1
2860,O=C1C(CCS(=O)c2ccccc2)C(=O)N(c2ccccc2)N1c1ccccc1,1
2861,CN1C(C(=O)Nc2ccccn2)=Cc2sccc2S1(=O)=O,1
2862,CCO[C@H](Cc1ccc(OCCc2ccc(OS(C)(=O)=O)cc2)cc1)C(=O)O,1
2863,C[C@@]12CC[C@@H]3[C@H](CCC4=CC(=O)CC[C@]43C)[C@H]1CC[C@H]2O,1
2864,CCCC(=O)[C@]1(c2ccccc2)CCC=C[C@@H]1N(C)C,1
2865,Cc1cccc(C)c1NC(=O)[C@@H](C)N,1
2866,CN(C)CCOc1ccc(C(=C(CCCl)c2ccccc2)c2ccccc2)cc1,1
2867,C[C@@]12C=CC(=O)C=C1CC[C@@H]1[C@H]3C[C@@H](O)[C@@](O)(C(=O)CO)[C@]3(C)C[C@@H](O)[C@@]12F,1
2868,O[C@](CCN1CCCCC1)(c1ccccc1)C1CCCCC1,1
2869,O=[P@@]1(N(CCCl)CCCl)OCCCN1CCCl,1
2870,C[C@H](c1cc2ccccc2s1)N(O)C(N)=O,1
2871,Cc1cc(CC(=O)O)n(C)c1C(=O)c1ccc(Cl)cc1,1
2872,CC(C)(Oc1ccc([C@@H]2CC2(Cl)Cl)cc1)C(=O)O,1
2873,O=C1OC2(c3ccc(O)cc3Oc3cc(O)ccc32)c2ccccc21,1
2874,CCn1cc(C(=O)O)c(=O)c2cc(F)c(N3CCN[C@@H](C)C3)c(F)c21,1
2875,Clc1ccc(CO[C@H](Cn2ccnc2)c2ccc(Cl)cc2Cl)c(Cl)c1,1
2876,CN(C)CC[C@H](c1ccccc1)c1ccccn1,1
2877,C[C@@]12C=CC(=O)C=C1CC[C@H]1[C@H]2[C@H](O)C[C@]2(C)[C@@H]1CC[C@@]2(O)C(=O)CO,1
2878,CSc1ccc2ncn(/C=C/C(=O)O)c(=O)c2c1,1
2879,CN1c2ccccc2N(CCCCCCC(=O)O)c2ccc(Cl)cc2S1(=O)=O,1
2880,CCOc1ccccc1OC[C@H]1COCCN1,1
2881,COc1cc(N)c(Cl)cc1C(=O)N[C@@H]1CCN(CCCOc2ccc(F)cc2)C[C@@H]1OC,1
2882,CC(=O)O[C@]1(C(C)=O)CC[C@@H]2[C@@H]3C=C(Cl)C4=CC(=O)[C@H]5C[C@@H]5[C@]4(C)[C@@H]3CC[C@@]21C,1
2883,Cc1ccc(S(=O)(=O)NC(=O)N[C@@H]2[C@H]3CC[C@](C)([C@H]2O)C3(C)C)cc1,1
2884,CC(C)Cc1ccc([C@H](C)C(=O)O)cc1,1
2885,O=C(O)Cc1ccc2c(c1)C(=O)c1ccccc1CO2,1
2886,CCOC(=O)C1=C(C)NC(C)=C(C(=O)OCC)C1c1ccccc1/C=C/C(=O)OC(C)(C)C,1
2887,Cc1cccc(C)c1OC[C@H](C)N,1
2888,CN1CCO[C@H](c2ccccc2)c2ccccc2C1,1
2889,Cc1nc(NCc2cccnc2)c(C#N)c(=O)[nH]1,1
2890,CCN(C)C(=O)Oc1cccc([C@@H](C)N(C)C)c1,1
2891,CCCNC(Cc1cccc2c1CC(=O)N2)NCCC,1
2892,COc1cc(C)c(S(C)=O)cc1OC,1
2893,CN1CCN(C(=O)O[C@@H]2c3nccnc3C(=O)N2c2ccc(Cl)cn2)CC1,1
2894,CN1C(=O)CC[C@@H]1c1cccnc1,1
2895,COc1ccc(CCN(C)CCC[C@](C#N)(c2cc(OC)c(OC)c(OC)c2)C(C)C)cc1OC,1
2896,Cc1ccc(S(=O)(=O)NC(=O)NN2C[C@H]3CCC[C@H]3C2)cc1,1
2897,O=C1Nc2ccc(Cl)cc2C(c2ccccc2)=N[C@H]1O,1
2898,CCCCNc1cc(C(=O)O)cc(S(N)(=O)=O)c1Oc1ccccc1,1
2899,COc1c(N2CCN[C@@H](C)C2)c(F)cc2c(=O)c(C(=O)O)cn(C3CC3)c12,1
2900,COCCc1ccc(OC[C@@H](O)CNC(C)C)cc1,1
2901,Nc1nc(N2CCCCC2)cc[n+]1[O-],1
2902,CC(=O)[C@@H]1CC[C@@H]2[C@@H]3CCC4=CC(=O)CC[C@]4(C)[C@@H]3CC[C@]21C,1
2903,Cc1cccc(Nc2ccncc2S(=O)(=O)NC(=O)NC(C)C)c1,1
2904,CCN(CC)c1cc(C)nc2ncnn12,1
2905,Cc1cnc(C(=O)O)c[n+]1[O-],1
2906,CC[C@]1(CCC(C)C)C(=O)N=C(O)N=C1O,1
2907,N[C@H](CCC(=O)O)c1ccc(Cl)cc1,1
2908,CCOC(=O)n1ccn(C)c1=S,1
2909,CC(C)(C)NC[C@H](O)COc1cccc2c1CCC(=O)N2,1
2910,CC1=C(C(=O)O)N2C(=O)[C@H](NC(=O)[C@@H](N)C3=CCC=CC3)[C@@H]2SC1,1
2911,OCCN1CCN(CC/C=C2\c3ccccc3Sc3ccc(Cl)cc32)CC1,1
2912,CCN(CC)[C@H](C)C(=O)c1ccccc1,1
2913,CC(C)N(CC[C@](C(N)=O)(c1ccccc1)c1cccnc1)C(C)C,1
2914,O=c1[nH]c2ccccc2n1CCCN1CCC(Nn2c(=O)[nH]c3cc(Cl)ccc32)CC1,1
2915,CN(C)CC/C=C1\c2ccccc2CSc2ccccc21,1
2916,CC(=O)OCC(=O)[C@@]1(O)CC[C@@H]2[C@@H]3CCC4=CC(=O)CC[C@]4(C)[C@]3(F)[C@@H](O)C[C@@]21C,1
2917,C[C@H](C(=O)O)c1ccc(-c2cccc(F)c2)cc1,1
2918,COc1ccc2c3c1O[C@@H]1C[C@@H](O)C=C[C@]31CCN(C)C2,1
2919,COCCOc1cnc(NS(=O)(=O)c2ccccc2)nc1,1
2920,CN1C(=O)[C@@](C)(C2=CCCCC2)C(=O)N=C1O,1
2921,C[C@H](C(=O)O)c1cccc(C(=O)c2ccccc2)c1,1
2922,O=C(c1ccccc1)c1ccc2n1CC[C@@H]2C(=O)O,1
2923,O=C1Nc2ccc(Cl)cc2C(c2ccccc2Cl)=N[C@H]1O,1
2924,Cn1cc[nH]c1=S,1
2925,COC(=O)c1c(C)cc([N+](=O)[O-])c(C(=O)OCCN(C)Cc2ccccc2)c1C1C=C(C)NC(C)=C1,1
2926,CN/C(=C\[N+](=O)[O-])NCCSCc1csc(CN(C)C)n1,1
2927,CC(C)=CCN1CC[C@]2(C)c3cc(O)ccc3C[C@@H]1[C@H]2C,1
2928,CC(=O)CCCCn1c(=O)c2c(ncn2C)n(C)c1=O,1
2929,CCC[C@@H](N[C@H](C)C(=O)N1[C@H](C(=O)O)C[C@@H]2CCCC[C@@H]21)C(=O)OCC,1
2930,C[C@H](N)[C@@H](O)c1ccccc1,1
2931,CC(=O)Nc1ccc([C@H](O)CNC(C)C)cc1,1
2932,C[C@@H](CN1c2ccccc2Sc2ccccc21)N(C)C,1
2933,CC(C)N[C@@H](C)[C@@H](O)c1cccc2ccccc12,1
2934,C[C@H](NCCc1ccc(O)cc1)[C@@H](O)c1ccc(O)cc1,1
2935,CC(C)NC[C@H](O)COc1cccc(NS(C)(=O)=O)c1,1
2936,Cc1nsc(NS(=O)(=O)c2ccc(N)cc2)c1C,1
2937,CN1C(=O)[C@@H](O)N=C(c2ccccc2)c2cc(Cl)ccc21,1
2938,CC(C)(C)NC[C@H](O)COc1nsnc1N1CCOCC1,1
2939,CN1[C@@H]2CC[C@@H]1CC(OC(=O)c1cn(C)c3ccccc13)C2,1
2940,COc1ccc([C@H](CN(C)C)C2(O)CCCCC2)cc1,1
2941,CCCN(CCC)C(=O)Cc1c(-c2ccc(C)cc2)nc2ccc(C)cn12,1
2942,CN1[C@@H]2CC[C@H]1C[C@H](OC(=O)[C@@H](CO)c1ccccc1)C2,1
2943,O=C(O)c1cccnc1,1
2944,C=CCc1ccccc1OC[C@@H](O)CNC(C)C,1
2945,Nc1cc(-c2ccncc2)c[nH]c1=O,1
2946,CN1[C@@H]2C[C@@H](OC(=O)[C@@H](CO)c3ccccc3)C[C@H]1[C@@H]1O[C@H]12,1
2947,COC(=O)C1=C(C)NC(C)=C(C(=O)OC(C)C)[C@H]1c1cccc2nonc12,1
2948,CC(C)CCC[C@H](C)[C@@H]1CC[C@@H]2[C@@H]3CC=C4C[C@@H](O)CC[C@]4(C)[C@@H]3CC[C@@]21C,1
2949,C[C@@]12CCC(=O)C=C1CC[C@H]1[C@H]2[C@H](O)C[C@]2(C)[C@@H]1CC[C@@]2(O)C(=O)CO,1
2950,C=CCN1CC[C@@]23c4c5ccc(O)c4O[C@H]2C(=O)CC[C@@]3(O)[C@@H]1C5,1
2951,COc1cc2nc(N3CCN(C(=O)[C@@H]4CCCO4)CC3)nc(N)c2cc1OC,1
2952,C=CCNc1nc(NCC=C)nc(N2CCN(C(c3ccc(F)cc3)c3ccc(F)cc3)CC2)n1,1
2953,CN1CCC(=C2c3ccccc3CCc3cccnc32)CC1,1
2954,CC(C)NC[C@H](O)COc1ccc(CCOCC2CC2)cc1,1
2955,CC(C)NC[C@H](O)COc1ccc(COCCOC(C)C)cc1,1
2956,Nc1ccc(S(=O)(=O)c2ccc(O)cc2)cc1,1
2957,C[C@@H]1C[C@@H]2[C@@H]3CCC4=CC(=O)C=C[C@]4(C)[C@]3(F)[C@@H](O)C[C@]2(C)[C@@]1(O)C(=O)CO,1
2958,O=C(O)c1cc(-c2ccc(F)cc2F)ccc1O,1
2959,CN(C(=O)C(Cl)Cl)c1ccc(O)cc1,1
2960,CCC(=O)C(=O)c1ccc(OCC(=O)O)c(Cl)c1Cl,1
2961,CC(C)=CCC1C(=O)N(c2ccccc2)N(c2ccccc2)C1=O,1
2962,CC(C)C(=O)Nc1ccc([N+](=O)[O-])c(C(F)(F)F)c1,1
2963,CCCCCC(=O)O[C@]1(C(C)=O)CC[C@@H]2[C@@H]3C=CC4=CC(=O)CC[C@]4(C)[C@@H]3CC[C@@]21C,1
2964,O=[N+]([O-])O[C@@H]1CO[C@H]2[C@H]1OC[C@H]2O[N+](=O)[O-],1
2965,CC(=CC(=O)O)/C=C/C=C(C)\C=C/C1=C(C)CCCC1(C)C,1
2966,CN1CCC(=C2c3ccccc3CC(=O)c3sccc32)CC1,1
2967,CCN(CCCCOC(=O)c1ccc(OC)c(OC)c1)[C@@H](C)Cc1ccc(OC)cc1,1
2968,C#C[C@@]1(O)CC[C@@H]2[C@@H]3CC[C@@H]4CC(=O)CCC4=C3[C@H](c3ccc(N(C)C)cc3)C[C@@]21C,1
2969,CN1CC[C@@]23c4c5ccc(O)c4O[C@H]2[C@@H](O)C=C[C@@H]3[C@@H]1C5,1
2970,COc1c2c(cc(F)c1N1C[C@@H]3CCCN[C@@H]3C1)C(=O)C(C(=O)O)=C[C@@H]2NC1CC1,1
2971,CCN1C[C@@H](C(=O)O)C(=O)c2ccc(C)nc21,1
2972,COC(=O)C1=C(C)NC(C)=C(C(=O)OCC(C)C)[C@H]1c1ccccc1[N+](=O)[O-],1
2973,Nc1ccc(/N=N/c2ccccc2)c(N)n1,1
2974,O=C1NNC(=O)C1(c1ccccc1)c1ccccc1,1
2975,CCCc1cc(C(N)=S)ccn1,1
2976,C=CC[C@@]1([C@@H](C)CCC)C(=C)NC(O)=NC1=O,1
2977,COCCCOc1ccnc(CS(=O)c2nc3ccccc3[nH]2)c1C,1
2978,C[C@H]1CN(c2c(F)c(N)c3c(=O)c(C(=O)O)cn(C4CC4)c3c2F)C[C@H](C)N1,1
2979,Cc1cc(NS(=O)(=O)c2ccc(N)cc2)nc(C)n1,1
2980,CC1=C(CC(=O)O)c2cc(F)ccc2/C1=C/c1ccc(S(C)=O)cc1,1
2981,CC[C@@H]1OC(=O)[C@@H](C)C(=O)[C@H](C)[C@@H](O[C@@H]2O[C@@H](C)C[C@@H](N(C)C)[C@@H]2O)[C@](C)(OC)C[C@H](C)C(=O)[C@H](C)[C@H]2N(CCCCn3cnc(-c4cccnc4)c3)C(=O)O[C@]12C,1
2982,Cc1ccsc1C(=CCCN1CCC[C@H](C(=O)O)C1)c1sccc1C,1
2983,C#C[C@@]1(O)CC[C@@H]2[C@H]3[C@@H](C)CC4=C(CCC(=O)C4)[C@@H]3CC[C@@]21C,1
2984,c1ccc(CC2=NCCN2)cc1,1
2985,CC1(C)O[C@H]2C[C@H]3[C@@H]4CCC5=CC(=O)C=C[C@H]5[C@]4(F)[C@H](O)C[C@]3(C)[C@@]2(C(=O)CO)O1,1
2986,COc1ccc2c3c1O[C@H]1[C@@H](O)CC[C@@H]4[C@H](C2)N(C)CC[C@]341,1
2987,CCN1CCC[C@@H]1CNC(=O)c1cc(S(=O)(=O)CC)ccc1OC,1
2988,NC(=O)N1C(=O)[C@@H](C(=O)c2cccs2)c2cc(Cl)ccc21,1
2989,Cc1ccc(C(=CCN2CCCC2)c2cccc(/C=C/C(=O)O)n2)cc1,1
2990,CCCC[C@](C)(O)C/C=C/[C@H]1[C@H](O)CC(=O)[C@H]1CCCCCCC(=O)OC,1
2991,CCOC(=O)Nc1ccc2c(c1)N(C(=O)CCN1CCOCC1)c1ccccc1S2,1
2992,COc1nc(C)nc(Cl)c1NC1=NCCN1,1
2993,N[C@@H]1[C@H]2CN(c3nc4c(cc3F)c(=O)c(C(=O)O)cn4-c3ccc(F)cc3F)C[C@@H]12,1
2994,CN(C)CCCOc1nn(Cc2ccccc2)c2ccccc12,1
2995,C[C@@H](NC(C)(C)C)C(=O)c1ccc(Cl)cc1,1
2996,C/N=C(\NC#N)NCCSCc1nc[nH]c1C,1
2997,CCC[C@@H]1C[C@H](C(=O)N[C@H]([C@@H]2O[C@@H](SC)[C@@H](O)[C@@H](O)[C@@H]2O)[C@H](C)Cl)N(C)C1,1
2998,NC1=NC(=O)N([C@H]2CS[C@H](CO)O2)CC1,1
2999,CC(C)NC(=N)NC(=N)Nc1ccc(Cl)cc1,1
3000,O=C(O[C@H]1C[C@@H]2C[C@H]3C[C@H](C1)N2CC3=O)c1c[nH]c2ccccc12,1
3001,CC(C)N[C@@H](O)c1ccc(O)c(O)c1,1
3002,Cc1cnc(CS(=O)c2nc3ccccc3[nH]2)cc1OCC(F)(F)F,1
3003,COc1cccc(C(=O)CCN[C@@H](C)[C@@H](O)c2ccccc2)c1,1
3004,NS(=O)(=O)c1cc(C(=O)O)cc(N2CCCC2)c1Oc1ccccc1,1
3005,Cc1nnc(NS(=O)(=O)c2ccc(N)cc2)s1,1
3006,CC1=NNC2=CN=C(c3ccccc3Cl)c3cc(Cl)ccc3N21,1
3007,Nc1ccn([C@H]2CC[C@H](CO)O2)c(=O)n1,1
3008,C=C[C@H]1CN2CC[C@@H]1C[C@@H]2[C@@H](O)c1ccnc2ccc(OC)cc12,1
3009,CC(C)(C)NC[C@@H](O)c1ccc(O)c(C(=O)O)c1,1
3010,Cc1[nH]c(=O)c(C#N)cc1-c1ccncc1,1
3011,CC(C)[C@H]1CC[C@@H](C(=O)N[C@H](Cc2ccccc2)C(=O)O)CC1,1
3012,CCCCCCCN(CC)CCC[C@@H](O)c1ccc(NS(C)(=O)=O)cc1,1
3013,C[C@H]1C[C@H]2[C@H]([C@H](O)C[C@]3(C)[C@@H]2CC[C@@]3(O)C(=O)CO)[C@]2(C)C=CC(=O)C=C12,1
3014,COP(=O)(C[C@H](c1ccc(Cl)cc1)P(=O)(OC)OC)OC,1
3015,O=C(NC[C@@H]1CCCCN1)c1cc(OCC(F)(F)F)ccc1OCC(F)(F)F,1
3016,CC(=O)c1ccc(S(=O)(=O)N=C(O)NC2CCCCC2)cc1,1
3017,COc1ccccc1OCCNC[C@@H](O)OCc1cccc2[nH]c3ccccc3c12,1
3018,CN(C)CCN(c1ccc(Cl)cc1)c1ccccn1,1
3019,O=C1CN(/N=C/c2ccc(-c3ccc([N+](=O)[O-])cc3)o2)C(=O)N1,1
3020,CSc1ccc(C(=O)c2[nH]c(=O)[nH]c2C)cc1,1
3021,Cc1onc(-c2c(F)cccc2Cl)c1C(=O)N[C@@H]1C(=O)N2[C@H]1SC(C)(C)[C@H]2C(=O)O,1
3022,Fc1ccc(C(c2ccc(F)cc2)N2CCN(CCCc3ccccc3)CC2)cc1,1
3023,CNCC[C@@H](Oc1ccc(C(F)(F)F)cc1)c1ccccc1,1
3024,N=C(N)NC[C@@H]1COC2(CCCCC2)O1,1
3025,CC[C@H](C)n1ncn(-c2ccc(N3CCN(c4ccc(OC[C@@H]5CO[C@@](Cn6cncn6)(c6ccc(Cl)cc6Cl)O5)cc4)CC3)cc2)c1=O,1
3026,Nc1ccc(O)c(C(=O)O)c1,1
3027,CCC(=O)C(C[C@H](C)N(C)C)(c1ccccc1)c1ccccc1,1
3028,COc1cccc(C[C@H](C)N)c1,1
3029,COC(=O)[C@H](c1ccccc1)[C@@H]1CCCCN1,1
3030,COc1ccc2cc(CCC(C)=O)ccc2c1,1
3031,CC(C)NC[C@@H]1CCc2cc(CO)c([N+](=O)[O-])cc2N1,1
3032,CCCN[C@@H]1CCc2nc(N)sc2C1,1
3033,C=C[C@@H]1CN2CC[C@@H]1C[C@@H]2[C@@H](O)c1ccnc2ccc(OC)cc12,1
3034,Cc1cc2nc3c(=O)[nH]c(=O)nc-3n(C[C@@H](O)[C@H](O)[C@H](O)CO)c2cc1C,1
3035,Clc1ccccc1CN1CCc2sccc2C1,1
3036,C[C@@H](CN(C)C)CN1c2ccccc2Sc2ccccc21,1
3037,C[C@@H](CN(C)C)CN1c2ccccc2CCc2ccccc21,1
3038,CC(=CCO)/C=C/C=C(C)\C=C\C1=C(C)CCCC1(C)C,1
3039,COc1ccc(CCN(C)CCCN2CCc3cc(OC)c(OC)cc3CC2=O)cc1OC,1
3040,N=C(N)N/N=C/c1c(Cl)cccc1Cl,1
3041,O[C@@H](c1cc(C(F)(F)F)nc2c(C(F)(F)F)cccc12)[C@@H]1CCCCN1,1
3042,COc1ccccc1N1CCN(CCCNc2cc(=O)n(C)c(=O)n2C)CC1,1
3043,CCN1CC[C@]23[C@@H]4C=C[C@H](O)[C@@H]2OC2=C(O)C=C[C@H](C[C@@H]41)[C@@H]23,1
3044,COc1ccnc(CS(=O)c2nc3cc(OC(F)F)ccc3[nH]2)c1OC,1
3045,CC(C)C[C@@H](N(C)C)C1(c2ccc(Cl)cc2)CCC1,1
3046,Cc1ccc(O)c([C@@H](CCN(C(C)C)C(C)C)c2ccccc2)c1,1
3047,CN(C)CCc1c[nH]c2ccc(CS(=O)(=O)N3CCCC3)cc12,1
3048,O=C(O)[C@@H]1C(=CCO)O[C@H]2CC(=O)N12,1
3049,CC(=O)N1CCN(c2ccc(OC[C@@H]3CO[C@@](Cn4ccnc4)(c4ccc(Cl)cc4Cl)O3)cc2)CC1,1
3050,O=S(=O)(O)CC[S],1
3051,CCOC(=O)C1=C[C@H](OC(CC)CC)[C@H](NC(C)=O)[C@@H](N)C1,1
3052,CCc1oc2ccccc2c1C(=O)c1cc(Br)c(O)c(Br)c1,1
3053,CO/N=C(\C(=O)N[C@@H]1C(=O)N2C(C(=O)O)=CCS[C@@H]12)c1csc(N)n1,1
3054,N[C@H]1CONC1=O,1
3055,Cc1cccc(C)c1NC(=O)NCCCNC(C)C,1
3056,O=C1CN2Cc3c(ccc(Cl)c3Cl)N=C2N1,1
3057,CN(Cc1cc(Br)cc(Br)c1N)C1CCCCC1,1
3058,CCc1cccc2c1N[C@@H]1[C@H]2CCOC1(CC(=O)O)CC(=O)O,1
3059,CN1CCN2c3ccccc3Cc3ccccc3[C@H]2C1,1
3060,CC(=O)Oc1cc(C(C)C)c(OCCN(C)C)cc1C,1
3061,O=c1[nH]c2ccccc2n1C1CCN(CCC(c2ccc(F)cc2)c2ccc(F)cc2)CC1,1
3062,CCC(=O)O[C@@]1(CCN(C)CCCc2nc3ccccc3[nH]2)CCc2cc(F)ccc2[C@@H]1C(C)C,1
3063,COc1ccc2c(C(=S)N(C)CC(=O)O)ccc(C(F)(F)F)c2c1,1
3064,NS(=O)(=O)c1cc([C@@]2(O)NC(=O)c3ccccc32)ccc1Cl,1
3065,CC(C)(C)NC[C@@H](O)c1cc(O)cc(O)c1,1
3066,NS(=O)(=O)c1cc(Cl)cc(NCc2ccco2)c1C(=O)O,1
3067,C[C@@H](Cc1ccc(O)cc1)N[C@@H](O)Cc1cc(O)cc(O)c1,1
3068,CC[C@@H](C)[C@H]1[C@H](C)[C@H]2C[C@]3(C[C@@H]4C[C@H](C/C=C(/C)[C@@H](O[C@@H]5C[C@@H](OC)[C@@H](O[C@H]6C[C@@H](OC)[C@@H](O)[C@H](C)O6)[C@H](C)O5)[C@@H](C)C=CC=C5CO[C@@H]6[C@@H](O)C(C)=C[C@H](C(=O)O4)[C@]56O)O3)O[C@H]21,1
3069,COc1ccc2c3c1O[C@@H]1C(=O)CC[C@]4(O)[C@H](C2)N(C)CC[C@@]314,1
3070,CC(C)(C)NC[C@@H](O)c1ccc(O)c(CO)n1,1
3071,CCOC(=O)[C@@H](CCc1ccccc1)N[C@H](C)C(=O)N1[C@H](C(=O)O)C[C@@H]2CCC[C@@H]21,1
3072,CCOC(=O)[C@H](CCc1ccccc1)N[C@@H]1CCCN2CCC[C@@H](C(=O)O)N2C1=O,1
3073,CN(C)[C@H]1C(O)=C(C(N)=O)C(=O)[C@@]2(O)C(=O)C3=C(O)c4c(O)cccc4[C@@](C)(O)[C@@H]3[C@H](O)[C@@H]12,1
3074,NCCC[C@](N)(C(=O)O)C(F)F,1
3075,CCCCC(=O)N(Cc1ccc(-c2ccccc2-c2nnn[nH]2)cc1)[C@H](C(=O)O)C(C)C,1
3076,CN(C)C(=N)NC(=N)N,1
3077,CC(C)NC[C@H](O)COc1ccc(CC(N)=O)cc1,1
3078,COCC1=C(C(=O)O[C@H](C)OC(=O)OC(C)C)N2C(=O)[C@H](NC(=O)C(=NOC)c3csc(N)n3)[C@@H]2SC1,1
3079,N=C(N)NC[C@@H]1COc2ccccc2O1,1
3080,CCOC(=O)[C@@H](CCc1ccccc1)N[C@H](C)C(=O)N1[C@H](C(=O)O)C[C@@H]2CCCC[C@@H]21,1
3081,Oc1ccc([C@H](O)[C@@H]2CCCCN2)cc1O,1
3082,C=C[C@@]12CC[C@@H](O[C@H]3C[C@@H](OC)[C@@H](O)[C@H](C)O3)C[C@]1(O)CC[C@@H]1[C@@H]2CC[C@]2(C)[C@H](C3=CC(=O)OC3)CC[C@@]12O,1
3083,CC(C)NC[C@@H](O)c1cc(O)cc(O)c1,1
3084,CCN1CC[C@H](CNC(=O)c2cc(S(N)(=O)=O)ccc2OC)C1,1
3085,CN1C[C@@H](C(=O)N[C@]2(C)O[C@@]3(O)[C@@H]4CCCN4C(=O)[C@@H](Cc4ccccc4)N3C2=O)C[C@@H]2c3cccc4[nH]cc(c34)C[C@@H]21,1
3086,N=c1nc2n(cc1F)[C@H]1O[C@@H](CO)[C@H](O)[C@H]1O2,1
3087,CC(C)(C)NC[C@H](O)COc1cccc2c1C[C@H](O)[C@@H](O)C2,1
3088,O=CN(O)CCCP(=O)(O)O,0
3089,CCC[C@@H]1C[C@H](C(=O)N[C@H]([C@@H]2O[C@@H](SC)[C@@H](O)[C@@H](O)[C@@H]2O)[C@H](C)O)N(C)C1,0
3090,CC#Cc1cn([C@@H]2O[C@H](CO)[C@@H](O)[C@H]2O)c(=O)[nH]c1=O,0
3091,O=C(O)[C@H](CCc1ccccc1)N[C@@H]1CCCN2CCC[C@@H](C(=O)O)N2C1=O,0
3092,CC(=O)NCCCS(=O)(=O)O,0
3093,CO[C@@]1(NC(=O)CSCC#N)C(=O)N2C(C(=O)O)=C(CSc3nnnn3C)CS[C@H]21,0
3094,N#C[C@H](O[C@@H]1O[C@@H](CO[C@@H]2O[C@@H](CO)[C@@H](O)[C@H](O)[C@@H]2O)[C@@H](O)[C@H](O)[C@@H]1O)c1ccccc1,0
3095,C=C(N[C@@H]1C(=O)N2C(C(=O)O)=C(COC(C)=O)CS[C@@H]12)C(=NOC)c1csc(N)n1,0
3096,N=C(NCCCCNC(=N)NC(=N)Nc1ccc(Cl)cc1)NC(=N)Nc1ccc(Cl)cc1,0
3097,O=C(O)CN(CCN(CC(=O)O)CC(=O)O)CC(=O)O,0
3098,CC(O)(P(=O)(O)O)P(=O)(O)O,0
3099,C[C@H](O)[C@@H]1C(=O)N2C(C(=O)O)=C(SCC/N=C/N)C[C@@H]12,0
3100,CC(=O)N(C[C@H](O)CO)c1c(I)c(C(=O)NC[C@H](O)CO)c(I)c(C(=O)NC[C@H](O)CO)c1I,0
3101,O=C(COCCOCCOCC(=O)Nc1c(I)cc(I)c(C(=O)O)c1I)Nc1c(I)cc(I)c(C(=O)O)c1I,0
3102,O=C1c2c(O)ccc(O)c2C(=O)c2c(NCCNCCO)ccc(NCCNCCO)c21,0
3103,COc1cc2c(cc1OC)CN(C(=O)[C@@H](C)N[C@H](CCc1ccccc1)C(=O)O)[C@@H](C(=O)O)C2,0
3104,NCCC(O)(P(=O)(O)O)P(=O)(O)O,0
3105,O=C(O)c1ccccc1C(=O)Nc1ccc(S(=O)(=O)Nc2nccs2)cc1,0
3106,O=C(O)CCC(=O)Nc1ccc(S(=O)(=O)Nc2nccs2)cc1,0
3107,CC1(C)[C@H](C(=O)O)N2C(=O)C[C@@H]2S1(=O)=O,0
3108,CC1(C)S[C@H]2[C@@H](NC(=O)[C@@H](C(=O)O)c3ccsc3)C(=O)N2[C@@H]1C(=O)O,0
3109,C[C@H]1[C@@H](O)[C@H](C)C=CC=CC=CC=CC=CC=CC=C[C@](O)(O[C@@H]2O[C@@H](C)[C@@H](O)[C@H](N)[C@@H]2O)C[C@@H]2O[C@@](O)(C[C@@H](O)C[C@@H](O)[C@H](O)CC[C@@H](O)C[C@@H](O)CC(=O)O[C@H]1C)C[C@@H](O)[C@H]2C(=O)O,0
3110,O=P(O)(O)C(Cl)(Cl)P(=O)(O)O,0
3111,CCCc1c2oc(C(=O)O)cc(=O)c2cc2c(=O)cc(C(=O)O)n(CC)c12,0
3112,NC[C@@H]1O[C@@H](O[C@@H]2[C@H](O[C@@H]3O[C@H](CO)[C@H](OC[C@@H]4O[C@@H](CN)[C@@H](O)[C@@H](O)[C@@H]4N)[C@H]3O)[C@@H](O)[C@@H](N)C[C@@H]2N)[C@@H](N)[C@H](O)[C@@H]1O,0
3113,C[C@@H]1O[C@@H](O[C@H]2[C@@H](O)[C@H](O)[C@H](O[C@H]3[C@@H](O)[C@H](O)[C@@H](O)O[C@@H]3CO)O[C@@H]2CO)[C@@H](O)[C@@H](O)[C@@H]1N[C@@H]1C=C(CO)[C@H](O)[C@H](O)[C@H]1O,0
3114,NCCCC(O)(P(=O)(O)O)P(=O)(O)O,0
3115,C[C@@H]1[C@@H](NC(=O)/C(=N\OC(C)(C)C(=O)O)c2csc(N)n2)C(=O)N1S(=O)(=O)O,0
3116,CON=C(C(=O)N[C@H]1C(=O)N2C(C(=O)O)=C(CSc3nc(=O)c(O)nn3C)CS[C@@H]12)c1csc(N)n1,0
3117,OC[C@@H]1O[C@@H](O[C@@H]2[C@H](CO)O[C@@](O)(CO)[C@H]2O)[C@@H](O)[C@@H](O)[C@@H]1O,0
3118,O=P(O)(O)C(O)(Cc1cccnc1)P(=O)(O)O,0
3119,CN[C@@H]1[C@H](O[C@H]2[C@@H](O[C@H]3[C@@H](O)[C@@H](O)[C@@H](NC(=N)N)[C@@H](O)[C@@H]3NC(=N)N)O[C@@H](C)[C@@]2(O)C=O)O[C@@H](CO)[C@@H](O)[C@H]1O,0
3120,NCC[C@@H](O)C(=O)N[C@@H]1C[C@H](N)[C@H](O[C@@H]2O[C@@H](CN)CC[C@@H]2N)[C@H](O)[C@@H]1O[C@@H]1O[C@@H](CO)[C@@H](O)[C@H](N)[C@@H]1O,0
3121,N=C(N)c1ccc(OCCCCCOc2ccc(C(=N)N)cc2)cc1,0
3122,OC[C@@H]1O[C@@H](OC[C@@H]2O[C@@H](O[C@]3(CO)O[C@@H](CO)[C@H](O)[C@@H]3O)[C@@H](O)[C@@H](O)[C@@H]2O)[C@@H](O)[C@@H](O)[C@@H]1O,0
3123,CN(N=O)C(=O)N[C@@H]1[C@H](O)[C@H](O)[C@H](CO)O[C@@H]1O,0
3124,NC[C@@H]1O[C@@H](O[C@H]2[C@H](O)[C@@H](O[C@@H]3O[C@@H](CO)[C@@H](O)[C@H](N)[C@@H]3O)[C@@H](N)C[C@@H]2N)[C@@H](N)C[C@@H]1O,0
3125,CN[C@H](CC(C)C)C(=O)N[C@@H]1C(=O)N[C@H](CC(N)=O)C(=O)N[C@H]2C(=O)N[C@@H]3C(=O)N[C@H](C(=O)N[C@@H](C(=O)O)c4cc(O)cc(O)c4-c4cc3ccc4O)[C@H](O)c3ccc(c(Cl)c3)Oc3cc2cc(c3O[C@@H]2O[C@@H](CO)[C@@H](O)[C@H](O)[C@H]2O[C@@H]2C[C@@](C)(N)[C@H](O)[C@H](C)O2)Oc2ccc(cc2Cl)[C@@H]1O,0
3126,CC1(C)S[C@H]2[C@@H](NC(=O)[C@@H](NC(=O)N3CCNC3=O)c3ccccc3)C(=O)N2[C@@H]1C(=O)O,0
3127,CON=C(C(=O)N[C@H]1C(=O)N2C(C(=O)O)=C(CSc3nc(C)c(CC(=O)O)s3)CS[C@@H]12)c1csc(N)n1,0
3128,CN[C@@H](C)[C@H]1CC[C@H](N)[C@H](O[C@@H]2[C@H](O)[C@@H](O[C@@H]3OC[C@@](C)(O)[C@@H](NC)[C@@H]3O)[C@@H](N)C[C@@H]2N)O1,0
3129,CC[C@@H]1CC[C@H](N)[C@H](O[C@H]2[C@H](O)[C@@H](O[C@@H]3OC[C@@](C)(O)[C@H](NC)[C@@H]3O)[C@@H](N)C[C@@H]2N)O1,0
3130,NNC(=O)NNN1C(=O)c2cc(S(=O)(=O)O)cc3c(N)c(S(=O)(=O)O)cc(c23)C1=O,0
3131,C[C@H](O)[C@H]1C(=O)N2C(C(=O)O)=C(S[C@@H]3CC[C@H](C(=O)N(C)C)N3)[C@@H](C)[C@H]12,0
3132,CC1(C)S[C@H]2[C@@H](NC(=O)[C@@H](NC(=O)N3CCN(S(C)(=O)=O)C3=O)c3ccccc3)C(=O)N2[C@@H]1C(=O)O,0
3133,CCN[C@@H]1C[C@H](N)[C@H](O[C@@H]2C[C@@H](N)C=C(CN)O2)[C@H](O)[C@@H]1O[C@@H]1OC[C@@](C)(O)[C@@H](NC)[C@@H]1O,0
3134,C=CC[N@+]12CC[C@]34c5ccccc5N5C=C6[C@H]7C[C@H]8[C@]9(CC[N@@+]8(CC=C)C/C7=C\CO)c7ccccc7N(C=C([C@H](C[C@H]31)/C(=C/CO)C2)[C@@H]54)[C@@H]69,0
3135,COc1ccc(C[C@H]2c3cc(OC)c(OC)cc3CC[N@@+]2(C)CCC(=O)OCCCCCOC(=O)CC[N@+]2(C)CCc3cc(OC)c(OC)cc3[C@@H]2Cc2ccc(OC)c(OC)c2)cc1OC,0
3136,C[N+](C)(CCOc1ccccc1)Cc1ccccc1,0
3137,C[C@@H](C[N+](C)(C)C)OC(N)=O,0
3138,CCCC[N+]1(C)[C@@H]2C[C@@H](OC(=O)[C@@H](CO)c3ccccc3)C[C@@H]1[C@H]1O[C@H]12,0
3139,CC(=O)O[C@H](CC(=O)O)C[N+](C)(C)C,0
3140,CO/N=C(\C(=O)N[C@@H]1C(=O)N2C(C(=O)O)=C(C[n+]3ccccc3)CS[C@@H]12)c1csc(N)n1,0
3141,CC(C)(O/N=C(\C(=O)N[C@@H]1C(=O)N2C(C(=O)O)=C(C[n+]3ccccc3)CS[C@@H]12)c1csc(N)n1)C(=O)O,0
3142,C[N+]1(C)CCC(=C(c2ccccc2)c2ccccc2)CC1,0
3143,CC[N+](C)(C)c1cccc(O)c1,0
3144,CC[N+](CC)(CC)CCOc1cccc(OCC[N+](CC)(CC)CC)c1OCC[N+](CC)(CC)CC,0
3145,C[N+]1(C)CC[C@H](OC(=O)[C@@](O)(c2ccccc2)C2CCCC2)C1,0
3146,CC(C)[N+]1(C)[C@@H]2CC[C@@H]1CC(OC(=O)[C@@H](CO)c1ccccc1)C2,0
3147,COc1cc2c(cc1OC)[C@H](Cc1cc(OC)c(OC)c(OC)c1)[N@+](C)(CCCOC(=O)CC/C=C/CCC(=O)OCCC[N@+]1(C)CCc3cc(OC)c(OC)cc3[C@@H]1Cc1cc(OC)c(OC)c(OC)c1)CC2,0
3148,CN(C)C(=O)Oc1cccc([N+](C)(C)C)c1,0
3149,ON=Cc1cc[n+](COC[n+]2ccc(/C=N/O)cc2)cc1,0
3150,CC[N+]1(C)[C@@H]2C[C@@H](OC(=O)[C@@H](CO)c3ccccc3)C[C@@H]1[C@H]1O[C@H]12,0
3151,CC(=O)O[C@@H]1[C@H]([N+]2(C)CCCCC2)C[C@@H]2[C@@H]3CC[C@@H]4C[C@@H](OC(C)=O)[C@@H]([N+]5(C)CCCCC5)C[C@]4(C)[C@@H]3CC[C@]21C,0
3152,C[N+]1(CCCCC[N+]2(C)CCCC2)CCCC1,0
3153,C[N+]1(C)CCC[C@@H]1COC(=O)C(O)(c1ccccc1)c1ccccc1,0
3154,CC[C@@H]1C[C@H](OC(=O)C(O)(c2ccccc2)c2ccccc2)C[C@H](C)[N+]12CCCC2,0
3155,COc1cc2c3cc1Oc1cc(ccc1O)C[C@@H]1c4c(cc(OC)c(O)c4Oc4ccc(cc4)C[C@@H]3[N+](C)(C)CC2)CC[N+]1(C)C,0
3156,CC(=O)O[C@@H]1[C@H]([N+]2(C)CCCCC2)C[C@@H]2[C@@H]3CC[C@@H]4C[C@@H](OC(C)=O)[C@@H](N5CCCCC5)C[C@]4(C)[C@@H]3CC[C@]21C,0
3157,C=C[C@@H]1CN2CC[C@@H]1C[C@H]2[C@@H](O)c1ccnc2ccccc12,1
3158,C[C@H](CN1CCOCC1)C(C(=O)N1CCCC1)(c1ccccc1)c1ccccc1,1
3159,CN(C)CCC[C@@H]1c2ccccc2COc2ccccc21,1
3160,Cc1ccc(-c2c(-c3ccc(S(C)(=O)=O)cc3)cc(Cl)c[n+]2[O-])cn1,1
3161,C#C[C@@]1(O)C=C[C@@H]2[C@@H]3CCC4=CC(=O)CC[C@@H]4[C@@H]3CC[C@@]21CC,1
3162,NC(N)=NC(=O)Cc1c(Cl)cccc1Cl,1
3163,CC[C@@]1(c2ccc(N)cc2)CCC(=O)NC1=O,1
3164,C[C@H](C(=O)O)c1ccc(N2Cc3ccccc3C2=O)cc1,1
3165,CC1=CC(=O)N2CC(=O)N(C)c3ccc(Cl)cc3[C@]2(c2ccccc2)O1,1
3166,CC(=O)NC[C@H]1CN(c2ccc(N3CCOCC3)c(F)c2)C(=O)O1,1
3167,CN1CCC[C@@H](N2N[C@@H](Cc3ccc(Cl)cc3)c3ccccc3C2=O)CC1,1
3168,COC(=O)Nc1nc2ccc(C(=O)c3ccccc3)cc2[nH]1,1
3169,COc1ccccc1OC[C@H](O)COC(N)=O,1
3170,CCN(CC)CCOC(=O)[C@H](Cc1ccc2ccccc2c1)C[C@H]1CCCO1,1
3171,CC1(C)NC(=O)N(c2ccc([N+](=O)[O-])c(C(F)(F)F)c2)C1=O,1
3172,C#C[C@@]1(O)CC[C@@H]2[C@@H]3CCC4=CC(=O)CC[C@@H]4[C@@H]3C=C[C@@]21CC,1
3173,O=c1[nH]c2ccccc2n1CCCN1CCN(C(c2ccccc2)c2ccccc2)CC1,1
3174,CC(C)(C)NC[C@H](O)COc1ccccc1C1CCCC1,1
3175,O[C@@](CCN1CCCC1)(c1ccccc1)C1CCCCC1,1
3176,CCCN1C[C@@H](NS(=O)(=O)N(CC)CC)C[C@@H]2Cc3c(O)cccc3C[C@@H]21,1
3177,Cc1cn([C@H]2C=C[C@H](CO)O2)c(=O)nc1N,1
3178,CCOc1ccccc1OCCN[C@@H](C)Cc1ccc(OC)c(S(N)(=O)=O)c1,1
3179,COc1cc2c(cc1OC)[C@@H]1CC(=O)[C@H](CC(C)C)CN1CC2,1
3180,Cc1ccc(C(=O)c2ccc(CC(=O)O)n2C)cc1,1
3181,CNCCC[C@]12CC[C@H](c3ccccc31)c1ccccc12,1
3182,CCCC[C@@H]1C(=O)C(=O)N(c2ccccc2)N1c1ccccc1,1
3183,C[C@H](C(=O)O)c1ccc([C@@H]2CCCC(=NO)C2)cc1,1
3184,O=C(O)Cc1ccccc1Nc1ccc(Cl)cc1Cl,1
3185,CCCCCOC(=O)Nc1nc(=O)n([C@@H]2O[C@@H](C)[C@@H](O)[C@H]2O)cc1F,1
3186,O=C(C1CCCCC1)N1CC(=O)N2CCc3ccccc3[C@@H]2C1,1
3187,COc1cc(C)c(/C=C/C(C)=C/C=C/C(C)=CC(=O)O)c(C)c1C,1
3188,CCn1nc(C(=O)O)c(=O)c2cc3c(cc21)OCO3,1
3189,CCCC(CCC)CCC[C@@H]1COCCN1CCO,1
3190,CCNC[C@H](C)c1cccc(C(F)(F)F)c1,1
3191,COc1ccc2c(c1)C(=O)N(CCc1ccc(S(=O)(=O)NC(=O)NC3CCCCC3)cc1)C(=O)C2(C)C,1
3192,C[C@@H](CCc1ccccc1)NC[C@@H](O)c1ccc(O)c(C(N)=O)c1,1
3193,O=C1CC[C@]2(O)[C@H]3Cc4ccc(O)c5c4[C@]2(CCN3CC2CC2)[C@@H]1O5,1
3194,C=CCOc1ccccc1OC[C@@H](O)CNC(C)C,1
3195,CC[C@H](c1ccccc1)c1c(O)c2ccccc2oc1=O,1
3196,CCC(=O)O[C@@](Cc1ccccc1)(c1ccccc1)[C@@H](C)CN(C)C,1
3197,Cc1cc(C)nc(NS(=O)(=O)c2ccc(N)cc2)n1,1
3198,COc1cccc([C@@]2(O)CCCC[C@H]2CN(C)C)c1,1
3199,C[C@@]12CCC3=C4CCC(=O)C=C4CC[C@@H]3[C@H]1CC[C@]2(O)CC#N,1
3200,COc1ccc2c3c1O[C@H]1[C@@H](O)C=C[C@@H]4[C@H](C2)N(C)CC[C@]341,1
3201,O=C1NS(=O)(=O)c2ccccc21,1
3202,CC1=Nc2ccc(Cl)cc2S(=O)(=O)N1,1
3203,CCN(CCO)CC[C@H](C)Nc1ccnc2cc(Cl)ccc12,1
3204,C[C@H]1CC(=O)NN=C1c1ccc(NN=C(C#N)C#N)cc1,1
3205,C#C[C@@]1(O)CC[C@@H]2[C@@H]3CCc4cc(OC)ccc4[C@@H]3CC[C@@]21C,1
3206,COC(=O)C1=C(C)NC(C)=C(OC(C)=O)[C@H]1c1ccccc1[N+](=O)[O-],1
3207,C[C@@](O)(CS(=O)(=O)c1ccc(F)cc1)C(=O)Nc1ccc(C#N)c(C(F)(F)F)c1,1
3208,CC(C)NC[C@H](O)COc1cccc2[nH]ccc12,1
3209,CCCc1nc2c(n1Cc1ccc(-c3ccccc3C(=O)O)cc1)=C[C@H](c1nc3ccccc3n1C)CC=2C,1
3210,O=C(N[C@H](CO)[C@@H](O)c1ccc([N+](=O)[O-])cc1)C(Cl)Cl,1
3211,CC1(C)O[C@@H]2[C@H](CO[C@]3(COS(N)(=O)=O)OC(C)(C)O[C@@H]23)O1,1
3212,C[C@H](C(=O)O)c1cccc(Oc2ccccc2)c1,1
3213,CCCOC(C(=O)OC1CCN(C)CC1)(c1ccccc1)c1ccccc1,1
3214,O=C1NC(=O)N([C@H]2O[C@@H](CO)[C@@H](O)[C@@H]2O)C[C@H]1C=CBr,1
3215,CCc1[nH]c(=O)[nH]c1C(=O)c1ccncc1,1
3216,CN1CCC(=C2c3ccccc3C=Cc3ccccc32)CC1,1
3217,CC1(C)O[C@H]2C[C@H]3[C@@H]4C[C@H](F)C5=CC(=O)C=C[C@]5(C)[C@H]4[C@H](O)C[C@@]3(C)[C@@]2(C(=O)CO)O1,1
3218,CC(C)(C(=O)c1cccnc1)c1cccnc1,1
3219,CC[C@H](CO)NCCN[C@@H](CC)CO,1
3220,CCCc1cc(=O)[nH]c(=S)[nH]1,1
3221,C[C@@]12CC[C@@H]3c4ccc(OC(=O)N(CCCl)CCCl)cc4CC[C@@H]3[C@H]1CC[C@@H]2O,1
3222,C#C[C@@]1(O)CC[C@H]2[C@@H]3CCC4=CCCC[C@@H]4[C@@H]3C(=C)C[C@]21CC,1
3223,CNS(=O)(=O)CCc1ccc2[nH]c(C3CCN(C)CC3)cc2c1,1
3224,Cc1ccccc1N1C(=O)c2cc(S(N)(=O)=O)c(Cl)cc2N[C@@H]1C,1
3225,Cn1c(=O)c2c(ncn2CCCNC[C@@H](O)c2cc(O)cc(O)c2)n(C)c1=O,1
3226,NC[C@H]1CC[C@@H](C(=O)O)CC1,1
3227,CC[C@@H]1OC(=O)[C@H](C)[C@@H](O[C@H]2C[C@@](C)(OC)[C@H](O)[C@H](C)O2)[C@H](C)[C@@H](O[C@@H]2O[C@@H](C)C[C@@H](N(C)C)[C@@H]2O)[C@](C)(O)C[C@@H](C)C(=O)[C@@H](C)[C@H](O)[C@]1(C)O,1
3228,O=P(O)(O)C(Cc1ccc(Cl)cc1)P(=O)(O)O,0
3229,CC(=O)N[C@H]1[C@@H]([C@@H](O)[C@H](O)CO)OC(C(=O)O)=C[C@H]1NC(=N)N,0
3230,CC(=O)NC[C@@H]1O[C@@H](O[C@@H]2[C@@H](O)[C@@H](O[C@@H]3O[C@@H](CO)[C@@H](O)[C@H](N)[C@@H]3O)[C@@H](N)C[C@@H]2N)[C@@H](O)[C@@H](O)[C@@H]1O,0
3231,NCC[C@@H](O)C(=O)N[C@@H]1C[C@H](N)[C@H](O[C@@H]2O[C@@H](CN)[C@@H](O)[C@H](O)[C@@H]2O)[C@H](O)[C@@H]1O[C@@H]1O[C@@H](CO)[C@@H](O)[C@H](N)[C@@H]1O,0
3232,CO[C@@]1(NC(=O)[C@@H](C(=O)O)c2ccc(O)cc2)C(=O)N2C(C(=O)O)=C(CSc3nnnn3C)CO[C@H]21,0
3233,C[C@H]1CCCC[C@]1(c1cccs1)N1CCCCC1,1
3234,C[C@@H](Cc1ccccc1)NCCn1cnc2c1c(=O)n(C)c(=O)n2C,1
3235,CC(=O)O[C@@H]1CC[C@@]2(C)[C@H]3CC[C@@]4(C)[C@@H]([C@@H](C)CCCC(C)C)CC[C@H]4[C@H]3C[C@H](Br)[C@@]2(Br)C1,1
3236,CC(=O)N[C@@H](CCC(N)=O)C(=O)O,1
3237,CC(=O)SC[C@@H](Cc1ccccc1)C(=O)NCC(=O)OCc1ccccc1,1
3238,CCC[C@@](C)(O)[C@H]1C[C@]23C=C[C@@]1(OC)[C@H]1Oc4c(OC(C)=O)ccc5c4[C@@]12CCN(C)[C@@H]3C5,1
3239,CC[C@@H](OC(C)=O)C(C[C@H](C)N(C)C)(c1ccccc1)c1ccccc1,1
3240,CC(=O)OCC1=CO[C@@H](OC(=O)CC(C)(C)OC(C)=O)[C@@H]2C1=C[C@H](OC(=O)CC(C)C)[C@]21CO1,1
3241,C=C[C@H]1O[C@@H]2C[C@@H]3[C@@H]4CCC5=CC(=O)C=C[C@@]5(C)[C@@]4(F)[C@@H](O)C[C@@]3(C)[C@]2(C(=O)CO)O1,1
3242,O=C(COc1ccc(Cl)cc1)OCCN[C@]12CC3C[C@H](C[C@H](C3)C1)C2,1
3243,O=C(NCCN1CCN(c2ncccn2)CC1)[C@]12C[C@H]3C[C@@H](C[C@H](C3)C1)C2,1
3244,C[C@H](N)C(=O)OC(C)(C)Cc1ccc(Cl)cc1,1
3245,CCC(=O)OCC(=O)[C@@]1(OC(=O)CC)[C@H](C)C[C@H]2[C@@H]3[C@H]([C@H](O)C[C@]21C)[C@]1(C)C=CC(=O)C=C1C[C@H]3Cl,1
3246,CCCN(CCC)[C@H]1Cc2cccc3cc(O)cc(c23)C1,1
3247,C[C@]12CC(=O)[C@@H]3[C@@H](CC[C@@H]4C[C@@H](O)CC[C@]43C)[C@H]1CC[C@H]2C(=O)CO,1
3248,CC(=O)[C@H]1CC[C@H]2[C@H]3CC[C@H]4C[C@H](O)CC[C@@]4(C)[C@H]3C(=O)C[C@@]12C,1
3249,CC(=O)[C@@]12OC(C)(C)O[C@H]1C[C@H]1[C@H]3CCC4=CC(=O)CC[C@@]4(C)[C@H]3CC[C@]12C,1
3250,CO[C@@]1(F)C(F)(F)[C@@]1(F)Cl,1
3251,C=CCN1CC[C@]23c4c5ccc(O)c4O[C@@H]2[C@]2(OC)C=C[C@]3(C[C@@H]2[C@](C)(O)CCC)[C@H]1C5,1
3252,C=CCN1C(=O)O[C@H](C)C1=O,1
3253,CNC[C@H]1CN(c2ccc(OCc3cccc(Cl)c3)cc2)C(=O)O1,1
3254,COc1cccc2c1C[C@H](CCCNCCCCN1C(=O)CC3(CCCC3)CC1=O)CO2,1
3255,O=C1CC[C@@]2(CCC(=O)c3ccccc32)C(=O)N1,1
3256,C[C@@H](CC#N)N(C)CC(=O)N(C)c1ccc(Cl)cc1C(=O)c1ccccc1F,1
3257,CCC(=O)O[C@@]1(c2ccccc2)CCN(C)C[C@@H]1CC,1
3258,CC[C@H](O)C(C[C@H](C)N(C)C)(c1ccccc1)c1ccccc1,1
3259,C=CCN1CCC[C@@H]1CNC(=O)c1cc(S(=O)(=O)NC)c(N)cc1OC,1
3260,CCC1(CC)O[C@H]2C[C@H]3[C@H]4CCC5=CC(=O)C=C[C@@]5(C)[C@@]4(F)[C@H](O)C[C@@]3(C)[C@]2(C(=O)CO)O1,1
3261,C[C@]1(c2ccccc2)O[C@H]2C[C@H]3[C@H]4CCC5=CC(=O)C=C[C@@]5(C)[C@@]4(F)[C@H](O)C[C@@]3(C)[C@]2(C(=O)CO)O1,1
3262,CC(=O)OCC(=O)[C@@]12OC3(CCCC3)O[C@H]1C[C@H]1[C@H]3CCC4=CC(=O)C=C[C@@]4(C)[C@@]3(F)[C@H](O)C[C@]12C,1
3263,CCC(=O)O[C@@]1(C(=O)COC)[C@H](C)C[C@H]2[C@H]3CCC4=CC(=O)C=C[C@@]4(C)[C@@]3(F)[C@H](O)C[C@]21C,1
3264,CC(C)n1cc2c3c(cccc31)[C@@H]1C[C@@H](C(=O)NC3CCCCC3)CN(C)[C@@H]1C2,1
3265,C[C@@H](Cc1ccccc1)N[C@@H](C#N)c1ccccc1,1
3266,CCN1CCC[C@H]1CNC(=O)c1cc(S(=O)(=O)CC)c(N)cc1OC,1
3267,CC(C)CCO[C@@H](CN1CCCC1)c1ccccc1,1
3268,O=C1O[C@H]([C@@H](O)CO)C(O)=C1O,1
3269,CN1[C@H]2CC[C@H]1CC(OC(=O)[C@@](C)(CO)c1ccccc1)C2,1
3270,C[N+]1([O-])[C@H]2CC[C@H]1CC(OC(=O)[C@@H](CO)c1ccccc1)C2,1
3271,CN(C(=O)CNC(=O)[C@H](N)CCCCN)c1ccc(Cl)cc1C(=O)c1ccccc1,1
3272,O=c1[nH]c2cc(Cl)ccc2n1C1CCN(C[C@H]2COc3ccccc3O2)CC1,1
3273,O=C(CCCN1CCN2CCC[C@H]2C1)c1ccc(F)cc1,1
3274,O=C1NCCN1C1CCN(CC[C@H]2COc3ccccc3O2)CC1,1
3275,c1ccc2c(c1)CCN1CCNC[C@@H]21,1
3276,O=c1[nH]c2ccccc2c(=O)n1CCN1C[C@@H]2C[C@H](c3ccc(F)cc3)[C@@H]2C1,1
3277,C[C@H]1C[C@H]2[C@H]3CCC4=CC(=O)C=C[C@@]4(C)[C@@]3(Cl)[C@H](O)C[C@@]2(C)[C@@]1(O)C(=O)CO,1
3278,COC[C@H]1CN(c2ccc(OCC[C@H](O)C(F)(F)F)cc2)C(=O)O1,1
3279,CCN(CC)C(=O)[C@H]1CN2CCc3cc(OC)c(OC)cc3[C@H]2C[C@H]1OC(C)=O,1
3280,CN1[C@H]2CC[C@H]1CC(OC(c1ccccc1)c1ccccc1)C2,1
3281,CN1CCc2cc(Cl)c(O)cc2[C@H](c2cc(Br)cc3c2OCC3)C1,1
3282,CCOC(=O)C[C@H](O)C[C@H](O)C=CC1=C(c2ccc(F)cc2)c2ccccc2OC12CCCC2,1
3283,CC(=O)OCC(=O)[C@]1(OC(=O)C(C)C)[C@H](C)C[C@H]2[C@H]3CCC4=CC(=O)C=C[C@@]4(C)[C@@]3(F)[C@H](O)C[C@]21C,1
3284,C[C@H]1C[C@H]2[C@H]3CCC4=CC(=O)C=C[C@@]4(C)[C@@]3(F)[C@H](O)C[C@@]2(C)[C@@]1(OC(=O)c1ccccc1)C(=O)CO,1
3285,O=C1CC2(CCCC2)CC(=O)N1CCNC[C@H]1COc2ccccc2O1,1
3286,O=C(O)CCCC[C@H]1SC[C@H]2NC(=O)N[C@H]21,1
3287,O=C(CCCN1CCN2Cc3[nH]c4ccccc4c3C[C@H]2C1)c1ccc(F)cc1,1
3288,CC(=O)NCCC[C@@H](NC(C)=O)C(=O)O,1
3289,CC[C@@]12CCN(CC3(O)CC3)[C@@H](Cc3ccc(O)cc31)C2(C)C,1
3290,CC(C)[C@H](Br)C(=O)NC(N)=O,1
3291,O=C1C[C@H](c2cccc(Br)c2)C(=O)N1,1
3292,Nc1nc2c(ncn2CC[C@H](O)CO)c(=O)[nH]1,1
3293,CC(C)(C)c1ccc(CN2CCN([C@@H](c3ccccc3)c3ccc(Cl)cc3)CC2)cc1,1
3294,CO[C@@]12CC[C@@]3(C[C@H]1[C@@](C)(O)C(C)(C)C)[C@H]1Cc4ccc(O)c5c4[C@]3(CCN1CC1CC1)[C@@H]2O5,1
3295,C[C@@H](NC(C)(C)C)C(=O)c1cccc(Cl)c1,1
3296,CC(C)(C)[C@@]1(O)CCN2C[C@H]3c4ccccc4CCc4cccc(c43)[C@H]2C1,1
3297,CCCC[C@@H](CC)CNC(=O)C[C@@H](C)O,1
3298,C=CCN1C[C@@H](C(=O)N(CCCN(C)C)C(=O)NCC)C[C@H]2c3cccc4[nH]cc(c34)C[C@H]21,1
3299,C[C@@H](NCCn1cnc2c1c(=O)n(C)c(=O)n2C)[C@H](O)c1ccccc1,1
3300,CN(C)C(=O)O[C@H]1N=C(c2ccccc2)c2cc(Cl)ccc2N(C)C1=O,1
3301,CC1(C)[C@H]2CC[C@@]1(C)C(=O)C2,1
3302,CCCCSc1ccc([C@@H](SCCN(C)C)c2ccccc2)cc1,1
3303,CC[C@H](C)[C@@H](CC)C(=O)NC(N)=O,1
3304,CN1C(=O)CN(C(N)=O)[C@@H](c2ccccc2)c2cc(Cl)ccc21,1
3305,C#C[C@H](OC(N)=O)c1ccccc1,1
3306,O=C(O)[C@H]1CCN1[C@]12CC3C[C@H](C[C@H](C3)C1)C2,1
3307,O=C1CN(C(=O)CN2C[C@H](c3ccc(Cl)cc3)CC2=O)CCN1,1
3308,O[C@@H]1[C@@H](O[C@H]2[C@@H](OCCOCCO[C@H](O)C(Cl)(Cl)Cl)[C@H](O)[C@@H](O)O[C@H]2COCCO[C@H](O)C(Cl)(Cl)Cl)O[C@@H](COCCOCCO[C@H](O)C(Cl)(Cl)Cl)C[C@H]1O[C@H](O)C(Cl)(Cl)Cl,1
3309,COCc1c(C(C)C)nc(C(C)C)c(/C=C/[C@H](O)C[C@H](O)CC(=O)O)c1-c1ccc(F)cc1,1
3310,CC(=O)c1ccc([C@H](O)[C@@H](CO)NC(=O)C(Cl)Cl)cc1,1
3311,OC[C@H](O)[C@H]1O[C@H]2O[C@H](C(Cl)(Cl)Cl)O[C@H]2[C@@H]1O,1
3312,O=C(N[C@H](CO)[C@H](O)c1ccc([N+](=O)[O-])cc1)C(Cl)Cl,1
3313,C[C@@H](CC(C)(C)O)O[C@H](O)C(Cl)(Cl)Cl,1
3314,CN1C(=O)CCS(=O)(=O)[C@H]1c1ccc(Cl)cc1,1
3315,CC(=O)OCC(=O)[C@@]1(O)CC[C@H]2[C@H]3C[C@H](Cl)C4=CC(=O)C=C[C@@]4(C)[C@H]3C(=O)C[C@]21C,1
3316,CC(C)C(=O)OCC(=O)[C@@]12O[C@H](C3CCCCC3)O[C@H]1C[C@H]1[C@H]3CCC4=CC(=O)C=C[C@@]4(C)[C@H]3[C@H](O)C[C@]12C,1
3317,CC(=O)CC(=O)[C@@]12OC(C)(C)O[C@H]1C[C@H]1[C@H]3CC(C#N)=C4C=C(OCCCl)CC[C@@]4(C)[C@@]3(F)[C@H](O)C[C@]12C,1
3318,CC(C)N[C@H]1C2CCC(CC2)[C@@]1(O)c1ccc(Cl)c(Cl)c1,1
3319,CC(C)[C@H](O)C1CCCCC1,1
3320,COC[C@H]1CN(c2ccc(OCc3cccc(C#N)c3)cc2)C(=O)O1,1
3321,N#CCCN1C(=O)[C@@H](O)N=C(c2ccccc2F)c2cc(Cl)ccc21,1
3322,CC1(C)O[C@H]2C[C@H]3[C@H]4C[C@H](F)C5=CC(=O)C=C[C@@]5(C)[C@@]4(F)[C@H](O)C[C@@]3(C)[C@]2(C(=O)COC(=O)C2CC2)O1,1
3323,Clc1cccc(Cl)c1/N=C1/NCCO1,1
3324,C[C@H]1C[C@H]2[C@H]3CCC4=CC(=O)C=C[C@@]4(C)[C@@]3(F)C(=O)C[C@@]2(C)[C@@]1(O)C(=O)CCl,1
3325,CCCC(=O)O[C@@]1(C(=O)CCl)[C@H](C)C[C@H]2[C@H]3CCC4=CC(=O)C=C[C@@]4(C)[C@@]3(F)C(=O)C[C@]21C,1
3326,C[C@H]1C[C@H]2[C@H]3C[C@H](F)C4=CC(=O)C=C[C@@]4(C)[C@@]3(Cl)[C@H](O)C[C@@]2(C)[C@H]1C(=O)CO,1
3327,CC(=O)OCC(=O)[C@H]1[C@@H](C)C[C@H]2[C@H]3C[C@H](F)C4=CC(=O)C=C[C@@]4(C)[C@@]3(Cl)[C@H](O)C[C@]21C,1
3328,C[C@H]1C[C@H]2[C@H]3C[C@H](F)C4=CC(=O)C=C[C@@]4(C)[C@@]3(Cl)[C@H](O)C[C@@]2(C)[C@H]1C(=O)COC(=O)C(C)(C)C,1
3329,C[C@]12C[C@H](O)[C@@H]3[C@@H](C=C(Cl)C4=CC(=O)C=C[C@]43C)[C@H]1CC[C@@]2(O)C(=O)CO,1
3330,CN1CCN([C@H]2Cc3ccccc3Sc3ccc(Cl)cc32)CC1,1
3331,CCC(=O)O[C@@]1(C(=O)SCCl)[C@H](C)C[C@H]2[C@H]3C[C@H](F)C4=CC(=O)C=C[C@@]4(C)[C@@]3(F)[C@H](O)C[C@]21C,1
3332,CNC(=O)CCN1CCN(CC/C=C2/c3ccccc3Sc3ccc(Cl)cc32)CC1,1
3333,CC[C@@]12CCN(CC3CCC3)[C@@H](Cc3ccc(O)cc31)C2(C)C,1
3334,CC[C@H]1CC(=O)[C@H]2Oc3c(OC)ccc4c3[C@@]23CCN(CC2CC2)[C@H](C4)[C@H]13,1
3335,C[C@H]1C[C@H]2[C@H]3CC(F)(F)C4=CC(=O)C=C[C@@]4(C)[C@@]3(F)[C@H](O)C[C@@]2(C)[C@@]1(O)C(=O)CO,1
3336,C[C@]12CC[C@@H]3[C@H](CCC4=CC(=O)CC[C@]43C)[C@@H]1CC[C@@]2(O)C(=O)CO,1
3337,CC(=O)OCC(=O)[C@@]1(O)CC[C@H]2[C@H]3CCC4=CC(=O)CC[C@@]4(C)[C@H]3C(=O)C[C@]21C,1
3338,CC1=C[C@H]2[C@H]([C@H](O)C[C@]3(C)[C@H]2C[C@H](C)[C@]3(O)C(=O)COC(=O)c2cccc(S(=O)(=O)O)c2)[C@]2(C)Cc3cnn(-c4ccccc4)c3C=C12,1
3339,CC(=O)OCC(=O)[C@@]1(O)[C@@H](C)C[C@H]2[C@H]3C=C(C)C4=Cc5c(cnn5-c5ccccc5)C[C@@]4(C)[C@H]3[C@H](O)C[C@]21C,1
3340,C[C@H]1C[C@H](OC(=O)[C@H]2CCC(=O)N2)CC(C)(C)C1,1
3341,CC=CC(=O)N(CC)[C@H](CC)C(=O)N(C)C,1
3342,C[C@H]1[C@H]2Cc3ccc(O)cc3[C@@]1(C)CCN2CC1CC1,1
3343,CN(C)[C@H]1CCc2[nH]c3ccccc3c2C1,1
3344,CC(=O)[C@H]1CC[C@H]2[C@H]3C[C@H](O)[C@@]45C[C@H]4CC[C@@]5(C)[C@H]3CC[C@@]12C,1
3345,CO[C@@]12C=C[C@@]3(C[C@H]1C(C)(C)O)[C@H]1Cc4ccc(O)c5c4[C@]3(CCN1CC1CC1)[C@@H]2O5,1
3346,OC(c1ccccc1)(c1ccccc1)[C@H]1C[C@H]1c1ccncc1,1
3347,O=C1NC(=O)[C@]2(c3ccc(Cl)cc3)C[C@@H]12,1
3348,O[C@@](C1=NCCN1)(c1ccc(Cl)cc1)c1ccccn1,1
3349,CC(=O)[C@@]1(O)CC[C@H]2[C@H]3CCC4=CC(=O)C=C[C@@]4(C)[C@H]3[C@H](O)C[C@]21C,1
3350,CC(=O)[C@@]12OC(C)(C)O[C@H]1C[C@H]1[C@H]3CCC4=CC(=O)C=C[C@@]4(C)[C@@]3(F)[C@H](O)C[C@]12C,1
3351,COC(=O)[C@@H]1[C@@H]2C[C@@H]3c4[nH]c5ccccc5c4CCN3C[C@@H]2C[C@@H](OC(=O)c2cc(OC)c(OC)c(OC)c2)[C@@H]1OC,1
3352,CC1(C)O[C@H]2C[C@H]3[C@H]4CCC5=CC(=O)C=C[C@@]5(C)[C@H]4[C@H](O)C[C@@]3(C)[C@]2(C(=O)CO)O1,1
3353,C[C@H]1C[C@H]2[C@H]3CCC4=CC(=O)C=C[C@@]4(C)[C@@]3(F)[C@H](O)C[C@@]2(C)[C@H]1C(=O)CO,1
3354,CC(=O)OCC(=O)[C@@]1(OC(=O)c2ccco2)[C@@H](C)C[C@H]2[C@H]3CCC4=CC(=O)C=C[C@@]4(C)[C@@]3(F)[C@H](O)C[C@]21C,1
3355,c1ccc([C@H]2CN3CCSC3=N2)cc1,1
3356,c1ccc([C@H]2CN=C3NCCN32)cc1,1
3357,c1ccc(C2(c3ccccc3)OC[C@H]([C@H]3CCCCN3)O2)cc1,1
3358,C[C@@]12C=CC(=O)C=C1CC[C@H]1[C@H]3CC[C@@](O)(C(=O)CO)[C@]3(C)C[C@H](Cl)[C@@]12Cl,1
3359,CC(=O)CC(=O)[C@@]1(O)CC[C@H]2[C@H]3CCC4=CC(=O)C=C[C@@]4(C)[C@@]3(Cl)[C@H](Cl)C[C@]21C,1
3360,CC(=O)O[C@@H]1C[C@H]2C(COC(=O)CC(C)C)=CO[C@@H](OC(=O)CC(C)C)[C@@H]2[C@]12CO2,1
3361,CCCCOC[C@H](CN1C(=O)N(C[C@H](COCCCC)OC(N)=O)C(=O)[C@@](CC)(c2ccccc2)C1=O)OC(N)=O,1
3362,C[C@H]1C[C@H]2[C@H]3C[C@H](F)C4=CC(=O)C=C[C@@]4(C)[C@@]3(F)[C@H](O)C[C@@]2(C)[C@H]1C(=O)CO,1
3363,C[C@H]1C[C@H]2[C@H]3C[C@H](F)C4=CC(=O)C=C[C@@]4(C)[C@@]3(F)[C@H](O)C[C@@]2(C)[C@H]1C(=O)COC(=O)C(C)(C)C,1
3364,COc1ccc2c3c1O[C@H]1[C@H](O)CC[C@H]4[C@@H](C2)N(C)CC[C@]341,1
3365,CN1CC[C@](C)(CN2c3ccccc3Sc3ccccc32)C1,1
3366,C[C@@H](Cc1ccccc1)N(C)C,1
3367,O=C1CN2C(=O)CC[C@H]2N1,1
3368,CCCCCCCCC[C@@]1(C)OC[C@@H](COC(N)=O)O1,1
3369,CO[C@@]12CC[C@@]3(C[C@H]1C(C)(C)O)[C@H]1Cc4ccc(O)c5c4[C@]3(CCN1CC1CC1)[C@@H]2O5,1
3370,C[C@@]12N[C@@H](Cc3ccccc31)c1ccccc12,1
3371,CCCC(=O)O[C@]1(C(C)=O)CCC[C@H]2[C@H]3CCC4=CC(=O)C=C[C@@]4(C)[C@H]3[C@H](O)C[C@]21C,1
3372,COc1cc2c(cc1OC)C(=O)[C@H](CC1CCN(Cc3ccccc3)CC1)C2,1
3373,O=C(NCCc1ccc(O)c(O)c1)[C@]12CC3C[C@H](C[C@H](C3)C1)C2,1
3374,CCN1C[C@@H](CCN2CCOCC2)C(c2ccccc2)(c2ccccc2)C1=O,1
3375,CNCC[C@@H](Oc1cccc2ccccc12)c1cccs1,1
3376,CCC(=O)N(c1ccc(Cl)c(Cl)c1)[C@H]1CCC[C@H]1N(C)C,1
3377,C/C=C(/CC)C(=O)NC(N)=O,1
3378,Cc1nccn1[C@@H](C)c1ccccc1,1
3379,CN(C)CC/C=C1/c2ccccc2CNc2cc(Cl)ccc21,1
3380,COc1ccccc1N1CCN(C[C@H](O)COc2cc(OC)c(OC)c(OC)c2)CC1,1
3381,CCN(CC)C(=O)[C@@H]1[C@H](C(=O)N(CC)CC)[C@@H]2C=C[C@@H]1C2,1
3382,CC(=O)[C@@H]1CC[C@@H]2[C@@H]3C[C@H](C)C4=CC(=O)C=C[C@]4(C)[C@@H]3[C@@H](O)C[C@@]21C,1
3383,FC(F)OC(F)(F)[C@@H](F)Cl,1
3384,C[C@H]1O[C@@]2(CCCC[C@H]2Oc2cccc(Cl)c2)NC1=O,1
3385,CCN1CCC[C@H]1CNC(=O)c1cc(C(C)=O)ccc1OC,1
3386,CCNC1=Nc2ccc(Cl)cc2[C@H](c2ccccc2)S1,1
3387,CCO[C@@H]1c2ccccc2C(=O)N(C)c2ccccc21,1
3388,C#C[C@](O)(C=CCl)CC,1
3389,CCCCNC[C@H]1COc2cccc(OCC)c2O1,1
3390,CCOC(=O)[C@H]1N=C(c2ccccc2F)c2cc(Cl)ccc2NC1=O,1
3391,CCNC1=Nc2ccc(Cl)cc2[C@](C)(c2ccccc2)O1,1
3392,CC[C@H](C(N)=O)N1CCCC1=O,1
3393,CCN(CC)S(=O)(=O)N[C@H]1C[C@H]2c3cccc4[nH]cc(c34)C[C@H]2N(C)C1,1
3394,OCCOCCOCCN1CCN([C@@H](c2ccccc2)c2ccc(Cl)cc2)CC1,1
3395,CCC[C@@](C)(O)[C@H]1C[C@]23C=C[C@@]1(OC)[C@H]1Oc4c(O)ccc5c4[C@@]12CCN(C)[C@@H]3C5,1
3396,CC[C@]1(c2ccccc2)OC[C@H]([C@H]2CCCCN2)O1,1
3397,CCc1ccc2c(c1)N(C[C@H](C)CN(C)C)c1ccccc1S2,1
3398,CCCCOC[C@@H](CN1C(=O)NC(=O)[C@](CC)(c2ccccc2)C1=O)OC(N)=O,1
3399,COc1ccc(OC[C@H]2CN(C)CC[C@H]2c2ccccc2)cc1,1
3400,CC[C@@H](C(=O)OCCN1CCO[C@@H](c2ccccc2)[C@@H]1C)c1ccccc1,1
3401,CCN[C@H]1[C@H]2CC[C@@H](C2)[C@H]1c1ccccc1,1
3402,CCCC/N=C(/c1cc(Cl)ccc1O)c1ccccc1Cl,1
3403,C1=CCC2=C3C(=NC2=C1)CCN[C@H]3Cc1ccccc1,1
3404,CC[C@H]1C(=O)NC(=O)[C@@]1(C)c1ccccc1,1
3405,C[C@H]1NC(=O)CO[C@H]1c1ccccc1,1
3406,CCNC1=NC(=O)[C@H](c2ccccc2)O1,1
3407,CC(C)(O)C[C@@](C)(O)c1ccc(Cl)cc1,1
3408,CC(C)(C)NC[C@H](O)c1ccccc1F,1
3409,CS(=O)(=O)c1ccc([C@H](O)[C@@H](CF)NC(=O)C(Cl)Cl)cc1,1
3410,CC(=O)OCC(=O)[C@@]12N=C(C)O[C@H]1C[C@H]1[C@H]3CCC4=CC(=O)C=C[C@@]4(C)[C@@]3(F)[C@H](O)C[C@]12C,1
3411,COc1ccc(S(N)(=O)=O)cc1C(=O)NC[C@H]1CCCN1Cc1ccc(F)cc1,1
3412,CC1(C)O[C@H]2C[C@H]3[C@H]4C[C@H](F)C5=CC(=O)C=C[C@@]5(C)[C@@]4(Cl)[C@H](Cl)C[C@@]3(C)[C@]2(C(=O)CO)O1,1
3413,C[C@@]12CCC(=O)C=C1CC[C@H]1[C@H]3CC[C@@](O)(C(=O)CO)[C@]3(C)C[C@H](O)[C@@]12F,1
3414,CC(=O)OCC(=O)[C@@]1(O)CC[C@H]2[C@H]3CCC4=CC(=O)CC[C@@]4(C)[C@@]3(F)[C@H](O)C[C@]21C,1
3415,COC(OC)C(=O)[C@@]12OC(C)(C)O[C@H]1C[C@H]1[C@H]3C[C@H](F)C4=CC(=O)C=C[C@@]4(C)[C@@]3(F)[C@H](O)C[C@]12C,1
3416,CC(=O)OCC(=O)[C@@]12OC(C)(C)O[C@H]1C[C@H]1[C@H]3C[C@H](F)C4=CC(=O)C=C[C@@]4(C)[C@@]3(F)[C@H](O)C[C@]12C,1
3417,CCCCOC(=O)C(=O)[C@H]1[C@H](C)C[C@H]2[C@H]3C[C@H](F)C4=CC(=O)C=C[C@@]4(C)[C@H]3[C@H](O)C[C@]21C,1
3418,CCCCCC(=O)OCC(=O)[C@H]1[C@H](C)C[C@H]2[C@H]3C[C@H](F)C4=CC(=O)C=C[C@@]4(C)[C@H]3[C@H](O)C[C@]21C,1
3419,CC(=O)O[C@@]1(C(C)=O)CC[C@@H]2[C@@H]3C[C@H](C)C4=CC(=O)C=C[C@]4(C)[C@]3(F)[C@@H](O)C[C@@]21C,1
3420,O=C1CN2CCO[C@@]2(c2ccccc2F)c2cc(Cl)ccc2N1CCO,1
3421,CN1C(=O)[C@H](O)N=C(c2ccccc2F)c2cc(Cl)ccc21,1
3422,C[C@H]1C[C@H]2[C@H]3C[C@H](F)C4=CC(=O)C=C[C@@]4(C)[C@@]3(F)[C@H](O)C[C@@]2(C)[C@@]1(O)C(=O)SCF,1
3423,CCC(=O)O[C@@]1(C(=O)SCF)[C@H](C)C[C@H]2[C@H]3C[C@H](F)C4=CC(=O)C=C[C@@]4(C)[C@@]3(F)[C@H](O)C[C@]21C,1
3424,CCOC(=O)c1cncn1[C@H](C)c1ccc(F)cc1,1
3425,O[C@@H](CCCN1CCc2c(c3cc(F)ccc3n2-c2ccc(F)cc2)C1)c1ccc(F)cc1,1
3426,CC(C)n1c(/C=C/[C@H](O)C[C@H](O)CC(=O)O)c(-c2ccc(F)cc2)c2ccccc21,1
3427,COCCCC/C(=N/OCCN)c1ccc(C(F)(F)F)cc1,1
3428,CC(=O)OCC(=O)[C@@]12OC(C)(C)O[C@H]1C[C@H]1[C@H]3CC(C=O)=C4C=C(OCCCl)CC[C@@]4(C)[C@@]3(F)[C@H](O)C[C@]12C,1
3429,C[C@H]1O[C@H]1P(=O)(O)O,1
3430,O=C1OCC[C@@H]1C1(O)CCN(CCCN2c3ccccc3Sc3ccc(Cl)cc32)CC1,1
3431,CC(=C(CCO)SSC[C@H]1CCCO1)N(C=O)Cc1cnc(C)nc1N,1
3432,CC(=O)[C@H]1CC[C@H]2[C@H]3CC[C@H]4C[C@@](C)(O)CC[C@@]4(C)[C@H]3CC[C@@]12C,1
3433,CC[C@@]12CCN(CC3CC3)[C@@H](Cc3ccc(O)cc31)C2(C)C,1
3434,COc1cc2c3c(c1O)C1(C=CC(=O)C=C1)C[C@@H]3N(C)CC2,1
3435,CC1(C)O[C@H]2C[C@H]3[C@H]4CCC5=CC(=O)CC[C@@]5(C)[C@@]4(F)[C@H](O)C[C@@]3(C)[C@]2(C(=O)CCl)O1,1
3436,C[C@H]1C[C@H]2[C@H]3C[C@H](F)C4=CC(=O)C=C[C@@]4(C)[C@@]3(Cl)[C@H](F)C[C@@]2(C)[C@H]1C(=O)CO,1
3437,CC(=O)OCC(=O)[C@]1(OC(C)=O)CC[C@H]2[C@H]3C[C@H](F)C4=CC(=O)C(Br)=C[C@@]4(C)[C@@]3(F)[C@H](O)C[C@]21C,1
3438,FC(F)(F)[C@@H](Cl)Br,1
3439,O=C1CN2CCO[C@@]2(c2ccccc2F)c2cc(Br)ccc2N1,1
3440,CC(=O)Oc1ccc2c3c1O[C@H]1[C@H](OC(C)=O)C=C[C@H]4[C@@H](C2)N(C)CC[C@]341,1
3441,CCCCC[C@H](N)C(O)(c1ccccc1)c1ccccc1,1
3442,CN1[C@H]2CC[C@H]1CC(OC(=O)[C@H](O)c1ccccc1)C2,1
3443,CC[C@@](C)(O)[C@H]1C[C@]23C=C[C@@]1(OC)[C@H]1Oc4c(OC)ccc5c4[C@@]12CCN(CC1CC1)[C@@H]3C5,1
3444,CC(C)(CO)[C@H](O)C(=O)NCCCC(=O)O,1
3445,CCN(CC)CC(=O)OCC(=O)[C@@]1(O)CC[C@H]2[C@H]3CCC4=CC(=O)CC[C@@]4(C)[C@H]3[C@H](O)C[C@]21C,1
3446,CCC(=O)O[C@]1(C(=O)COC(C)=O)CC[C@H]2[C@H]3CCC4=CC(=O)CC[C@@]4(C)[C@H]3[C@H](O)C[C@]21C,1
3447,C[C@]12C[C@H](O)[C@@H]3[C@@H](CCC4=CC(=O)CC[C@]43C)[C@H]1CC[C@@]2(O)C(=O)COC(=O)CCC1CCCC1,1
3448,C[C@]12C[C@H](O)[C@@H]3[C@@H](CCC4=CC(=O)CC[C@]43C)[C@H]1CC[C@@]2(O)C(=O)COC(=O)CCC(=O)O,1
3449,CCCCC(=O)O[C@]1(C(=O)CO)CC[C@H]2[C@H]3CCC4=CC(=O)CC[C@@]4(C)[C@H]3[C@H](O)C[C@]21C,1
3450,CN1CC[C@@]23c4c5ccc(O)c4O[C@H]2[C@H](O)CC[C@@]3(O)[C@H]1C5,1
3451,CC[C@@](Br)(C(N)=O)C(C)C,1
3452,Cc1cccc(O[C@H]2CCNC[C@@H]2O)c1C,1
3453,CN[C@H]1C[C@@H](c2ccc(Cl)c(Cl)c2)c2ccccc21,1
3454,C1=Cc2cccc(OC[C@@H]3CNCCO3)c2C1,1
3455,CN(C)CC[C@]1(c2ccccc2)C=Cc2ccccc21,1
3456,C[C@@]12C=CC(=O)C=C1CC[C@H]1[C@H]3CC[C@@](O)(C(=O)CO)[C@]3(C)C[C@H](O)[C@@]12F,1
3457,CC(=O)OCC(=O)[C@@]1(O)CC[C@H]2[C@H]3CCC4=CC(=O)C=C[C@@]4(C)[C@@]3(F)[C@H](O)C[C@]21C,1
3458,CCC[C@H]1O[C@H]2C[C@H]3[C@H]4C[C@H](F)C5=CC(=O)C=C[C@@]5(C)[C@@]4(F)[C@H](O)C[C@@]3(C)[C@]2(C(=O)O[C@H](C)OC(=O)OCC)O1,1
3459,C=C[C@@H]1CNCC[C@@H]1CCCc1ccnc2ccc(OC)cc12,1
3460,CN[C@]1(c2ccccc2Cl)CCCCC1=O,1
3461,C[C@H]1[C@@H]2C(=O)c3ccc(O)cc3[C@]1(C)CCN2CC1CC1,1
3462,C[C@@H](C(=O)O)c1cccc(C(=O)c2ccccc2)c1,1
3463,O=C(CN1CC[C@]23CCCC[C@H]2[C@H]1Cc1ccc(O)cc13)c1ccccc1,1
3464,CCN(CC)C(=O)N[C@@H]1C=C2c3cccc4[nH]cc(c34)C[C@@H]2N(C)C1,1
3465,COc1ccc(Cl)c2c1CCC[C@H]2N(C)C,1
3466,O=C1Nc2ccc(Cl)nc2C(c2ccccc2Cl)=N[C@@H]1O,1
3467,CN1C(=O)[C@H](O)N=C(c2ccccc2Cl)c2cc(Cl)ccc21,1
3468,O=C1C[C@H]2c3cc(Cl)ccc3O[C@]3(CCNC[C@@H]23)N1,1
3469,COC1=CC(=O)O[C@H]1[C@H](O)c1ccccc1Cl,1
3470,CCOC(=O)O[C@]1(C(=O)OCCl)CC[C@H]2[C@H]3CCC4=CC(=O)C=C[C@@]4(C)[C@H]3[C@H](O)C[C@]21C,1
3471,CN1c2cc(F)ccc2C(c2ccccc2)=NC[C@H]1CNC(=O)c1ccoc1,1
3472,O[C@@]1(c2ccc(Cl)cc2)c2ccccc2C2=NCCN21,1
3473,CN1CCN(CC(=O)[C@@]2(O)CC[C@H]3[C@H]4CCC5=CC(=O)C=C[C@@]5(C)[C@H]4[C@H](O)C[C@]32C)CC1,1
3474,C[C@@H](NN)c1ccccc1,1
3475,CC[C@H](C)C(C)(COC(N)=O)COC(N)=O,1
3476,C[C@H]1N=C(c2ccccc2Cl)c2cc([N+](=O)[O-])ccc2NC1=O,1
3477,CNC(=O)N[C@H](O)C(Cl)(Cl)Cl,1
3478,CCCC(=O)OCC(=O)[C@@]1(OC(=O)CCC)[C@H](C)C[C@H]2[C@H]3CCC4=CC(=O)C=C[C@@]4(C)[C@@]3(Cl)[C@H](Cl)C[C@]21C,1
3479,C[C@H]1C[C@@H]2[C@@H]([C@@H](O)C[C@@]3(C)[C@@H]2CC[C@H]3C(=O)O)[C@@]2(C)CCC(=O)C=C12,1
3480,C[C@]12C[C@@H]3CC(N)(C1)C[C@@](C)(C3)C2,1
3481,COc1ccccc1OC[C@H]1CNC(=O)O1,1
3482,COc1ccc2c(c1)[C@](O)(CCCN(C)C)c1ccccc1S2,1
3483,c1ccc2c(c1)Sc1ccccc1N2C[C@@H]1CN2CCC1CC2,1
3484,CN1CCCC[C@H]1CCN1c2ccccc2Sc2ccc(S(C)=O)cc21,1
3485,CN1C[C@H](NS(=O)(=O)N(C)C)C[C@H]2c3cccc4c3c(cn4C)C[C@H]21,1
3486,CC(C)(O)[C@@](C)(O)c1cccc(Cl)c1,1
3487,CN[C@H](C)Cc1ccccc1,1
3488,CCC[C@H](C)C1(CCSC)C(=O)NC(=S)NC1=O,1
3489,C=CC[C@]1([C@@H](C)C#CCC)C(=O)NC(=O)N(C)C1=O,1
3490,CC1=CC[C@H]2[C@H]3Cc4ccc(O)c5c4[C@]2(CN3C)[C@H]1O5,1
3491,CN1CC[C@@]23c4c5ccc(O)c4O[C@H]2[C@@](C)(O)CC[C@H]3[C@H]1C5,1
3492,C#C[C@](C)(O)CC,1
3493,C[C@H]1C[C@@H]2[C@@H]([C@@H](O)C[C@@]3(C)[C@@H]2CC[C@@]3(O)C(=O)COC(=O)CCC(=O)O)[C@@]2(C)C=CC(=O)C=C12,1
3494,CN1CC[C@@]23c4c5ccc(O)c4O[C@@]2(C)C(=O)CC[C@H]3[C@H]1C5,1
3495,COC(=O)[C@@H]1[C@@H]2C[C@@H]3c4[nH]c5cc(OC)ccc5c4CCN3C[C@@H]2C[C@H](OC)[C@@H]1OC,1
3496,CC[C@H](C)C(=O)O[C@H]1CCC=C2C=C[C@H](C)[C@@H](CC[C@H]3C[C@H](O)CC(=O)O3)[C@H]21,1
3497,C[C@H]1CO[C@@]2(c3ccccc3Cl)c3cc(Cl)ccc3NC(=O)CN12,1
3498,Clc1ccc(CO[C@@H](Cn2ccnc2)c2ccc(Cl)cc2Cl)c(Cl)c1,1
3499,CCO[C@H]1C[C@@]2(C)[C@@H](CC[C@@H]3[C@H]2[C@H](N(C)C)C[C@@]2(C)[C@@H]3CC[C@H]2C(C)=O)C[C@@H]1O,1
3500,CN1[C@H]2CC[C@H]1CC(NC(=O)c1cn(C3CCCCC3)c3ccccc3c1=O)C2,1
3501,CN1CCN2c3ncccc3Cc3ccccc3[C@H]2C1,1
3502,C[C@H]1C[C@H]2[C@H]3CCC4=CC(=O)C=C[C@@]4(C)[C@@]3(Cl)[C@H](O)C[C@@]2(C)[C@@]1(OC(=O)c1ccco1)C(=O)CCl,1
3503,CN1CC[C@@]23c4c5ccc(O)c4O[C@H]2[C@H](O)C=C[C@H]3[C@H]1C5,1
3504,C[C@]1(c2ccccc2)CC(=O)N(CN2CCOCC2)C1=O,1
3505,O=C1N[C@@H]2CCCCN2C12CCN(CCCN1c3ccccc3CCc3ccc(Cl)cc31)CC2,1
3506,CNC(=O)O[C@H]1OC(=O)[C@@H]2[C@H]1[C@@H]1C=C[C@@H]2C1,1
3507,CCCCCCCCCCCCCC(=O)O[C@H]1C=C[C@H]2[C@H]3Cc4ccc(OCc5ccccc5)c5c4[C@]2(CCN3C)[C@@H]1O5,1
3508,CCCCC[C@H](C)[C@H](C)c1cc(OC(=O)CCCN2CCCCCC2)c2c(c1)OC(C)(C)C1=C2C[C@H](C)CC1,1
3509,CCCCCCC(C)(C)c1cc(O)c2c(c1)OC(C)(C)[C@H]1CCC(=O)C[C@@H]21,1
3510,C[C@@]12C=CC(=O)C=C1CC[C@H]1[C@H]3C[C@H]4Cc5ccccc5C[C@@]4(C(=O)CO)[C@]3(C)C[C@H](O)[C@@]12F,1
3511,Oc1ccc2c3c1O[C@@H]1[C@@H](O)CC[C@@]4(O)[C@@H](C2)N(CC2CCC2)CC[C@@]314,1
3512,C=C1CC[C@@]2(O)[C@H]3Cc4ccc(O)c5c4[C@]2(CCN3CC2CC2)[C@H]1O5,1
3513,CC(C)=CCN1CC[C@@]23c4c5ccc(O)c4O[C@H]2C(=O)CC[C@@]3(O)[C@H]1C5,1
3514,O=C1CC[C@@]2(O)[C@H]3Cc4ccc(O)c5c4[C@]2(CCN3CC2CC2)[C@H]1O5,1
3515,C[C@@H](Oc1cccc2ccccc12)C(N)=NO,1
3516,C[C@@H](CCN1CCN(c2ccc(F)cc2)CC1)NC(=O)c1cccnc1,1
3517,C/C=C/[C@@H]1O[C@@]2(C(=O)COC(=O)c3ccncc3)CC[C@@]3(O1)[C@@H]1CCC4=CC(=O)CC[C@@]4(C)[C@H]1[C@@H](O)C[C@]23C,1
3518,CN1CC[C@@]23c4c5ccc(OC(=O)c6cccnc6)c4O[C@H]2[C@H](OC(=O)c2cccnc2)C=C[C@H]3[C@H]1C5,1
3519,CC[C@H](C)[C@@](C)(COC(N)=O)COC(=O)NC(C)C,1
3520,CNCC[C@@H](Oc1ccccc1OC)c1ccccc1,1
3521,C#C[C@]1(O)CC[C@H]2[C@H]3CCC4=Cc5c(cnn5-c5ccc(F)cc5)C[C@@]4(C)[C@@H]3CC[C@@]21C,1
3522,CN1Cc2c(N)cccc2[C@H](c2ccccc2)C1,1
3523,Oc1ccc2c(c1)[C@@]13CCCC[C@H]1[C@@H](C2)NCC3,1
3524,Oc1ccc2c3c1O[C@@H]1[C@@H](O)C=C[C@H]4[C@@H](C2)NCC[C@@]314,1
3525,COc1ccc2c(c1OC)C(=O)O[C@H]2[C@@H]1c2c(cc3c(c2OC)OCO3)CCN1C,1
3526,Clc1ccc2c(c1)/C(=C\[C@H]1CN3CCC1CC3)c1ccccc1S2,1
3527,CCCCCC[C@H](C)NN,1
3528,CNCC/C=C1/c2ccccc2[C@H]2C[C@H]2c2ccccc21,1
3529,O=C(CN1CC[C@H](c2ccc(F)cc2)[C@H](COc2ccc3c(c2)OCO3)C1)c1ccc(F)cc1,1
3530,Cc1ncc([N+](=O)[O-])n1C[C@H](O)CCl,1
3531,CC(C)N1CCO[C@H](c2cccc(C(F)(F)F)c2)C1,1
3532,O=C1Nc2ccc(Cl)cc2C(c2ccccc2)=N[C@@H]1O,1
3533,C[C@@H](Cc1ccccc1)[N@@+](C)([O-])Cc1ccccc1,1
3534,NC(=O)CN1C[C@H](O)CC1=O,1
3535,C[C@@]12C=CC(=O)[C@H]1C(=O)CC[C@@H]1[C@H]2[C@@H](O)C[C@@]2(C)[C@@H]1CC[C@@]2(O)C(=O)CO,1
3536,N[C@@H](Cc1c[nH]c2ccc(O)cc12)C(=O)O,1
3537,COc1ccc2c3c1O[C@H]1C(=O)CC[C@@]4(O)[C@@H](C2)N(C)CC[C@@]314,1
3538,CN1CC[C@@]23c4c5ccc(O)c4O[C@H]2C(=O)CC[C@@]3(O)[C@H]1C5,1
3539,CC(C)CCC(=O)C[C@@H]1c2ccccc2C(=O)N1c1ccc2ccc(Cl)nc2n1,1
3540,COc1ccc(N2C[C@@H](CN3CCC(O)(c4ccc5c(c4)OCO5)CC3)OC2=O)cc1,1
3541,Nc1cc(OCC2CC2)c(C(=O)N[C@H]2CN3CCC2CC3)cc1Cl,1
3542,C[C@H]1O[C@H](C)O[C@@H](C)O1,1
3543,CC(=O)OCC(=O)[C@@]1(O)[C@@H](C)C[C@H]2[C@H]3C[C@H](F)C4=CC(=O)C=C[C@@]4(C)[C@H]3[C@H](O)C[C@]21C,1
3544,Fc1ccc([C@H]2CCNC[C@H]2COc2ccc3c(c2)OCO3)cc1,1
3545,O=C(C[C@@H]1c2ccccc2C(=O)N1c1ccc2ccc(Cl)nc2n1)N1CCC2(CC1)OCCO2,1
3546,NC1=NC(=O)[C@H](c2ccccc2)O1,1
3547,CC([C@H](C)OC(N)=O)[C@@H](C)OC(N)=O,1
3548,CCCCCN[C@]12C=CC(=O)[C@H]3Oc4c(O)ccc5c4[C@@]31CCN(C)[C@@H]2C5,1
3549,CC(C)=CCN1CC[C@]2(C)c3cc(O)ccc3C[C@@H]1[C@@H]2C,1
3550,CCCN1C[C@@H](CSC)C[C@H]2c3cccc4[nH]cc(c34)C[C@H]21,1
3551,O[C@@H](OCC(CO[C@H](O)C(Cl)(Cl)Cl)(CO[C@H](O)C(Cl)(Cl)Cl)CO[C@H](O)C(Cl)(Cl)Cl)C(Cl)(Cl)Cl,1
3552,C[C@H]1[C@H]2Cc3ccc(O)cc3[C@@]1(C)CCN2CCc1ccccc1,1
3553,CC[C@@H](C(=O)NC(N)=O)c1ccccc1,1
3554,C[C@H]1NCCO[C@H]1c1ccccc1,1
3555,C[C@@H](COc1ccccc1)NN,1
3556,CN1C(=O)C[C@H](c2ccccc2)C1=O,1
3557,CC(=O)Nc1ccc(OC(=O)[C@H]2CCC(=O)N2)cc1,1
3558,OCCC1CCN(CC/C=C2/c3ccc(F)cc3Sc3ccc(C(F)(F)F)cc32)CC1,1
3559,CCc1c(C)[nH]c2c1C(=O)[C@@H]1CN(C)CC[C@@H]1C2,1
3560,CN(C)CC[C@@]1(C)OCCC2=C1Cc1ccccc12,1
3561,Cc1ccc2c(c1)c1c3n2CCN[C@H]3CCC1,1
3562,CC(C)(C)C(=O)O[C@H]1N=C(c2ccccc2)c2cc(Cl)ccc2NC1=O,1
3563,O=C1NC(=O)C(C[C@H]2CCCCN2)(c2ccccc2)C(=O)N1,1
3564,CCOC(=O)O[C@]1(C(=O)COC(=O)CC)CC[C@H]2[C@H]3CCC4=CC(=O)C=C[C@@]4(C)[C@H]3[C@H](O)C[C@]21C,1
3565,CCN(CC)CC(=O)OCC(=O)[C@@]1(O)CC[C@H]2[C@H]3CCC4=CC(=O)C=C[C@@]4(C)[C@H]3[C@H](O)C[C@]21C,1
3566,CCCCCCCCCCCCCCCCCC(=O)OCC(=O)OCC(=O)[C@@]1(O)CC[C@H]2[C@H]3CCC4=CC(=O)C=C[C@@]4(C)[C@H]3[C@H](O)C[C@]21C,1
3567,CC(C)(C)CC(=O)OCC(=O)[C@@]1(O)CC[C@H]2[C@H]3CCC4=CC(=O)C=C[C@@]4(C)[C@H]3[C@H](O)C[C@]21C,1
3568,C[C@]12CC(=O)[C@@H]3[C@@H](CCC4=CC(=O)C=C[C@]43C)[C@H]1CC[C@@]2(O)C(=O)CO,1
3569,C=C1C[C@@H]2[C@@H]3CCC4=CC(=O)C=C[C@@]4(C)[C@@H]3[C@@H](O)C[C@]2(C)[C@]1(O)C(=O)CO,1
3570,CC(C)C[C@@H](CN)CC(=O)O,1
3571,CC(=O)[C@H]1CC[C@H]2[C@H]3CC=C4C[C@H](OC(=O)CCC(=O)O)CC[C@@]4(C)[C@H]3CC[C@@]12C,1
3572,CC[C@@H](OC(N)=O)C1CCCCC1,1
3573,O=C1CN=C(c2ccccc2F)c2cc(Cl)ccc2N1C[C@@H](O)CO,1
3574,NC(=O)CCC/N=C(/c1ccc(Cl)cc1)c1cc(F)ccc1O,1
3575,CCC[C@@H](Cc1ccccc1)N1CCCC1,1
3576,CC(C)C1(C(C)C)OC[C@@H](CO)O1,1
3577,C[C@@H](CN1C(=O)c2cccnc2Nc2ccccc21)N(C)C,1
3578,C=CCC1(C[C@H](C)O)C(=O)NC(=O)NC1=O,1
3579,Oc1ccc2c(c1)[C@]13CCN(CC4CC4)[C@H](C2)[C@@H]1CCOC3,1
3580,CCCN1C[C@H](NS(=O)(=O)N(CC)CC)C[C@H]2Cc3c(O)cccc3C[C@H]21,1
3581,CN(C)CCO[C@]1(Cc2ccccc2)C[C@H]2CC[C@@]1(C)C2(C)C,1
3582,N#CCN[C@H]1CCc2ccccc21,1
3583,C[C@@](Cc1ccccc1)(NC(=O)CN)c1ccccc1,1
3584,COc1ccc2c3c([nH]c2c1)[C@H]1C[C@@H]2[C@@H](C[C@@H](OC(=O)c4cc(OC)c(OC)c(OC)c4)[C@H](OC)[C@@H]2OC(C)=O)CN1CC3,1
3585,CCC(=O)[C@@]1(O)CC[C@H]2[C@H]3CCC4=CC(=O)CC[C@@]4(C)[C@H]3[C@H](O)C[C@]21C,1
3586,CN1[C@H]2CC[C@H]1CC(NC(=O)N1CC(C)(C)c3ccccc31)C2,1
3587,C[C@H]1CN(CCCn2c3ccccc3c3ccccc32)C[C@H](C)N1,1
3588,CCC(=O)[C@@]1(C)[C@H](C)C[C@H]2[C@H]3CCC4=CC(=O)C=C[C@@]4(C)[C@H]3[C@H](O)C[C@]21C,1
3589,O=C1CCN=C2C[C@H](c3ccccc3)CN12,1
3590,CCC[C@H]1O[C@H]2C[C@H]3[C@H]4C[C@H](F)C5=CC(=O)CC[C@@]5(C)[C@@]4(F)[C@H](O)C[C@@]3(C)[C@]2(C(=O)CO)O1,1
3591,O=C1CC[C@H](C(=O)N[C@H]2C[C@H]2c2ccccc2)N1,1
3592,COc1ccc([C@H]2CNC(=O)C2)cc1OC1CCCC1,1
3593,CN1C[C@@H](CN2CC(=O)NC(=O)C2)C=C2c3cccc4[nH]cc(c34)C[C@H]21,1
3594,CO/N=C(/C#N)[C@H]1CN2CCC1CC2,1
3595,OCc1ccccc1O[C@@H]1O[C@H](CO)[C@@H](O)[C@@H](O)[C@H]1O,1
3596,COCCN1CC[C@@]23c4c5ccc(O)c4O[C@H]2C(=O)CC[C@@]3(O)[C@H]1C5,1
3597,CCC(C)(C)C(=O)O[C@H]1C[C@H](C)C=C2C=C[C@H](C)[C@@H](CC[C@H]3C[C@H](O)CC(=O)O3)[C@H]21,1
3598,CN(C(=O)Cc1ccc(Cl)c(Cl)c1)[C@H]1CC[C@@]2(CCCO2)C[C@H]1N1CCCC1,1
3599,CN(C)C[C@H]1CO[C@@]2(O1)c1ccccc1COc1ccccc12,1
3600,CC(C)(C)[C@H](O)C=Cc1ccc2c(c1)OCO2,1
3601,NS(=O)(=O)c1ccc(N2C(=O)C[C@H](c3ccccc3)C2=O)c(Cl)c1,1
3602,COc1ccc(S(N)(=O)=O)cc1C(=O)NC[C@H]1CCCN1C,1
3603,CCN1CCC[C@H]1CNC(=O)c1cc(S(=O)(=O)CC)ccc1OC,1
3604,CSCC[C@@H](NC(C)=O)C(=O)Oc1ccc(NC(C)=O)cc1,1
3605,O=C1CCC(=O)N1C[C@H]1CC[C@H]2CN(c3ncccn3)CCN2C1,1
3606,CCC(=O)N1CCN(C(=O)O[C@@H]2C3=C(SCCS3)C(=O)N2c2ccc3ccc(Cl)nc3n2)CC1,1
3607,CN1CCN(C(=O)O[C@@H]2C3=C(SCCS3)C(=O)N2c2ccc3ccc(Cl)nc3n2)CC1,1
3608,O=C1CC[C@@H](N2C(=O)[C@@H]3[C@H]4CC[C@@H](C4)[C@@H]3C2=O)C(=O)N1,1
3609,CNCCC[C@]1(c2ccccc2)OC(C)(C)c2ccccc21,1
3610,CNCCC[C@]1(c2ccccc2)SC(C)(C)c2ccccc21,1
3611,CN[C@H]1CC[C@@H](c2ccccc2)c2ccccc21,1
3612,COc1ccc([C@H](O)CN2CCN(C(c3ccccc3)c3ccccc3)CC2)cc1OC,1
3613,CCn1c2c(c3ccccc31)CCS[C@@]2(C)CCN(C)C,1
3614,O=C1[C@@H]2[C@H]3CC[C@@H](C3)[C@H]2C(=O)N1CCCCN1CCN(c2ncccn2)CC1,1
3615,OCCN1CCN([C@H]2C[C@@H](c3ccc(F)cc3)c3ccc(C(F)(F)F)cc32)CC1,1
3616,F[C@@H](Br)C(F)(F)F,1
3617,OCCN1CCN(CCC[C@H]2c3ccc(F)cc3Sc3ccc(C(F)(F)F)cc32)CC1,1
3618,O=C1NCCN[C@H]1c1cccs1,1
3619,CCN(CC)C(=O)N[C@H]1C[C@H]2c3cccc4[nH]cc(c34)C[C@H]2N(C)C1,1
3620,CCC[C@@H](CC)C1(CC)C(=O)NC(=O)NC1=O,1
3621,O=C1NC(=O)[C@@]2(CCc3ccccc3C2)N1,1
3622,O=C1CC[C@@H](N2C(=O)c3ccccc3C2=O)C(=O)N1,1
3623,COc1ccc2c3c1O[C@H]1C(OC(C)=O)=CC[C@H]4[C@@H](C2)N(C)CC[C@@]314,1
3624,C=CCC1([C@@H]2C=CCCC2)C(=O)NC(=S)NC1=O,1
3625,CS(=O)(=O)c1ccc([C@H](O)[C@@H](CO)NC(=O)C(Cl)Cl)cc1,1
3626,C=CCC1([C@@H](C)CCC)C(=O)NC(=S)NC1=O,1
3627,CN(C)CCN1C(=O)C[C@H](c2ccccc2)Sc2ccccc21,1
3628,CN1CCN(CC/C=C2/c3ccccc3Sc3ccc(S(=O)(=O)N(C)C)cc32)CC1,1
3629,CN(C)C1=NC(=O)[C@H](c2ccccc2)O1,1
3630,CN1c2ccccc2[C@@H](NCCCCCCC(=O)O)c2ccc(Cl)cc2S1(=O)=O,1
3631,S=C1NCC[C@@H](COc2ccccc2)O1,1
3632,CCOC(=O)[C@]1(c2ccccc2)CCC=C[C@H]1N(C)C,1
3633,CN1CCN2c3cc(F)ccc3C(c3cccs3)=NC[C@H]2C1,1
3634,CSC(=O)[C@@]1(OC(C)=O)[C@H](C)C[C@H]2[C@H]3CCC4=CC(=O)C=C[C@@]4(C)[C@@]3(F)[C@H](O)C[C@]21C,1
3635,CN1C[C@@H](CSc2ccccn2)C=C2c3cccc4[nH]cc(c34)C[C@H]21,1
3636,CCS[C@]1(SC)CC[C@H]2[C@H]3CCC4=CC(=O)C=C[C@@]4(C)[C@@]3(F)[C@H](O)C[C@]21C,1
3637,COc1cc2c(cc1OC)S(=O)(=O)O[C@@H](C(=O)N[C@H](C)CC(C)(C)N(C)C)C2,1
3638,C[C@@H](Cc1ccccc1)NCCC1c2ccccc2Sc2ccccc21,1
3639,C[C@]12C[C@H](O)[C@@H]3[C@@H](CCC4=CC(=O)CC[C@]43C)[C@H]1CC[C@@]2(O)C(=O)C[S],1
3640,CC(C)(C)C(=O)SCC(=O)[C@@]1(O)CC[C@H]2[C@H]3CCC4=CC(=O)CC[C@@]4(C)[C@H]3[C@H](O)C[C@]21C,1
3641,CNCCO[C@@H](c1ccccc1)c1ccccc1C,1
3642,CC[C@H]1C(C)=NN=C(c2ccc(OC)c(OC)c2)c2cc(OC)c(OC)cc21,1
3643,Cc1ccccc1OC[C@@H](CO[C@H](O)C(Cl)(Cl)Cl)O[C@H](O)C(Cl)(Cl)Cl,1
3644,CC[C@@]1(O)CCN2CCc3ccc(C)cc3[C@H]2C1,1
3645,CCCCCC(=O)CC[C@@]1(C)[C@H]2Cc3ccc(O)cc3[C@@]1(C)CCN2C,1
3646,CC1(C)O[C@H]2[C@H](CO[C@@]3(COS(N)(=O)=O)OC(C)(C)O[C@@H]23)O1,1
3647,CC1(C)O[C@H]2C[C@H]3[C@H]4C[C@H](F)C5=CC(=O)C=C[C@@]5(C)[C@@]4(Cl)[C@H](Cl)C[C@@]3(C)[C@]2(C(=O)CF)O1,1
3648,N[C@H]1C[C@H]1c1ccccc1,1
3649,C[C@H]1Oc2ccccc2C[C@H]1N(C)C,1
3650,C[C@@]12C=CC(=O)C=C1CC[C@H]1[C@H]3C[C@H](O)[C@@](O)(C(=O)CO)[C@]3(C)C[C@H](O)[C@@]12F,1
3651,C[C@@H](CNC(=O)c1ccccc1)C(=O)OCC(=O)[C@@]12OC(C)(C)O[C@H]1C[C@H]1[C@H]3CCC4=CC(=O)C=C[C@@]4(C)[C@@]3(F)[C@H](O)C[C@]12C,1
3652,CC1(C)O[C@H]2C[C@H]3[C@H]4CC5=CC(=O)C=C[C@@]5(C)[C@@]4(F)[C@H](O)C[C@@]3(C)[C@]2(C(=O)COC(=O)c2cc3ccccc3o2)O1,1
3653,O=C1N([C@H](O)C(Cl)(Cl)Cl)CNC1(c1ccccc1)c1ccccc1,1
3654,CC1(C)O[C@H]2C[C@H]3[C@H]4C[C@H](F)C5=CC(=O)C=C[C@@]5(C)[C@@]4(Cl)[C@H](Cl)C[C@@]3(C)[C@]2(C(=O)CCl)O1,1
3655,N/C(=N/O)C1=NNc2ccccc2N(Cc2ccccc2)C1=O,1
3656,COc1ccccc1N1CCN(CCCCN2C(=O)[C@@H]3C(=O)N(C(C)(C)C)C(=O)[C@H](C2=O)C3(C)C)CC1,1
3657,CC(C)[C@H](N)C(=O)OCCOCn1cnc2c(=O)[nH]c(N)nc21,1
3658,CC(C)[C@H](N)C(=O)OC[C@@H](CO)OCn1cnc2c(=O)[nH]c(N)nc21,1
3659,CC(=O)OCC1=CO[C@H](OC(=O)CC(C)C)[C@H]2C1=C[C@@H](OC(=O)CC(C)C)[C@@]21CO1,1
3660,Nc1c2c(nc3ccccc13)CCC[C@@H]2O,1
3661,COc1ccc([C@@H](CN(C)C)C2(O)CCCCC2)cc1,1
3662,C=CCN1CCC[C@@H]1CNC(=O)c1cc(S(N)(=O)=O)cc(OC)c1OC,1
3663,C=C[C@@H](N)CCC(=O)O,1
3664,CCOc1ccccc1OC[C@H]1CNCCO1,1
3665,Cc1c(C)c2c(c(C)c1O)CC[C@](C)(CCC[C@@H](C)CCC[C@@H](C)CCCC(C)C)O2,1
3666,OCCCN1CCN(CCC[C@H]2c3ccccc3Sc3ccc(Cl)cc32)CC1,1
3667,C=C1C[C@H](C)[C@@H]2[C@@H]3Cc4ccc(O)cc4[C@]2(CCN3CC2CCC2)C1,1
3668,CC(C)[C@@H](CCCCCC(=O)O)NCc1ccc(F)cc1,1
3669,O=C1[C@@H]2[C@H]3C=C[C@@H]([C@H]4C=C[C@H]43)[C@H]2C(=O)N1CCCCN1CCN(c2ncccn2)CC1,1
3670,C[C@@H](c1noc2ccc(Cl)cc12)n1ccnc1,1
3671,CCN[C@@H](Cc1ccccc1)[C@H]1CCCO1,1
3672,CCCC(=O)Nc1ccc(OC[C@H](O)CNC(C)C)c(C(C)=O)c1,0
3673,CC[C@@]1(O)C[C@@H](O[C@H]2C[C@@H](N(C)C)[C@@H](O[C@H]3C[C@H](O)[C@@H](O[C@H]4CCC(=O)[C@H](C)O4)[C@H](C)O3)[C@H](C)O2)c2c(cc3c(c2O)C(=O)c2c(O)cccc2C3=O)[C@H]1C(=O)OC,0
3674,CC1(C)S[C@@H]2[C@H](NC(=O)CCC[C@H](N)C(=O)O)C(=O)N2[C@H]1C(=O)O,0
3675,COc1cccc2c1C(=O)c1c(O)c3c(c(O)c1C2=O)C[C@](O)([C@H](O)CO)C[C@@H]3O,0
3676,C[C@@]12CCC(=O)C=C1CC[C@@H]1[C@H]2[C@H]2C[C@]3([C@@H]1CC[C@H]3C(=O)CO)[C@@H](O)O2,0
3677,C=CCSCC(=O)N[C@@H]1C(=O)N2[C@@H]1SC(C)(C)[C@@H]2C(=O)O,0
3678,CC1(C)S[C@@H]2[C@H](NC(=O)[C@]34C[C@H]5C[C@@H](C[C@](N)(C5)C3)C4)C(=O)N2[C@H]1C(=O)O,0
3679,NCC[C@H](O)C(=O)N[C@H]1C[C@H](N)[C@@H](O[C@H]2O[C@@H](CN)[C@H](O)[C@H](O)[C@@H]2O)[C@H](O)[C@H]1O[C@H]1O[C@@H](CO)[C@H](O)[C@H](N)[C@@H]1O,0
3680,C[C@H]1[C@@H](O)[C@@H](C)C=CC=CC=CC=CC=CC=CC=C[C@H](O[C@H]2O[C@H](C)[C@H](O)[C@H](N)[C@@H]2O)C[C@H]2O[C@@](O)(C[C@@H](O)[C@@H](O)CC[C@@H](O)C[C@@H](O)C[C@@H](O)CC(=O)O[C@@H]1C)C[C@H](O)[C@H]2C(=O)O,0
3681,CC1(C)S[C@@H]2[C@H](NC(=O)[C@@H](NC(=O)c3cnc4cccnc4c3O)c3ccccc3)C(=O)N2[C@H]1C(=O)O,0
3682,CN(C)[C@H]1C(O)=C(C(=O)N[C@H](C(=O)O)N2CCN(CCO)CC2)C(=O)[C@@]2(O)C(O)=C3C(=O)c4c(O)cccc4[C@@](C)(O)[C@H]3C[C@@H]12,0
3683,CN[C@@H]1[C@H](O[C@H]2O[C@@H](CO)[C@H](N)[C@H](O)[C@@H]2O)O[C@@H]2C[C@@H](N)[C@H](O[C@@H]3[C@@H](O)[C@@H](O)[C@@H](N)C[C@H]3N)O[C@@H]2[C@H]1O,0
3684,NCC[C@H](O)C(=O)N[C@H]1C[C@H](N)[C@@H](O[C@H]2O[C@@H](CN)CC[C@@H]2N)[C@H](O)[C@H]1O[C@H]1O[C@@H](CO)[C@H](O)[C@H](N)[C@@H]1O,0
3685,CNC(=O)C[C@H](N)C(=O)N[C@@H](C(=O)N[C@H]1C(=O)N2[C@H]1SC(C)(C)[C@H]2C(=O)O)c1ccc(O)cc1,0
3686,CO[C@H]1[C@H](O)[C@H](N)[C@@H](O[C@H]2O[C@H]([C@@H](C)N)CC[C@@H]2N)[C@H](O)[C@H]1N(C)C(=O)CN,0
3687,CC[C@H]1OC(=O)[C@H](C)[C@@H](O[C@H]2C[C@@](C)(OC)[C@H](O)[C@H](C)O2)[C@H](C)[C@@H](O[C@H]2O[C@H](C)C[C@@H](N(C)C)[C@@H]2O)[C@@](C)(O)C[C@H](C)CN(C)[C@H](C)[C@H](O)[C@@]1(C)O,0
3688,C[C@@H]1[C@H](NC(=O)C(=NOC(C)(C)C(=O)O)c2csc(N)n2)C(=O)N1S(=O)(=O)O,0
3689,CCOC(=O)O[C@H](C)OC(=O)[C@H]1N2C(=O)[C@@H](N=CN3CCCCCC3)[C@H]2SC1(C)C,0
3690,NC[C@H]1O[C@@H](O[C@@H]2[C@@H](O)[C@H](O[C@H]3O[C@@H](CO)[C@H](O)[C@H](N)[C@@H]3O)[C@@H](N)C[C@H]2N)[C@H](N)[C@H](O)[C@@H]1O,0
3691,N[C@@H](CO)C(=O)NNCc1ccc(O)c(O)c1O,0
3692,CC(C)COC[C@@H](CN(Cc1ccccc1)c1ccccc1)N1CCCC1,0
3693,CC[C@H]1OC(=O)[C@H](C)[C@@H](O[C@H]2C[C@@](C)(OC)[C@H](O)[C@H](C)O2)[C@H](C)[C@@H](O[C@H]2O[C@H](C)C[C@@H](N(C)C)[C@@H]2O)[C@@](C)(O)C[C@H](C)C(=O)[C@H](C)[C@H](O)[C@@H]1C,0
3694,CC1(C)S[C@@H]2[C@H](NC(=O)[C@@H](C(=O)O)c3ccccc3)C(=O)N2[C@H]1C(=O)O,0
3695,CC(C)(C)NC[C@H](O)c1ccc(O)c(NC(N)=O)c1,0
3696,CC1(C)S[C@@H]2[C@H](NC(=O)[C@@H](C(=O)Oc3ccccc3)c3ccccc3)C(=O)N2[C@H]1C(=O)O,0
3697,CC1(C)S[C@@H]2[C@H](NC(=O)[C@@H](C(=O)Oc3ccc4c(c3)CCC4)c3ccccc3)C(=O)N2[C@H]1C(=O)O,0
3698,CC(=O)[C@]1(O)Cc2c(O)c3c(c(O)c2[C@@H](O[C@@H]2C[C@H](N)[C@H](O)[C@@H](C)O2)C1)C(=O)c1c(O)cccc1C3=O,0
3699,NC(=O)OC[C@@H]1[C@H](NC(=O)C(=NOCC(=O)O)c2csc(N)n2)C(=O)N1S(=O)(=O)O,0
3700,N[C@@H](C(=O)N[C@H]1C(=O)N2C(C(=O)O)=C(Cl)CS[C@@H]12)c1ccccc1,0
3701,Cc1nnc(SCC2=C(C(=O)O)N3C(=O)[C@@H](NC(=O)[C@H](N)c4ccc(O)cc4)[C@H]3SC2)s1,0
3702,N[C@@H](C(=O)N[C@H]1C(=O)N2C(C(=O)O)=C(CSc3c[nH]nn3)CS[C@@H]12)c1ccc(O)cc1,0
3703,Cc1nnc(SCC2=C(C(=O)OCc3oc(=O)oc3C)N3C(=O)[C@H](NC(=O)[C@H](OC(=O)[C@H](C)N)c4ccccc4)[C@@H]3SC2)s1,0
3704,COCC1=C(C(=O)O)N2C(=O)[C@@H](NC(=O)C(=NO)c3csc(N)n3)[C@H]2SC1,0
3705,C=CC1=C(C(=O)O)N2C(=O)[C@H](NC(=O)C(=NO)c3csc(N)n3)[C@@H]2SC1,0
3706,CO/N=C(/C(=O)N[C@H]1C(=O)N2C(C(=O)O)=C(C=Cc3scnc3C)CS[C@@H]12)c1csc(N)n1,0
3707,CO/N=C(/C(=O)N[C@H]1C(=O)N2C(C(=O)O)=C(C)CS[C@@H]12)c1csc(N)n1,0
3708,O=C(Cc1cccs1)N[C@@H]1C(=O)N2C(C(=O)O)=C(CSc3nc[nH]n3)CS[C@H]12,0
3709,Cn1nnnc1SCC1=C(C(=O)O)N2C(=O)[C@@H](NC(=O)CS/C=C/C#N)[C@H]2SC1,0
3710,C=CC1=C(C(=O)O)N2C(=O)[C@H](NC(=O)C(=NOCC(=O)O)c3csc(N)n3)[C@@H]2SC1,0
3711,CO/N=C(/C(=O)N[C@H]1C(=O)N2C(C(=O)O)=C(CSc3nnnn3C)CS[C@@H]12)c1csc(N)n1,0
3712,CO[C@@]1(NC(=O)CSC[C@H](N)C(=O)O)C(=O)N2C(C(=O)O)=C(CSc3nnnn3C)CS[C@H]21,0
3713,CO/N=C(/C(=O)N[C@H]1C(=O)N2C(C(=O)O)=C(CSc3nc(C)c(CC(=O)O)s3)CS[C@@H]12)c1csc(N)n1,0
3714,O=C(O)C1=C(CSc2nnnn2CS(=O)(=O)O)CS[C@H]2[C@@H](NC(=O)[C@H](O)c3ccccc3)C(=O)N12,0
3715,CCN1CCN(C(=O)N[C@@H](C(=O)N[C@H]2C(=O)N3C(C(=O)O)=C(CSc4nnnn4C)CS[C@@H]23)c2ccc(O)cc2)C(=O)C1=O,0
3716,NCc1ccccc1CC(=O)N[C@H]1C(=O)N2C(C(=O)O)=C(CSc3nnnn3CC(=O)O)CS[C@@H]12,0
3717,CO/N=C(/C(=O)N[C@H]1C(=O)N2C(C(=O)O)=C(COC(C)=O)CS[C@@H]12)c1csc(N)n1,0
3718,CO[C@@]1(NC(=O)C2SC(=C(C(N)=O)C(=O)O)S2)C(=O)N2C(C(=O)O)=C(CSc3nnnn3C)CS[C@H]21,0
3719,Cc1cc(O)c(C(=O)N[C@@H](C(=O)N[C@H]2C(=O)N3C(C(=O)O)=C(CSc4nnnn4C)CS[C@@H]23)c2ccc(O)cc2)cn1,0
3720,COCC1=C(C(=O)O)N2C(=O)[C@@H](NC(=O)C(=NOC)c3csc(N)n3)[C@H]2SC1,0
3721,COC1=C(C(=O)O)N2C(=O)[C@@H](NC(=O)[C@H](N)C3C=CCC=C3)[C@H]2SC1,0
3722,CO/N=C(/C(=O)N[C@H]1C(=O)N2C(C(=O)O)=C(Cn3nnc(C)n3)CS[C@@H]12)c1csc(N)n1,0
3723,Nc1nc(C(=CCC(=O)O)C(=O)N[C@H]2C(=O)N3C(C(=O)O)=CCS[C@@H]23)cs1,0
3724,CO/N=C(/C(=O)N[C@H]1C(=O)N2C(C(=O)O)=C(CSC(=O)c3ccco3)CS[C@@H]12)c1csc(N)n1,0
3725,CO/N=C(/C(=O)N[C@H]1C(=O)N2C(C(=O)O)=C(C=CSc3n[nH]c(=O)c(=O)n3CC=O)CS[C@@H]12)c1csc(N)n1,0
3726,CO/N=C(/C(=O)N[C@H]1C(=O)N2C(C(=O)O)=C(COC(C)=O)CS(=O)[C@@H]12)c1csc(N)n1,0
3727,CO/N=C(/C(=O)N[C@H]1C(=O)N2C(C(=O)O)=CCS[C@@H]12)c1csc(=N)[nH]1,0
3728,CO/N=C(/C(=O)N[C@H]1C(=O)N2C(C(=O)OCOC(=O)C(C)(C)C)=CCS[C@@H]12)c1csc(NC(=O)[C@@H](C)N)n1,0
3729,CO/N=C(/C(=O)N[C@H]1C(=O)N2C(C(=O)O)=C(CSc3nc(=O)c(=O)[nH]n3C)CS[C@@H]12)c1csc(N)n1,0
3730,CO/N=C(/C(=O)N[C@H]1C(=O)N2C(C(=O)O)=C(COC(C)=O)CS[C@@H]12)c1ccco1,0
3731,CO/N=C(/C(=O)N[C@H]1C(=O)N2C(C(=O)O)=C(COC(N)=O)CS[C@@H]12)c1ccco1,0
3732,CO/N=C(/C(=O)N[C@H]1C(=O)N2C(C(=O)O[C@H](C)OC(C)=O)=C(COC(N)=O)CS[C@@H]12)c1ccco1,0
3733,CO/N=C(/C(=O)N[C@H]1C(=O)N2C(C(=O)O[C@H](C)OC(=O)C(C)(C)OC)=C(COC(N)=O)CS[C@@H]12)c1ccco1,0
3734,CO/N=C(/C(=O)N[C@H]1C(=O)N2C(C(=O)O)=C(CSc3cnns3)CS[C@@H]12)c1csc(N)n1,0
3735,CCN(CC)C(=O)Nc1ccc(OC[C@H](O)CNC(C)(C)C)c(C(C)=O)c1,0
3736,CC(=O)OCC1=C(C(=O)O)N2C(=O)[C@@H](NC(=O)CC#N)[C@H]2SC1,0
3737,CO[C@@]1(NC(=O)C2SC(=C(C#N)C(=O)O)S2)C(=O)N2C(C(=O)O)=C(CSc3nnnn3C)CS[C@H]21,0
3738,O=C(O)COCCN1CCN([C@@H](c2ccccc2)c2ccc(Cl)cc2)CC1,0
3739,CCN(CC)CCC[C@H](C)Nc1ccnc2cc(Cl)ccc12,0
3740,CC[C@H]1OC(=O)[C@H](C)[C@@H](O[C@H]2C[C@@](C)(OC)[C@H](O)[C@H](C)O2)[C@H](C)[C@@H](O[C@H]2O[C@H](C)C[C@@H](N(C)C)[C@@H]2O)[C@](C)(OC)C[C@H](C)C(=O)[C@H](C)[C@H](O)[C@@]1(C)O,0
3741,CCC[C@H]1C[C@H](C(=O)N[C@H]([C@H]2O[C@@H](SC)[C@H](O)[C@H](O)[C@@H]2O)[C@@H](C)Cl)N(C)C1,0
3742,CCC[C@H]1C[C@H](C(=O)N[C@H]([C@H]2O[C@@H](SC)[C@@H](OP(=O)(O)O)[C@H](O)[C@@H]2O)[C@@H](C)Cl)N(C)C1,0
3743,CN(C)[C@H]1C(O)=C(C(=O)NCO)C(=O)[C@@]2(O)C(O)=C3C(=O)c4c(O)ccc(Cl)c4[C@@](C)(O)[C@H]3C[C@@H]12,0
3744,Cc1onc(-c2ccccc2Cl)c1C(=O)N[C@H]1C(=O)N2[C@H]1SC(C)(C)[C@H]2C(=O)O,0
3745,COc1cc2c(c(OC)c1OC)-c1ccc(OC)c(=O)cc1[C@H](NC(C)=O)CC2,0
3746,C/C=C/C[C@@H](C)[C@@H](O)[C@H]1C(=O)N[C@H](CC)C(=O)N(C)CC(=O)N(C)[C@H](CC(C)C)C(=O)N[C@@H](C(C)C)C(=O)N(C)[C@H](CC(C)C)C(=O)N[C@@H](C)C(=O)N[C@@H](C)C(=O)N(C)[C@H](CC(C)C)C(=O)N(C)[C@H](CC(C)C)C(=O)N(C)[C@@H](C(C)C)C(=O)N1C,0
3747,Cc1c2oc3c(C)ccc(C(=O)N[C@@H]4C(=O)N[C@H](C(C)C)C(=O)N5CCC[C@@H]5C(=O)N(C)CC(=O)N(C)[C@@H](C(C)C)C(=O)O[C@H]4C)c3nc-2c(C(=O)N[C@H]2C(=O)N[C@H](C(C)C)C(=O)N3CCC[C@H]3C(=O)N(C)CC(=O)N(C)[C@H](C(C)C)C(=O)O[C@@H]2C)c(N)c1=O,0
3748,COc1cccc2c1C(=O)c1c(O)c3c(c(O)c1C2=O)C[C@](O)(C(C)=O)C[C@H]3O[C@H]1C[C@H](N)[C@H](O)[C@H](C)O1,0
3749,CN(C)[C@H]1C(O)=C(C(N)=O)C(=O)[C@@]2(O)C(O)=C3C(=O)c4c(O)cccc4[C@H](O)[C@H]3C[C@@H]12,0
3750,CCOC(OCC)C(=O)OCC(=O)[C@]1(O)Cc2c(O)c3c(c(O)c2[C@H](O[C@H]2C[C@H](N)[C@H](O)[C@H](C)O2)C1)C(=O)c1c(OC)cccc1C3=O,0
3751,NC[C@H]1CC[C@H](N)[C@H](O[C@@H]2[C@@H](O)[C@H](O[C@H]3O[C@@H](CO)[C@H](O)[C@H](N)[C@@H]3O)[C@@H](N)C[C@H]2N)O1,0
3752,C[C@H]1O[C@H](O[C@H]2[C@H](O)C[C@H](O[C@H]3[C@H](O)C[C@@H](O[C@H]4CC[C@@]5(C)[C@@H](CC[C@H]6[C@H]5C[C@H](O)[C@@]5(C)[C@H](C7=CC(=O)OC7)CC[C@@]65O)C4)O[C@@H]3C)O[C@@H]2C)C[C@H](O)[C@@H]1O,0
3753,CN[C@@H]1[C@H](O[C@H]2[C@H](O[C@H]3[C@H](O)[C@H](O)[C@@H](NC(=N)N)[C@H](O)[C@H]3NC(=N)N)O[C@H](C)[C@@]2(O)CO)O[C@H](CO)[C@@H](O)[C@H]1O,0
3754,COc1ccc([C@H]2Sc3ccccc3N(CCN(C)C)C(=O)[C@H]2OC(C)=O)cc1,0
3755,COc1ccc(-c2cc(=O)c3c(O)cc(O[C@H]4O[C@@H](CO[C@H]5O[C@H](C)[C@H](O)[C@H](O)[C@@H]5O)[C@H](O)[C@H](O)[C@@H]4O)cc3o2)cc1O,0
3756,CNC[C@H](O)c1ccc(OC(=O)C(C)(C)C)c(OC(=O)C(C)(C)C)c1,0
3757,CCC(=O)O[C@H]1[C@H](C)O[C@@H](O[C@H]2[C@H](C)[C@@H](O[C@H]3O[C@H](C)C[C@@H](N(C)C)[C@@H]3O)[C@H](C)C[C@@]3(CO3)C(=O)[C@H](C)[C@@H](OC(=O)CC)[C@H](C)[C@H](C)OC(=O)[C@@H]2C)C[C@H]1OC,0
3758,CC[C@H]1OC(=O)[C@H](C)[C@@H](O[C@H]2C[C@@](C)(OC)[C@H](O)[C@H](C)O2)[C@H](C)[C@@H](O[C@H]2O[C@H](C)C[C@@H](N(C)C)[C@@H]2O)[C@@](C)(O)C[C@H](C)[C@H]2N[C@@H](COCCOC)O[C@@H]([C@@H]2C)[C@@]1(C)O,0
3759,CC(=O)O[C@@]12CO[C@H]1C[C@H](O)[C@@]1(C)C(=O)[C@H](O)C3=C(C)[C@H](OC(=O)[C@H](O)[C@@H](NC(=O)OC(C)(C)C)c4ccccc4)C[C@@](O)([C@@H](OC(=O)c4ccccc4)[C@@H]21)C3(C)C,0
3760,COc1cccc2c1C(=O)c1c(O)c3c(c(O)c1C2=O)C[C@](O)(C(=O)CO)C[C@H]3O[C@H]1C[C@H](N)[C@H](O)[C@H](C)O1,0
3761,C/C=C/C=C[C@@H]1O[C@](O)([C@@H](CC)C(=O)NC/C=C/C=C(/C)[C@@H](OC)[C@H](C)[C@H]2O[C@@H](C=C/C=C/C=C(/C)C(=O)c3c(O)ccn(C)c3=O)[C@H](O)[C@@H]2O)[C@@H](O)[C@H](O[C@H]2O[C@H](C)[C@@H](O[C@H]3O[C@H](C)[C@@H](OC)[C@H](O)[C@H]3OC)[C@@H](OC)[C@@H]2O)C1(C)C,0
3762,CC[C@H]1CN2CCc3cc(OC)c(OC)cc3[C@H]2C[C@H]1C[C@H]1NCCc2cc(OC)c(OC)cc21,0
3763,CO[C@H]1C[C@H](O[C@H]2[C@H](C)O[C@H](O[C@H]3C(C)=CC[C@H]4C[C@H](C[C@]5(CC[C@H](C)[C@H](C(C)C)O5)O4)OC(=O)[C@H]4C=C(C)[C@H](O)[C@H]5OCC(=CC=C[C@@H]3C)[C@]45O)C[C@H]2OC)O[C@H](C)[C@@H]1O,0
3764,CC[C@H]1OC(=O)[C@H](C)[C@@H](O[C@H]2C[C@@](C)(OC)[C@H](O)[C@H](C)O2)[C@H](C)[C@@H](O[C@H]2O[C@H](C)C[C@@H](N(C)C)[C@@H]2O)[C@@](C)(O)C[C@H](C)C(=O)[C@H](C)[C@H](O)[C@@]1(C)O,0
3765,CCOC(=O)O[C@@H]1[C@H](O[C@H]2[C@H](C)[C@@H](O[C@H]3C[C@@](C)(OC)[C@H](O)[C@H](C)O3)[C@H](C)C(=O)O[C@@H](CC)[C@@](C)(O)[C@H](O)[C@H](C)C(=O)[C@H](C)C[C@@]2(C)O)O[C@@H](C)C[C@H]1N(C)C,0
3766,CCOC(=O)CCC(=O)O[C@@H]1[C@H](O[C@H]2[C@H](C)[C@@H](O[C@H]3C[C@@](C)(OC)[C@H](O)[C@H](C)O3)[C@H](C)C(=O)O[C@@H](CC)[C@@](C)(O)[C@H](O)[C@H](C)C(=O)[C@H](C)C[C@@]2(C)O)O[C@@H](C)C[C@H]1N(C)C,0
3767,CCC(=O)O[C@H]1[C@@H](O[C@@H]2[C@@H](C)[C@H](O[C@H]3C[C@@](C)(OC)[C@H](O)[C@H](C)O3)[C@@H](C)C(=O)O[C@H](CC)[C@](C)(O)[C@@H](O)[C@@H](C)C(=O)[C@@H](C)C[C@]2(C)O)O[C@H](C)C[C@H]1N(C)C,0
3768,C[C@@]12CC[C@H]3c4ccc(O)cc4CC[C@H]3[C@H]1CC[C@@H]2O,0
3769,CN(CCN(C)CNC(=O)C1=C(O)[C@H](N(C)C)[C@@H]2C[C@H]3C(=C(O)[C@]2(O)C1=O)C(=O)c1c(O)cccc1[C@@]3(C)O)CNC(=O)C1=C(O)[C@@H](N(C)C)[C@H]2C[C@H]3C(=C(O)[C@@]2(O)C1=O)C(=O)c1c(O)cccc1[C@@]3(C)O,0
3770,COc1cc([C@H]2c3cc4c(cc3[C@@H](O[C@H]3O[C@H]5CO[C@H](C)O[C@H]5[C@H](O)[C@@H]3O)[C@H]3COC(=O)[C@@H]23)OCO4)cc(OC)c1O,0
3771,CCOC(=O)C1=C(C)NC(C)=C(C(=O)OC)[C@H]1c1cccc(Cl)c1Cl,0
3772,CC1(C)S[C@@H]2[C@@H](C(=O)[C@@H]2NC(=O)[C@@H](Oc2ccccc2)c2ccccc2)[C@H]1C(=O)O,0
3773,CC(C)(C(=O)O)c1ccc([C@H](O)CCCN2CCC(C(O)(c3ccccc3)c3ccccc3)CC2)cc1,0
3774,CC(C)(Oc1ccc(Cl)cc1)C(=O)N[C@H](C(=O)N[C@@H]1C(=O)N2[C@@H]1SC(C)(C)[C@@H]2C(=O)O)c1ccccc1,0
3775,CO[C@@]1(NC(=O)CSC(F)F)C(=O)N2C(C(=O)O)=C(CSc3nnnn3CCO)CO[C@H]21,0
3776,C[C@H](O)[C@H]1C(=O)N2C(C(=O)O)=C([C@H]3CCCO3)S[C@@H]12,0
3777,CC(C)C[C@@H](OC(=O)c1ccco1)C(=O)N[C@H]1C(=O)N2[C@H]1SC(C)(C)[C@H]2C(=O)O,0
3778,CC(=O)O[C@@H]1C[C@]2(C)[C@@H](C[C@@H](O)[C@H]3[C@@]4(C)CC[C@@H](O)[C@H](C)[C@@H]4CC[C@@]32C)C1=C(CCC=C(C)C)C(=O)O,0
3779,CN[C@H]1[C@H](O)[C@H](O[C@@H]2[C@@H](O)[C@H](O[C@H]3O[C@@H](CN)CC[C@@H]3N)[C@@H](N)C[C@H]2N)OC[C@@]1(C)O,0
3780,CO/N=C(/C(=O)N[C@H]1C(=O)N(OCC(=O)OCC(=O)OC(C)(C)C)[C@@H]1C)c1csc(N)n1,0
3781,CC(C)C[C@H](N)C(=O)N[C@@H](CCCN)C(=O)N[C@@H](C(=O)N[C@@H](CCCN)C(=O)N1CCC[C@H]1C(=O)N[C@H](C=O)Cc1ccccc1)C(C)C,0
3782,CC(C)C[C@H]1NC(=O)[C@@H](CCCN)NC(=O)[C@H](C(C)C)NC(=O)[C@H]2CCCN2C(=O)[C@@H](Cc2ccccc2)NC(=O)[C@@H](CC(C)C)NC(=O)[C@@H](CCCN)NC(=O)[C@H](C(C)C)NC(=O)[C@H]2CCCN2C(=O)[C@@H](Cc2ccccc2)NC1=O,0
3783,CC[C@@H](NC(=O)[C@H]1CCCN1C(=O)[C@@H](Cc1ccccc1)NC(=O)[C@@H](CC(C)C)NC(=O)[C@@H](CCCN)NC(=O)[C@@H](CC)NC(=O)[C@H]1CCCN1C(=O)[C@@H](Cc1ccccc1)NC(=O)[C@H](N)CC(C)C)C(=O)N[C@H](C=O)CCCN,0
3784,C[C@@]12C[C@H](N)[C@H]1CN(c1nc3c(cc1F)c(=O)c(C(=O)O)cn3C1CC1)C2,0
3785,CN(C)[C@H]1C(O)=C(C(=O)NCN2CCN(C(=N)NC(=N)N)CC2)C(=O)[C@@]2(O)C(O)=C3C(=O)c4c(O)cccc4[C@@](C)(O)[C@H]3C[C@@H]12,0
3786,CC1(C)S[C@@H]2[C@H](N3C(=O)[C@H](c4ccccc4)NC3(C)C)C(=O)N2[C@H]1C(=O)O,0
3787,CN[C@H](C)[C@H](O)c1ccc(O)cc1,0
3788,CC(=O)[C@]1(O)Cc2c(O)c3c(c(O)c2[C@@H](O[C@@H]2C[C@H](N)[C@H](O)[C@@H](C)O2)C1)C(=O)c1ccccc1C3=O,0
3789,C[C@H](O)[C@H]1C(=O)N2C(C(=O)O)=C(SCCNC=N)C[C@@H]12,0
3790,CC(C)(C)NC(=O)[C@H]1CN(Cc2cccnc2)CCN1C[C@H](O)C[C@@H](Cc1ccccc1)C(=O)N[C@H]1c2ccccc2C[C@@H]1O,0
3791,CN[C@H]1[C@H](O)[C@H](O[C@@H]2[C@@H](O)[C@H](O[C@H]3O[C@@H](CN)[C@H](O)[C@H](O)[C@@H]3O)[C@@H](N)C[C@H]2NC(=O)[C@H](O)CN)OC[C@@]1(C)O,0
3792,CC[C@H](C)n1ncn(-c2ccc(N3CCN(c4ccc(OC[C@H]5CO[C@](Cn6cncn6)(c6ccc(Cl)cc6Cl)O5)cc4)CC3)cc2)c1=O,0
3793,CO[C@@H]1[C@H](O[C@H]2O[C@H](C)[C@@H](O[C@H]3C[C@@](C)(O)[C@H](O)[C@H](C)O3)[C@@H](N(C)C)[C@@H]2O)[C@H](CC=O)C[C@@H](C)[C@@H](O)C=CC=CC[C@@H](C)OC(=O)C[C@H]1O,0
3794,Cc1oc(=O)oc1COC(=O)[C@H]1N2C(=O)[C@@H](NC(=O)[C@H](N)c3ccccc3)[C@H]2SC1(C)C,0
3795,CNCC[C@H](O)[C@H]1C[C@H](SC2=C(C(=O)O)N3C(=O)[C@H]([C@@H](C)O)[C@H]3[C@@H]2C)CN1,0
3796,COc1cccc2c1C(=O)c1c(O)c3c(c(O)c1C2=O)C[C@](O)(C(=O)CO)C[C@H]3O[C@H]1C[C@@H](NC(=O)[C@H](N)CC(C)C)[C@H](O)[C@H](C)O1,0
3797,CC[C@H]1OC(=O)[C@H](C)[C@@H](O[C@H]2C[C@@](C)(OC)[C@H](O)[C@H](C)O2)[C@H](C)[C@@H](O[C@H]2O[C@H](C)C[C@@H](N(C)C)[C@@H]2O)[C@@](C)(O)C[C@H](C)C(=NOC)[C@H](C)[C@H](O)[C@@]1(C)O,0
3798,CCC[C@H]1C[C@H](C(=O)N[C@H]([C@H]2O[C@@H](SC)[C@H](O)[C@H](O)[C@@H]2O)[C@@H](C)O)N(C)C1,0
3799,N[C@@H](C(=O)N[C@H]1C(=O)N2C(C(=O)O)=C(Cl)CC[C@@H]12)c1ccccc1,0
3800,CN(C)[C@H]1C(O)=C(C(=O)NCNCCCC[C@H](N)C(=O)O)C(=O)[C@@]2(O)C(O)=C3C(=O)c4c(O)cccc4[C@@](C)(O)[C@H]3C[C@@H]12,0
3801,C=C1c2c(Cl)ccc(O)c2C(=O)C2=C(O)[C@]3(O)C(=O)C(C(N)=O)=C(O)[C@H](N(C)C)[C@@H]3[C@@H](O)[C@H]12,0
3802,C[C@@H](CN(C)C)O[C@@](C)(c1ccccc1)c1ccc(Cl)cc1,0
3803,C[C@H]1O[C@H](O[C@H]2C[C@](O)(C(=O)CO)Cc3c(O)c4c(c(O)c32)C(=O)c2ccccc2C4=O)C[C@H](N)[C@@H]1O,0
3804,C[C@H](O)[C@H]1C(=O)N2C(C(=O)O)=C(S[C@H]3CN[C@H](C(=O)N(C)C)C3)[C@H](C)[C@@H]12,0
3805,C=N[C@H](C(=O)N[C@@H]1C(=O)N2[C@@H]1SC(C)(C)[C@@H]2C(=O)O)c1ccccc1,0
3806,CCN(CC)CCOC(=O)[C@H]1N2C(=O)[C@@H](NC(=O)c3c(OC)cccc3OC)[C@H]2SC1(C)C,0
3807,CC1(C)S[C@@H]2[C@H](NC(=O)[C@@H](NC(=O)N3CCN(S(C)(=O)=O)C3=O)c3ccccc3)C(=O)N2[C@H]1C(=O)O,0
3808,COCC(=O)O[C@@]1(CCN(C)CCCc2nc3ccccc3[nH]2)CCc2cc(F)ccc2[C@H]1C(C)C,0
3809,CCC(=O)O[C@H]1CC(=O)O[C@H](C)CC=CC=C[C@H](O)[C@H](C)C[C@@H](CC=O)[C@@H](O[C@H]2O[C@H](C)[C@@H](O[C@H]3C[C@@](C)(O)[C@@H](OC(=O)CC)[C@H](C)O3)[C@@H](N(C)C)[C@@H]2O)[C@H]1OC,0
3810,CC[C@H]1NC(=O)[C@@H](NC(=O)c2ncccc2O)[C@H](C)OC(=O)[C@H](c2ccccc2)NC(=O)[C@H]2CC(=O)CCN2C(=O)[C@@H](Cc2ccc(N(C)C)cc2)N(C)C(=O)[C@H]2CCCN2C1=O,0
3811,CN(C)c1ccc(O)c2c1C[C@H]1C[C@H]3[C@@H](N(C)C)C(O)=C(C(N)=O)C(=O)[C@@]3(O)C(O)=C1C2=O,0
3812,CCCCC[C@H]1CN[C@H](C(=O)N[C@H]([C@H]2O[C@@H](SC)[C@H](O)[C@H](O)[C@@H]2O)[C@@H](C)Cl)C1,0
3813,CO[C@@]12[C@H](COC(N)=O)C3=C(C(=O)C(C)=C(N)C3=O)N1C[C@H]1N[C@H]12,0
3814,CC(C)(C)NC[C@H](O)COc1cccc2c1C[C@@H](O)[C@@H](O)C2,0
3815,NC[C@H]1O[C@@H](O[C@@H]2[C@@H](O)[C@@H](O)[C@@H](N)C[C@H]2N)[C@H](N)[C@H](O)[C@@H]1O,0
3816,NC[C@@H]1O[C@H](O[C@H]2[C@@H](O[C@@H]3O[C@H](CO)[C@H](O[C@@H]4O[C@H](CN)[C@@H](O)[C@@H](O)[C@H]4N)[C@H]3O)[C@H](O)[C@H](N)C[C@@H]2N)[C@@H](N)[C@@H](O)[C@H]1O,0
3817,CCN[C@H]1C[C@H](N)[C@@H](O[C@H]2OC(CN)=CC[C@@H]2N)[C@H](O)[C@H]1O[C@H]1OC[C@@](C)(O)[C@@H](NC)[C@@H]1O,0
3818,COC(=O)C1=C(C)NC(C)=C(C(=O)OCCN(C)Cc2ccccc2)[C@H]1c1cccc([N+](=O)[O-])c1,0
3819,CN(C)[C@H]1C(O)=C(C(N)=O)C(=O)[C@@]2(O)C(O)=C3C(=O)c4c(O)ccc([N+](=O)[O-])c4C[C@H]3C[C@@H]12,0
3820,NC[C@H](O)c1cccc(O)c1,0
3821,CO[C@H]1[C@@H](OC(N)=O)[C@H](O)[C@@H](Oc2ccc3c(O)c(NC(=O)c4ccc(O)c(CC=C(C)C)c4)c(=O)oc3c2C)OC1(C)C,0
3822,CO[C@H]1C[C@H](O[C@H]2[C@H](C)[C@@H](O[C@H]3O[C@H](C)C[C@@H](N(C)C)[C@@H]3O)[C@H](C)C[C@@]3(CO3)C(=O)[C@H](C)[C@H](O)[C@H](C)[C@H](C)OC(=O)[C@@H]2C)O[C@H](C)[C@@H]1O,0
3823,CO/N=C(/C(=O)N[C@H]1C(=O)N(OCC(=O)O)[C@@H]1C)c1csc(N)n1,0
3824,CN(C)[C@H]1C(O)=C(C(N)=O)C(=O)[C@@]2(O)C(O)=C3C(=O)c4c(O)cccc4[C@@](C)(O)[C@H]3[C@H](O)[C@@H]12,0
3825,CC(=O)O[C@H]1C(=O)[C@@]2(C)[C@H](O)C[C@H]3OC[C@@]3(OC(C)=O)[C@H]2[C@@H](OC(=O)c2ccccc2)[C@@]2(O)C[C@@H](OC(=O)[C@H](O)[C@@H](NC(=O)c3ccccc3)c3ccccc3)C(C)=C1C2(C)C,0
3826,CN(C)[C@H]1C(O)=C(C(=O)NCN2CCC[C@H](C(=O)O)C2)C(=O)[C@@]2(O)C(O)=C3C(=O)c4c(O)cccc4[C@@](C)(O)[C@H]3C[C@@H]12,0
3827,CC(=O)OCOC(=O)[C@H]1N2C(=O)[C@@H](NC(=O)Cc3ccccc3)[C@H]2SC1(C)C,0
3828,CN(C)[C@H]1C(O)=C(C(=O)NCN[C@@H](C(=O)N[C@H]2C(=O)N3[C@H]2SC(C)(C)[C@H]3C(=O)O)c2ccccc2)C(=O)[C@@]2(O)C(O)=C3C(=O)c4c(O)cccc4[C@@](C)(O)[C@H]3C[C@@H]12,0
3829,CN(C)[C@H]1C(O)=C(C(=O)NCN2CCN(CCO)CC2)C(=O)[C@@]2(O)C(O)=C3C(=O)c4c(O)cccc4[C@@](C)(O)[C@H]3C[C@@H]12,0
3830,CCN1CCN(C(=O)N[C@@H](C(=O)N[C@H]2C(=O)N3[C@H]2SC(C)(C)[C@H]3C(=O)O)c2ccccc2)C(=O)C1=O,0
3831,COc1cccc2c1C(=O)c1c(O)c3c(c(O)c1C2=O)C[C@](O)(C(=O)CO)C[C@H]3O[C@H]1C[C@H](N)[C@@H](O[C@H]2CCCCO2)[C@H](C)O1,0
3832,CC1(C)S[C@@H]2[C@H](NC(=O)[C@@H](NC(=O)CNC(=N)c3ccncc3)c3ccccc3)C(=O)N2[C@H]1C(=O)O,0
3833,CC1(C)S[C@@H]2[C@H](NC(=O)[C@@H](NC(=O)c3ccc(-c4ccc(S(=O)(=O)N(CCO)CCO)cc4)[nH]c3=O)c3ccc(O)cc3)C(=O)N2[C@H]1C(=O)O,0
3834,CC1(C)S[C@@H]2[C@H](NC(=O)[C@@H](NC(=O)Nc3cnc(Nc4ccc(S(N)(=O)=O)cc4)nc3O)c3ccc(O)cc3)C(=O)N2[C@H]1C(=O)O,0
3835,CC(C)(C)C(=O)OCOC(=O)[C@H]1N2C(=O)[C@@H](NC(=O)[C@H](N)c3ccccc3)[C@H]2SC1(C)C,0
3836,CNC[C@H](O)c1cccc(OC(=O)C(C)(C)C)c1,0
3837,Cc1cnn(-c2c(Cl)cccc2Cl)c1C(=O)N[C@H]1C(=O)N2[C@H]1SC(C)(C)[C@H]2C(=O)O,0
3838,NC[C@H]1O[C@@H](O[C@@H]2[C@@H](O)[C@H](O[C@H]3O[C@@H](CO)[C@H](O)[C@H](N)[C@@H]3O)[C@H](NC(CO)CO)C[C@H]2N)[C@H](N)[C@H](O)[C@@H]1O,0
3839,CC(C)NC[C@H](O)COc1cccc2ccccc12,0
3840,CO[C@H]1C=CO[C@@]2(C)Oc3c(C)c(O)c4c(c3C2=O)C2=NC3(CCN(CC(C)C)CC3)NC2=C(NC(=O)C(C)=CC=C[C@H](C)[C@H](O)[C@H](C)[C@H](O)[C@H](C)[C@@H](OC(C)=O)[C@@H]1C)C4=O,0
3841,CCN(CC)C(C)=N/N=C/c1c2c(O)c3c(O)c(C)c4c(c3c1O)C(=O)[C@@](C)(OC=C[C@@H](OC)[C@H](C)[C@@H](OC(C)=O)[C@H](C)[C@H](O)[C@H](C)[C@H](O)[C@H](C)C=C/C=C(/C)C(=O)N2)O4,0
3842,CCN(CC)c1nc2c(s1)c1c(O)c3c(O)c(C)c4c(c32)C(=O)[C@@](C)(OC=C[C@H](OC)[C@@H](C)[C@H](OC(C)=O)[C@@H](C)[C@@H](O)[C@@H](C)[C@@H](O)[C@@H](C)C=CC=C(C)C(=O)N1)O4,0
3843,CCN(CC)C(=O)COc1cc2c(O)c3c(O)c(C)c4c(c13)C(=O)[C@@](C)(OC=C[C@H](OC)[C@@H](C)[C@H](OC(C)=O)[C@@H](C)[C@@H](O)[C@@H](C)[C@@H](O)[C@@H](C)C=CC=C(C)C(=O)N2)O4,0
3844,CO[C@H]1C=CO[C@@]2(C)Oc3c(C)c(O)c4c(O)c(c(/C=N/N5CCN(C)CC5)c(O)c4c3C2=O)NC(=O)C(C)=CC=C[C@H](C)[C@H](O)[C@H](C)[C@H](O)[C@H](C)[C@@H](OC(C)=O)[C@@H]1C,0
3845,CO[C@H]1C=CO[C@@]2(C)Oc3c(C)c(O)c4c(O)c(cc(O)c4c3C2=O)NC(=O)C(C)=CC=C[C@H](C)[C@H](O)[C@H](C)[C@H](O)[C@H](C)[C@@H](OC(C)=O)[C@@H]1C,0
3846,CO[C@H]1C=CO[C@@]2(C)Oc3c(C)c(O)c4c(O)c(c(/C=N/N5CCN(C6CCCC6)CC5)c(O)c4c3C2=O)NC(=O)C(C)=CC=C[C@H](C)[C@H](O)[C@H](C)[C@H](O)[C@H](C)[C@@H](OC(C)=O)[C@@H]1C,0
3847,CO[C@H]1C=CO[C@@]2(C)Oc3c(C)c(O)c4c(O)c(c5c(nc6cc(C)ccn65)c4c3C2=O)NC(=O)C(C)=CC=C[C@H](C)[C@H](O)[C@H](C)[C@H](O)[C@H](C)[C@@H](OC(C)=O)[C@@H]1C,0
3848,C[C@H](O)[C@H]1C(=O)N2C(C(=O)O)=C(COC(N)=O)S[C@@H]12,0
3849,CC(C)c1nc(CN(C)C(=O)N[C@@H](C(=O)N[C@H](Cc2ccccc2)C[C@H](O)[C@@H](Cc2ccccc2)NC(=O)OCc2cncs2)C(C)C)cs1,0
3850,CC[C@@]1(O)C[C@@H](O[C@H]2C[C@@H](N(C)C)[C@@H](O[C@H]3C[C@H]4O[C@H]5CC(=O)[C@H](C)O[C@H]5O[C@H]4[C@H](C)O3)[C@H](C)O2)c2c(O)c3c(c(O)c2[C@H]1O[C@H]1C[C@@H](N(C)C)[C@H](O)[C@H](C)O1)C(=O)c1cccc(O)c1C3=O,0
3851,CN(C)[C@H]1C(O)=C(C(=O)NCN2CCCC2)C(=O)[C@@]2(O)C(O)=C3C(=O)c4c(O)cccc4[C@@](C)(O)[C@H]3C[C@@H]12,0
3852,CC1(C)S[C@@H]2[C@H](NC(=O)[C@@H](NC(=O)Cc3ccc(C4=NCCCN4)cc3)c3ccccc3)C(=O)N2[C@H]1C(=O)O,0
3853,CC[C@H]1OC(=O)[C@H](C)[C@@H](O[C@H]2C[C@@](C)(OC)[C@H](O)[C@H](C)O2)[C@H](C)[C@@H](O[C@H]2O[C@H](C)C[C@@H](N(C)C)[C@@H]2O)[C@@](C)(O)C[C@H](C)C(=NOCOCCOC)[C@H](C)[C@H](O)[C@@]1(C)O,0
3854,CC(C)(C)NC(=O)[C@H]1C[C@H]2CCCC[C@H]2CN1C[C@H](O)[C@@H](Cc1ccccc1)NC(=O)[C@@H](CC(N)=O)NC(=O)c1ccc2ccccc2n1,0
3855,COCOC(=O)[C@H]1N2C(=O)[C@@H](N3C(=O)[C@H](c4ccc(O)cc4)NC3(C)C)[C@H]2SC1(C)C,0
3856,COCOC(=O)[C@H]1N2C(=O)[C@@H](N3C(=O)[C@H](c4ccccc4)NC3(C)C)[C@H]2SC1(C)C,0
3857,CC(=O)O[C@H]1C=CC(C)=CC[C@H](O)C=CC(C)=C[C@@H](NC(=O)C(C)=O)[C@]2(C)C(=O)O[C@@H](C1)[C@@H](C)C2=O,0
3858,CN[C@H]1[C@H](O)[C@H](O[C@@H]2[C@@H](O)[C@H](O[C@H]3OC(CN)=CC[C@@H]3N)[C@@H](N)C[C@H]2N)OC[C@@]1(C)O,0
3859,CO[C@@H]1[C@H](O[C@H]2O[C@H](C)[C@@H](O[C@H]3C[C@@](C)(O)[C@H](O)[C@H](C)O3)[C@@H](N(C)C)[C@@H]2O)[C@H](CC=O)C[C@@H](C)[C@H](O[C@H]2CC[C@@H](N(C)C)[C@H](C)O2)C=CC=CC[C@@H](C)OC(=O)C[C@H]1O,0
3860,CN[C@@H]1[C@H](O[C@H]2[C@H](O[C@H]3[C@H](O)[C@H](O)[C@@H](NC(=N)N)[C@H](O)[C@H]3NC(=N)N)O[C@H](C)[C@@]2(O)C=O)O[C@H](CO)[C@@H](O)[C@H]1O,0
3861,CC1(C)S[C@@H]2[C@H](NC(=O)[C@@H](c3ccccc3)S(=O)(=O)O)C(=O)N2[C@H]1C(=O)O,0
3862,C[C@H](O)[C@H]1C(=O)N2C(C(=O)O)=C(F)S[C@@H]12,0
3863,CC1(C)S[C@@H]2[C@H](NC(=O)[C@H](N)c3ccccc3)C(=O)N2[C@H]1C(=O)OCOC(=O)[C@H]1N2C(=O)C[C@H]2S(=O)(=O)C1(C)C,0
3864,CC1(C)S[C@@H]2[C@H](NC(=O)[C@@H](NS(=O)(=O)O)c3ccccc3)C(=O)N2[C@H]1C(=O)O,0
3865,C=CC[C@@H]1C=C(C)C[C@@H](C)C[C@@H](OC)[C@@H]2O[C@](O)(C(=O)C(=O)N3CCCC[C@@H]3C(=O)O[C@H](C(C)=C[C@@H]3CC[C@H](O)[C@@H](OC)C3)[C@@H](C)[C@@H](O)CC1=O)[C@@H](C)C[C@H]2OC,0
3866,CC1(C)S[C@@H]2[C@H](NC(=O)[C@H](N)c3ccccc3)C(=O)N2[C@H]1C(=O)O[C@H]1OC(=O)c2ccccc21,0
3867,C[C@@]1(Cn2ccnn2)[C@H](C(=O)O)N2C(=O)C[C@H]2S1(=O)=O,0
3868,COC(=O)[C@H]1NC(=O)[C@H]2NC(=O)[C@@H](NC(=O)[C@H]3NC(=O)[C@H]4NC(=O)[C@@H](NC(=O)[C@H](N)c5ccc(O)c(c5)Oc5cc4cc(O)c5C)[C@H](O)c4ccc(c(Cl)c4)Oc4cc3cc(c4O)Oc3ccc(cc3Cl)[C@H]2O[C@H]2O[C@@H](CO)[C@H](O)[C@H](O)[C@H]2NC(C)=O)c2ccc(O)c(c2)-c2c(O)cc(O)cc21,0
3869,COc1cc([C@H]2c3cc4c(cc3[C@@H](O[C@H]3O[C@H]5CO[C@H](c6cccs6)O[C@H]5[C@H](O)[C@@H]3O)[C@H]3COC(=O)[C@@H]23)OCO4)cc(OC)c1OC,0
3870,Cn1c(=O)c2c(ncn2CCNC[C@H](O)c2ccc(O)c(O)c2)n(C)c1=O,0
3871,CC1(C)S[C@@H]2[C@H](NC(=O)CSc3ccccc3)C(=O)N2[C@H]1C(=O)O,0
3872,CC1(C)[C@H](NC/C(=N/OCC(=O)O)c2csc(N)n2)C(=O)N1OS(=O)(=O)O,0
3873,CC(C)C(=O)OCc1cccc(OC(=O)[C@H]2N3C(=O)[C@@H](NC(=O)Cc4ccccc4)[C@H]3SC2(C)C)c1,0
3874,NC[C@H]1O[C@@H](O[C@@H]2[C@@H](O)[C@H](O[C@H]3O[C@@H](CO)[C@H](O)[C@H](N)[C@@H]3O)[C@@H](N)C[C@H]2N)[C@H](N)C[C@@H]1O,0
3875,CO[C@H]1C[C@H](O[C@H]2[C@H](C)[C@@H](O[C@H]3O[C@H](C)C[C@@H](N(C)C)[C@H]3OC(C)=O)[C@H](C)C[C@@]3(CO3)C(=O)[C@H](C)[C@@H](OC(C)=O)[C@H](C)[C@H](C)OC(=O)[C@@H]2C)O[C@H](C)[C@H]1OC(C)=O,0
3876,CCCC[C@H]1CC(=O)[C@@]2(O)O[C@H]3[C@@H](NC)[C@H](O)[C@@H](NC)[C@H](O)[C@H]3O[C@H]2O1,0
3877,CC(C)[C@@H]1NC(=O)[C@H](C)OC(=O)[C@H](C(C)C)NC(=O)[C@H](C(C)C)OC(=O)[C@H](C(C)C)NC(=O)[C@H](C)OC(=O)[C@H](C(C)C)NC(=O)[C@H](C)COC(=O)[C@@H](C(C)C)NC(=O)[C@H](C)OC(=O)[C@H](C(C)C)NC(=O)[C@H](C)COC1=O,0
3878,CN[C@@H](CC(C)C)C(=O)N[C@H]1C(=O)N[C@@H](CC(N)=O)C(=O)N[C@@H]2C(=O)N[C@@H]3C(=O)N[C@@H](C(=O)N[C@@H](C(=O)O)c4cc(O)cc(O)c4-c4cc3ccc4O)[C@@H](O)c3ccc(c(Cl)c3)Oc3cc2cc(c3O[C@H]2O[C@@H](CO)[C@H](O)[C@H](O)[C@H]2O[C@H]2C[C@@](C)(N)[C@H](O)[C@H](C)O2)Oc2ccc(cc2Cl)[C@@H]1O,0
3879,COc1ccc(CCN(C)CCC[C@@](C#N)(c2ccc(OC)c(OC)c2)C(C)C)cc1OC,0
3880,CC[C@@]1(O)C[C@H]2CN(CCc3c([nH]c4ccccc34)[C@@](C(=O)OC)(c3cc4c(cc3OC)N(C)[C@H]3[C@@](O)(C(=O)OC)[C@@H](OC(C)=O)[C@@]5(CC)C=CCN6CC[C@@]43[C@H]65)C2)C1,0
3881,CC[C@@]1(O)C[C@H]2CN(CCc3c([nH]c4ccccc34)[C@@](C(=O)OC)(c3cc4c(cc3OC)N(C=O)[C@H]3[C@@](O)(C(=O)OC)[C@@H](OC(C)=O)[C@@]5(CC)C=CCN6CC[C@@]43[C@H]65)C2)C1,0
3882,CC[C@@]1(O)C[C@H]2CN(CCc3c([nH]c4ccccc34)[C@@](C(=O)OC)(c3cc4c(cc3OC)N(C)[C@H]3[C@@](O)(C(N)=O)[C@H](O)[C@@]5(CC)C=CCN6CC[C@@]43[C@H]65)C2)C1,0
3883,CC1=C[C@@H](O)CC(=O)Cc2nc(co2)C(=O)N2CCC=C2C(=O)O[C@H](C(C)C)[C@@H](C)C=CC(=O)NCC=C1,0
3884,CC[C@H]1NC(=O)[C@@H](NC(=O)c2ncccc2O)[C@H](C)OC(=O)[C@H](c2ccccc2)NC(=O)[C@H]2CC(=O)CCN2C(=O)[C@@H](Cc2ccccc2)N(C)C(=O)[C@H]2CCCN2C1=O,0
3885,N#CC(=Cc1ccc(O)cc1)/C(C#N)=C\c1ccc(O)cc1,0
3886,COc1cccc2c1C(=O)c1c(O)c3c(c(O)c1C2=O)C[C@](O)(C(C)=NNC(=O)c1ccccc1)C[C@H]3O[C@H]1C[C@H](N)[C@H](O)[C@H](C)O1,0
3887,CC(=O)c1ccc2c(c1)N(C[C@H](C)N(C)C)c1ccccc1S2,1
3888,C=CCN1C(=O)[C@@H](CC(C)C)NC1=S,1
3889,C[C@H]1C[C@H]2[C@@H]3[C@H]([C@H](O)C[C@@]2(C)[C@@]1(O)C(=O)CO)[C@]1(C)C=CC(=O)C=C1C[C@H]3Cl,1
3890,C=CC[C@H](N)Cc1ccccc1,1
3891,CC(=O)[C@@]1(O)[C@H](O)C[C@H]2[C@H]3CCC4=CC(=O)CC[C@@]4(C)[C@H]3CC[C@]21C,1
3892,CCC(=O)O[C@]1(c2ccccc2)CCN(C)C[C@@H]1C,1
3893,N[C@]12CC3C[C@H](C[C@H](C3)C1)C2,1
3894,CCCC(=O)O[C@]1(C(=O)COC(C)=O)CC[C@H]2[C@H]3C[C@H](C)C4=CC(=O)CC[C@@]4(C)[C@H]3[C@H](O)C[C@]21C,1
3895,CNCCC[C@@]1(C)C(=O)N(c2ccccc2)c2ccccc21,1
3896,CC[C@]1(c2ccc(N)cc2)CCC(=O)NC1=O,1
3897,CN(C)C[C@@H](CN1c2ccccc2Sc2ccccc21)N(C)C,1
3898,COc1ccccc1N1CCN(CCC[C@H](O)c2ccc(F)cc2)CC1,1
3899,CN1CCN2c3ccccc3Cn3cccc3[C@H]2C1,1
3900,CN(C(=O)C(c1ccccc1)c1ccccc1)[C@@H](CN1CC[C@H](O)C1)c1ccccc1,1
3901,CN1[C@H]2CC[C@H]1CC(OC(=O)[C@@H](CO)c1ccccc1)C2,1
3902,CCC(=O)OCC(=O)[C@@]1(OC(=O)CC)[C@H](C)C[C@H]2[C@H]3CCC4=CC(=O)C=C[C@@]4(C)[C@@]3(Cl)[C@H](O)C[C@]21C,1
3903,Cc1cccc2c1Oc1ccccc1[C@]1(O)CCN(C)C[C@H]21,1
3904,C[C@@H](NNC(=O)c1ccccc1)c1ccccc1,1
3905,CC[C@]1(c2ccccc2)C(=O)NC(=O)N(C(=O)c2ccccc2)C1=O,1
3906,O=C(O[C@H]1CN2CCC1CC2)c1ccccc1,1
3907,CNC[C@]12CC[C@H](c3ccccc31)c1ccccc12,1
3908,C[C@@H](Cc1ccccc1)N(C)Cc1ccccc1,1
3909,CC(=O)OCC(=O)[C@@]1(O)[C@@H](C)C[C@H]2[C@H]3CCC4=CC(=O)C=C[C@@]4(C)[C@@]3(F)[C@H](O)C[C@]21C,1
3910,CCC(=O)OCC(=O)[C@@]1(OC(=O)CC)[C@H](C)C[C@H]2[C@H]3CCC4=CC(=O)C=C[C@@]4(C)[C@@]3(F)[C@H](O)C[C@]21C,1
3911,CCCCC(=O)O[C@@]1(C(=O)CO)[C@H](C)C[C@H]2[C@H]3CCC4=CC(=O)C=C[C@@]4(C)[C@@]3(F)[C@H](O)C[C@]21C,1
3912,CCn1nnn(CCN2CC[C@@H](N(C(=O)COC)c3ccccc3F)[C@H](C)C2)c1=O,1
3913,CN(C)CCO[C@@H](c1ccccc1)c1ccc(Br)cc1,1
3914,CCC[C@H]1O[C@H]2C[C@H]3[C@H]4CCC5=CC(=O)C=C[C@@]5(C)[C@H]4[C@H](O)C[C@@]3(C)[C@]2(C(=O)CO)O1,1
3915,CN(C)CCO[C@@H](c1ccccc1)c1ccccc1C(C)(C)C,1
3916,CC[C@H](C)C1(CC)C(=O)NC(=O)NC1=O,1
3917,CCCCNC[C@H]1COc2ccccc2O1,1
3918,C[C@@H](CC1c2ccccc2CCc2ccccc21)CN(C)C,1
3919,CCOC(=O)NN[C@H](C)c1ccccc1,1
3920,CCOC(=O)N[C@H](O)C(Cl)(Cl)Cl,1
3921,CN(C)[C@@](C)(CO)Cc1ccc(Cl)c(Cl)c1,1
3922,CN1CCN([C@@H](c2ccccc2)c2ccc(Cl)cc2)CC1,1
3923,C[C@]12CC(=O)[C@@H]3[C@@H](C[C@@H](Cl)C4=CC(=O)C=C[C@]43C)[C@H]1CC[C@@]2(O)C(=O)CO,1
3924,COC(=O)[C@@H]1[C@@H]2C[C@@H]3c4[nH]c5ccc(Cl)cc5c4CCN3C[C@@H]2C[C@@H](OC(=O)c2cc(OC)c(OC)c(OC)c2)[C@@H]1OC,1
3925,NC(=O)OC[C@H](O)COc1ccc(Cl)cc1,1
3926,CN(C)CCO[C@@](C)(c1ccccc1)c1ccc(Cl)cc1,1
3927,O=C1N[C@H](CCCl)Oc2ccccc21,1
3928,O[C@]1(c2ccccc2Cl)C2=NCCCN2c2ccccc21,1
3929,CN[C@H]1CCN2c3ccccc3CCc3cccc1c32,1
3930,CN(C)CC/C=C1/c2ccccc2COc2ccccc21,1
3931,CCOc1cc(N)c([N+](=O)[O-])cc1C(=O)NC1CCN(C[C@@H]2CC=CCC2)CC1,1
3932,O=C1CC[C@@](c2ccccc2)(C2CCN(C/C=C/c3ccccc3)CC2)C(=O)N1,1
3933,CN(C)CCC[C@]1(c2ccc(F)cc2)OCc2cc(C#N)ccc21,1
3934,CN1C(=O)CN2CCc3ccccc3[C@H]2c2cc(Cl)ccc21,1
3935,CN(C)C[C@H](O)[C@@H](c1ccccc1)c1cccc(Cl)c1,1
3936,C[C@H]1C[C@H]2[C@H]3CCC4=CC(=O)C=C[C@@]4(C)[C@@]3(F)[C@H](O)C[C@@]2(C)[C@@]1(O)C(=O)CCl,1
3937,CCC(=O)O[C@@]1(C(=O)CCl)[C@H](C)C[C@H]2[C@H]3CCC4=CC(=O)C=C[C@@]4(C)[C@@]3(F)[C@H](O)C[C@]21C,1
3938,CN(C)CCC[C@H]1c2ccccc2Nc2ccc(Cl)cc21,1
3939,COCCCC/C(=N/OCCN)c1ccc(Cl)cc1,1
3940,O=C1CN2CCO[C@@]2(c2ccccc2Cl)c2cc(Cl)ccc2N1,1
3941,COc1ccc2c3c1O[C@H]1[C@H](O)C=C[C@H]4[C@@H](C2)N(C)CC[C@]341,1
3942,CC(=O)OCC(=O)[C@@]1(O)[C@@H](C)C[C@H]2[C@H]3CC(F)(F)C4=CC(=O)C=C[C@@]4(C)[C@@]3(F)[C@H](O)C[C@]21C,1
3943,C[C@]12CC(=O)[C@@H]3[C@@H](CCC4=CC(=O)CC[C@]43C)[C@H]1CC[C@@]2(O)C(=O)CO,1
3944,CC=CC(=O)N(CCC)[C@@H](CC)C(=O)N(C)C,1
3945,C[C@@H](CN(C)C)CN1c2ccccc2Sc2ccc(C#N)cc21,1
3946,O=C1N=C(NC2CC2)O[C@H]1c1ccccc1,1
3947,N[C@H]1CCC[C@H]1c1ccccc1,1
3948,CN1CCCc2cccc(OC[C@H]3CNCCO3)c21,1
3949,CNCCC[C@@]1(C)CN(c2ccccc2)c2ccccc21,1
3950,CCC(=O)O[C@@](Cc1ccccc1)(c1ccccc1)[C@H](C)CN(C)C,1
3951,CC1=Nc2ccccc2C[C@@H](c2ccccc2)N1C,1
3952,CC(=O)OCC(=O)[C@@]12N=C(C)O[C@H]1C[C@H]1[C@H]3CCC4=CC(=O)C=C[C@@]4(C)[C@H]3[C@H](O)C[C@]12C,1
3953,CN1C[C@@H](CC#N)C[C@H]2c3cccc4[nH]cc(c34)C[C@H]21,1
3954,O[C@@H](Cn1ccnc1)c1ccc(CCc2ccccc2)cc1,1
3955,FC(F)O[C@H](F)C(F)(F)F,1
3956,CN1CC[C@]23c4c5ccc(O)c4O[C@@H]2CCC[C@@H]3[C@@H]1C5,1
3957,CC(C)[C@@]1(O)CCN2C[C@H]3c4ccccc4CCc4cccc(c43)[C@H]2C1,1
3958,COc1ccc2c(c1)[C@@]13CCCC[C@H]1[C@@H](C2)N(C)CC3,1
3959,C[C@@H](CN1CCOCC1)C(C(=O)N1CCCC1)(c1ccccc1)c1ccccc1,1
3960,CN1CC[C@@]23CCCC[C@H]2[C@H]1Cc1ccc(O)cc13,1
3961,C[C@@]12CCCCC[C@@H](Cc3ccc(O)cc31)[C@@H]2N,1
3962,C=CCN1CC[C@@]23c4c5ccc(OC(C)=O)c4O[C@@H]2[C@@H](OC(C)=O)C=C[C@H]3[C@H]1C5,1
3963,Cc1ccc2c(c1)[C@H]1CN(C)CC[C@H]1N2,1
3964,CN1C(=O)CCS(=O)(=O)[C@H]1c1ccc(Cl)c(Cl)c1,1
3965,COc1ccc2c(c1)CN(C)C[C@H]2c1ccc(Cl)c(Cl)c1,1
3966,Clc1ccc([C@@H](OCCN2CCOCC2)c2ccccc2)cc1,1
3967,CC(=O)OCC(=O)[C@@]1(OC(C)=O)[C@@H](C)C[C@H]2[C@H]3C[C@H](F)C4=CC(=O)C=C[C@@]4(C)[C@@]3(F)[C@H](O)C[C@]21C,1
3968,CCCC(=O)O[C@]1(C(=O)COC(C)=O)CC[C@H]2[C@H]3C[C@H](F)C4=CC(=O)C=C[C@@]4(C)[C@@]3(F)[C@H](O)C[C@]21C,1
3969,Cc1ccc2c(c1)[C@]13CCCC[C@H]1[C@@H](C2)N(C)CC3,1
3970,COc1ccc2c(c1)/C(=C\CCN(C)C)c1ccccc1O2,1
3971,C[C@H]1C[C@H]2[C@H]3CCC4=CC(=O)C=C[C@@]4(C)[C@@]3(F)[C@H](O)C[C@@]2(C)[C@@]1(C)C(=O)CO,1
3972,NC(=O)CN1C(=O)[C@@H](c2ccccc2)c2ccccc21,1
3973,CN(C)CC/C=C1/c2ccccc2CSc2ccccc21,1
3974,O=C1[C@H](O)N=C(c2ccccc2F)c2cc(Cl)ccc2N1CCO,1
3975,CC(=O)[C@@]1(O)[C@@H](C)C[C@H]2[C@H]3CCC4=CC(=O)C=C[C@@]4(C)[C@@]3(F)[C@H](O)C[C@]21C,1
3976,CC1(C)O[C@H]2C[C@H]3[C@H]4CC[C@H]5CC(=O)CC[C@@]5(C)[C@@]4(F)[C@H](O)C[C@@]3(C)[C@]2(C(=O)CO)O1,1
3977,CN1CC[C@@]2(C)C[C@H](Cc3ccc(O)cc32)C1,1
3978,CC[C@@]1(C)CC(=O)NC1=O,1
3979,CCN1C(=O)N[C@H](c2ccccc2)C1=O,1
3980,CCOC(=O)c1cncn1[C@H](C)c1ccccc1,1
3981,CN[C@H]1CCc2ncsc2C1,1
3982,CC[C@H](N)Cc1c[nH]c2ccccc12,1
3983,CN(C)[C@H]1CCc2[nH]c3c(F)cc(F)cc3c2C1,1
3984,C#CC1(OC[C@H](O)CN2CCN(c3ccc(F)cc3)CC2)CCCCC1,1
3985,C[C@H]1C[C@H]2[C@H]3C[C@H](F)C4=CC(=O)C=C[C@@]4(C)[C@@]3(F)[C@H](O)C[C@@]2(C)[C@@]1(O)C(=O)CO,1
3986,C[C@H]1C[C@H]2[C@H]3C[C@H](F)C4=CC(=O)C=C[C@@]4(C)[C@@]3(F)[C@H](O)C[C@@]2(C)[C@@]1(O)C(=O)COC(=O)C(C)(C)C,1
3987,CC1(C)O[C@H]2C[C@H]3[C@H]4C[C@H](F)C5=CC(=O)C=C[C@@]5(C)[C@H]4[C@H](O)C[C@@]3(C)[C@]2(C(=O)CO)O1,1
3988,CC(=O)OCC(=O)[C@@]12OC(C)(C)O[C@H]1C[C@H]1[C@H]3C[C@H](F)C4=CC(=O)C=C[C@@]4(C)[C@H]3[C@H](O)C[C@]12C,1
3989,C[C@@]12C=CC(=O)C=C1[C@@H](F)C[C@H]1[C@H]3C[C@H](O)[C@@](O)(C(=O)CO)[C@]3(C)C[C@H](O)[C@@]12F,1
3990,CC1(C)O[C@H]2C[C@H]3[C@H]4C[C@H](F)C5=CC(=O)C=C[C@@]5(C)[C@@]4(F)[C@H](O)C[C@@]3(C)[C@]2(C(=O)CO)O1,1
3991,C[C@H]1C[C@H]2[C@H]3C[C@H](F)C4=CC(=O)C=C[C@@]4(C)[C@H]3[C@H](O)C[C@@]2(C)[C@H]1C(=O)CO,1
3992,CC(=O)[C@]1(O)CC[C@@H]2[C@@H]3C[C@H](C)C4=CC(=O)C=C[C@]4(C)[C@]3(F)[C@@H](O)C[C@@]21C,1
3993,CC(=O)O[C@H](C)C(=O)[C@@]1(O)CC[C@H]2[C@H]3CCC4=CC(=O)C=C[C@@]4(C)[C@@]3(F)[C@H](O)C[C@]21C,1
3994,C=C1C[C@@H]2[C@@H]3CCC4=CC(=O)C=C[C@@]4(C)[C@@]3(F)[C@@H](O)C[C@@]2(C)[C@]1(O)C(=O)CO,1
3995,C[C@]12C[C@H](O)[C@@H]3[C@@H](C[C@@H](F)C4=CC(=O)C=C[C@]43C)[C@H]1CC[C@@]2(O)C(=O)CO,1
3996,CCCCC(=O)O[C@]1(C(=O)CO)CC[C@H]2[C@H]3C[C@H](F)C4=CC(=O)C=C[C@@]4(C)[C@H]3[C@H](O)C[C@]21C,1
3997,CC1(C)O[C@H]2C[C@H]3[C@H]4C[C@H](F)C5=CC(=O)CC[C@@]5(C)[C@H]4[C@H](O)C[C@@]3(C)[C@]2(C(=O)CO)O1,1
3998,C[C@@H](Cc1ccccc1)N(C)Cc1ccco1,1
3999,COc1ccc2c3c1O[C@@H]1C[C@@H](O)C=C[C@@]31CCN(C)C2,1
4000,CN(C)CC[C@@H](c1ccccc1)C1CCCCC1,1
4001,CC[C@]1(c2ccccc2)CCC(=O)NC1=O,1
4002,C[C@H]1C[C@H]2[C@H]3C[C@H](F)C4=CC(=O)C(Cl)=C[C@@]4(C)[C@@]3(F)[C@H](O)C[C@@]2(C)[C@@]1(O)C(=O)CO,1
4003,CN1C(=O)NC(=O)[C@@](C)(C2=CCCCC2)C1=O,1
4004,CN1CCCN([C@@H](c2ccccc2)c2ccc(Cl)cc2)CC1,1
4005,COc1ccc2c3c1O[C@H]1C(=O)CC[C@H]4[C@@H](C2)N(C)CC[C@@]314,1
4006,CC(=O)OCC(=O)[C@@]1(O)CC[C@H]2[C@H]3CCC4=CC(=O)CC[C@@]4(C)[C@H]3[C@H](O)C[C@]21C,1
4007,CCCC(=O)O[C@]1(C(=O)COC(=O)CC)CC[C@H]2[C@H]3CCC4=CC(=O)CC[C@@]4(C)[C@H]3[C@H](O)C[C@]21C,1
4008,CCCC(=O)O[C@]1(C(=O)CO)CC[C@H]2[C@H]3CCC4=CC(=O)CC[C@@]4(C)[C@H]3[C@H](O)C[C@]21C,1
4009,CN1CC[C@@]23c4c5ccc(O)c4O[C@H]2C(=O)CC[C@H]3[C@H]1C5,1
4010,CC[C@@](O)(COC(N)=O)c1ccccc1,1
4011,OCCOCCN1CCN([C@@H](c2ccccc2)c2ccc(Cl)cc2)CC1,1
4012,CCCC(=O)O[C@@]1(C(=O)COC(C)=O)[C@H](C)C[C@H]2[C@H]3CCC4=CC(=O)C=C[C@@]4(C)[C@@]3(Cl)[C@H](O)C[C@]21C,1
4013,CC[C@]1(c2ccccc2)NCC(=O)NC1=O,1
4014,FC(F)O[C@H](Cl)C(F)(F)F,1
4015,CCC(=O)C(c1ccccc1)(c1ccccc1)[C@H](C)CN(C)C,1
4016,C=C1C[C@@H]2[C@@H]3C=CC4=CC(=O)CC[C@@]4(C)[C@@H]3[C@@H](O)C[C@]2(C)[C@]1(O)C(=O)CO,1
4017,CCN(CC)[C@H](C)CN1c2ccccc2Sc2ccccc21,1
4018,CNC[C@H](O)C[C@]12CC[C@H](c3ccccc31)c1ccccc12,1
4019,CN1[C@H](CC(=O)c2ccccc2)CCC[C@H]1C[C@H](O)c1ccccc1,1
4020,O=C1Nc2ccc(Cl)cc2C(c2ccccc2Cl)=N[C@@H]1O,1
4021,Cl/C(=C/n1cncn1)c1ccc(Cl)cc1Cl,1
4022,CN1C[C@H]2Cc3ccc(Cl)cc3[C@@H](c3ccccc3)[C@H]2C1,1
4023,CC[C@]1(c2ccccc2)NC(=O)N(C)C1=O,1
4024,CC[C@]1(c2ccccc2)C(=O)NC(=O)N(C)C1=O,1
4025,C[C@H]1C[C@H]2[C@H]3CCC4=CC(=O)C=C[C@@]4(C)[C@H]3C(=O)C[C@@]2(C)[C@@]1(O)C(=O)CO,1
4026,COC[C@H]1CN=C(c2ccccc2Cl)c2cc(Br)ccc2N1C,1
4027,C[C@H](C(=O)c1ccccc1)N(C)C,1
4028,CN[C@H]1Cc2ccccc2N(C)c2ccccc21,1
4029,Cc1cc(C)cc(OC[C@H]2CNC(=O)O2)c1,1
4030,C[C@H]1[C@H]2Cc3ccc(O)cc3[C@@]1(C)CCN2C,1
4031,CC[C@@]1(c2ccccc2)C(=O)NC(=O)N1C,1
4032,CC1(C)NC(=O)[C@H](C=Cc2ccccc2)O1,1
4033,CSc1ccc2c(c1)N(C[C@H](C)CN(C)C)c1ccccc1S2,1
4034,CN1C(=O)C[C@](C)(c2ccccc2)C1=O,1
4035,COC(=O)[C@@H](c1ccccc1)[C@H]1CCCCN1,1
4036,C[C@H]1C[C@@H]2[C@@H]([C@@H](O)C[C@@]3(C)[C@@H]2CC[C@@]3(O)C(=O)CO)[C@@]2(C)C=CC(=O)C=C12,1
4037,CCC(=O)O[C@]1(C(=O)COC(C)=O)CC[C@H]2[C@H]3C[C@H](C)C4=CC(=O)C=C[C@@]4(C)[C@H]3[C@H](O)C[C@]21C,1
4038,CC(=O)OCC(=O)[C@]1(O)CC[C@@H]2[C@@H]3C[C@H](C)C4=CC(=O)C=C[C@]4(C)[C@@H]3[C@@H](O)C[C@@]21C,1
4039,CCC1(CC)C(=O)NC[C@H](C)C1=O,1
4040,CSc1ccc2c(c1)[C@@H](N1CCN(C)CC1)Cc1ccccc1S2,1
4041,COC(=O)c1cncn1[C@H](C)c1ccccc1,1
4042,CCN(CC)C(=O)[C@]1(c2ccccc2)C[C@H]1CN,1
4043,CCc1c(C)[nH]c2c1C(=O)[C@H](CN1CCOCC1)CC2,1
4044,C=CCN1CC[C@@]23c4c5ccc(O)c4O[C@H]2C(=O)CC[C@@]3(O)[C@H]1C5,1
4045,c1ccc([C@H]2CCN(C[C@H]3CCCc4c3ccc3c4OCO3)C2)cc1,1
4046,C[C@H]1CN(C)C[C@H]2Cc3c(ccc4ccccc34)O[C@]21O,1
4047,NC[C@@H]1CC(=O)N(Cc2ccccc2)C1,1
4048,CN1CCO[C@@H](c2ccccc2)c2ccccc2C1,1
4049,CNc1cc(OC)c(C(=O)N[C@H]2CCN(Cc3ccccc3)[C@@H]2C)cc1Cl,1
4050,COc1ccc2c3c1O[C@H]1[C@H](OC(=O)c4cccnc4)CC[C@H]4[C@@H](C2)N(C)CC[C@]341,1
4051,COc1ccc2c3c1O[C@H]1[C@H](O)C=C[C@H]4[C@@H](C2)NCC[C@]341,1
4052,CN1CCc2cc(Cl)c(O)cc2[C@H](c2cccc3c2OCC3)C1,1
4053,CCC[C@H]1O[C@@]1(CC)C(N)=O,1
4054,C[C@H]1CN2CC(=O)Nc3ccc(Cl)cc3[C@]2(c2ccccc2)O1,1
4055,C[C@@H](CN(C)C)CN1c2ccccc2S(=O)(=O)c2ccccc21,1
4056,COc1ccc2c(c1)N(CC[C@H]1CCCCN1C)c1ccccc1S2,1
4057,CC[C@@]1(C)OC(=O)N(C)C1=O,1
4058,C[C@H]1C[C@H]2[C@H]3C[C@H](F)C4=CC(=O)C=C[C@@]4(C)[C@H]3[C@H](O)C[C@@]2(C)[C@@]1(O)C(=O)CO,1
4059,CN1CCC[C@H](CN2c3ccccc3Sc3ccccc32)C1,1
4060,CC(C)CCNC[C@H]1COc2ccccc2O1,1
4061,COc1ccc2c(c1)N(C[C@H](C)CN1CCC(O)CC1)c1ccccc1S2,1
4062,O[C@@H](CN1CCCCC1)c1cc(-c2ccccc2)on1,1
4063,CC(=O)O[C@@H](c1ccccc1)[C@H]1CCCCN1,1
4064,CC(C)(O)[C@@](C)(O)c1ccc(Cl)cc1,1
4065,C[C@@H]1[C@H](c2ccccc2)OCCN1C,1
4066,C[C@@H](Cc1ccccc1)NN,1
4067,Oc1ccc2c(c1)[C@@]13CCCC[C@H]1[C@@H](C2)N(CCc1ccccc1)CC3,1
4068,OC(c1ccccc1)(c1ccccc1)[C@H]1CCCCN1,1
4069,C[C@]12C[C@H](O)[C@@H]3[C@@H](CCC4=CC(=O)C=C[C@]43C)[C@H]1CC[C@@]2(O)C(=O)CO,1
4070,CC(=O)OCC(=O)[C@@]1(O)CC[C@H]2[C@H]3CCC4=CC(=O)C=C[C@@]4(C)[C@H]3[C@H](O)C[C@]21C,1
4071,C[C@@]12C=CC(=O)C=C1CC[C@@H]1[C@@H]2[C@@H](O)C[C@]2(C)[C@@H]1CC[C@@]2(O)C(=O)COC(=O)CCC(=O)O,1
4072,CCCCC(=O)O[C@]1(C(=O)CO)CC[C@H]2[C@H]3CCC4=CC(=O)C=C[C@@]4(C)[C@H]3[C@H](O)C[C@]21C,1
4073,CC(=O)[C@H]1CC[C@H]2[C@H]3CC[C@H]4C[C@H](O)CC[C@@]4(C)[C@H]3CC[C@@]12C,1
4074,CCC(=O)OCC(=O)[C@@]12OC(C)(C)O[C@H]1C[C@H]1[C@H]3C[C@H](F)C4=CC(=O)C=C[C@@]4(C)[C@@]3(F)[C@H](O)C[C@]12C,1
4075,CCCNC(=O)N1C[C@H](c2ccccc2)OC1=O,1
4076,CCC(=O)c1ccc2c(c1)N(C[C@H](C)N(C)C)c1ccccc1S2,1
4077,CCCOC(=O)c1cncn1[C@H](C)c1ccccc1,1
4078,CCCN1CCC[C@H]1CNC(=O)c1cc(S(N)(=O)=O)ccc1OC,1
4079,CCC[C@H](C(=O)c1ccc(C)cc1)N1CCCC1,1
4080,c1ccc2c(c1)CCc1ccccc1N2[C@@H]1CN2CCC1CC2,1
4081,Cc1cccc(Cl)c1NC(=O)/C=C1/SCC(=O)N1C,1
4082,CCOc1ccccc1O[C@@H](c1ccccc1)[C@H]1CNCCO1,1
4083,CN1CCN(C2=Cc3cc(Cl)ccc3/C(=C/C#N)c3ccccc32)CC1,1
4084,COC(F)(F)[C@@H](F)Br,1
4085,CN(c1nc2ccccc2s1)C1CCN(C[C@H](O)COc2ccc(F)cc2)CC1,1
4086,C=CCC1([C@@H](C)CCC)C(=O)NC(=O)NC1=O,1
4087,NCC[C@@H](Oc1ccc(C(F)(F)F)cc1)c1ccccc1,1
4088,Clc1ccc([C@H]2[C@H]3CC[C@@H](C3)[C@@]23CCC(N2CCOCC2)=N3)cc1,1
4089,O=C1NCN(c2ccccc2)C12CCN(C[C@H]1COc3ccccc3O1)CC2,1
4090,CN1CCCC[C@H]1CCN1c2ccccc2Sc2ccc(S(C)(=O)=O)cc21,1
4091,CCN1CCC[C@H]1CNC(=O)c1cc(S(N)(=O)=O)ccc1OC,1
4092,O=C1NCCC[C@H]1N1C(=O)c2ccccc2S1(=O)=O,1
4093,c1ccc2c(c1)CCc1cccc3c1[C@@H]2CN1CCCC[C@@H]31,1
4094,C=CCC1([C@@H](C)CC)C(=O)NC(=O)NC1=O,1
4095,CN1C(=O)[C@H](O)N=C(c2ccccc2)c2cc(Cl)ccc21,1
4096,c1csc(Cc2ccccc2OC[C@@H]2CNCCO2)c1,1
4097,CCC[C@@H](CC)C1(CC)C(=O)NC(=S)NC1=O,1
4098,CCC(=O)O[C@@]1(C(=O)SC)[C@H](C)C[C@H]2[C@H]3C[C@H](F)C4=CC(=O)C=C[C@@]4(C)[C@@]3(F)[C@H](O)C[C@]21C,1
4099,CCN[C@]1(c2cccs2)CCCCC1=O,1
4100,CSC(=O)[C@@]1(O)[C@H](C)C[C@H]2[C@H]3CCC4=CC(=O)C=C[C@@]4(C)[C@@]3(F)[C@H](O)C[C@]21C,1
4101,Cc1cccc(N2C[C@@H](CO)OC2=O)c1,1
4102,CC1(C)O[C@H]2C[C@H]3[C@H]4CCC5=CC(=O)C=C[C@@]5(C)[C@@]4(F)[C@H](O)C[C@@]3(C)[C@]2(C(=O)CO)O1,1
4103,CC(=O)OCC(=O)[C@@]1(O)[C@H](OC(C)=O)C[C@H]2[C@H]3CCC4=CC(=O)C=C[C@@]4(C)[C@@]3(F)[C@H](O)C[C@]21C,1
4104,CC(C)(C)CC(=O)OCC(=O)[C@@]12OC(C)(C)O[C@H]1C[C@H]1[C@H]3CC4=CC(=O)C=C[C@@]4(C)[C@@]3(F)[C@H](O)C[C@]12C,1
4105,C[C@@H](CN(C)C)CN1c2ccccc2Sc2ccc(C(F)(F)F)cc21,1
4106,COc1cccc(C(=O)N[C@H]2C[C@H]3CC[C@@H](C2)N3Cc2ccccc2)c1OC,1
4107,CN1c2ccc(Cl)cc2C(c2ccccc2Cl)=NC[C@H]1CO,1
4108,CCCCNC(=O)OC[C@@](C)(CCC)COC(N)=O,1
4109,C[C@H]1C[C@H]2[C@H]3C[C@H](F)C4=CC(=O)C=C[C@@]4(C)[C@@]3(F)[C@H](O)C[C@@]2(C)[C@@]1(O)C(=O)CCl,1
4110,CC[C@H](C)[C@@H](CC)C(N)=O,1
4111,CO[C@H]1O[C@H]2O[C@]3(CN4CCCCC4)[C@H]1[C@@H](C[C@H]3O)[C@@H]2C,1
4112,CC/C=C(/C)C1(CC)C(=O)NC(=O)NC1=O,1
4113,C=CC1([C@@H](C)CCC)C(=O)NC(=O)NC1=O,1
4114,CC(C)(C)C(=O)OCOC(=O)[C@H]1N2C(=O)[C@@H](N=CN3CCCCCC3)[C@H]2SC1(C)C,0
4115,CN(C)[C@H]1C(O)=C(C(N)=O)C(=O)[C@@]2(O)C(O)=C3C(=O)c4c(ccc(N)c4O)C[C@H]3C[C@@H]12,0
4116,CC(=O)[C@]1(N)Cc2c(O)c3c(c(O)c2[C@H](O[C@H]2C[C@H](O)[C@H](O)CO2)C1)C(=O)c1ccccc1C3=O,0
4117,NCC[C@H](O)CN[C@H]1C[C@H](N)[C@@H](O[C@H]2O[C@@H](CN)[C@H](O)[C@H](O)[C@@H]2O)[C@H](O)[C@H]1O[C@H]1O[C@@H](CO)[C@H](O)[C@H](N)[C@@H]1O,0
4118,CC1=C(C(=O)OCC(=O)OC(C)(C)C)N2C(=O)[C@@H](NC(=O)[C@H](N)c3ccccc3)[C@H]2SC1,0
4119,CC/C=C(/C(=O)N[C@H]1C(=O)N2C(C(=O)O)=C(COC(N)=O)CS[C@@H]12)c1csc(N)n1,0
4120,CO[C@@]1(NC(=O)Cc2cccs2)C(=O)N2C(C(=O)O)=C(COC(N)=O)CS[C@H]21,0
4121,CC(=O)C1=C(O)[C@H](N)[C@H]2Cc3c(c(O)c4c(O)c(C)ccc4c3C)C(=O)[C@@]2(O)C1=O,0
4122,CN(C)[C@H]1C(O)=C(C(N)=O)C(=O)[C@@]2(O)C(O)=C3C(=O)c4c(O)ccc(Cl)c4[C@@](C)(O)[C@H]3C[C@@H]12,0
4123,CO[C@@H](C(=O)N[C@H]1C(=O)N2[C@H]1SC(C)(C)[C@H]2C(=O)O)c1ccc(Cl)c(Cl)c1,0
4124,CN(C)[C@H]1C(O)=C(C(N)=O)C(=O)[C@@]2(O)C(O)=C3C(=O)c4c(O)ccc(Cl)c4[C@H](O)[C@H]3C[C@@H]12,0
4125,Cc1onc(-c2c(Cl)cccc2Cl)c1C(=O)N[C@H]1C(=O)N2[C@H]1SC(C)(C)[C@H]2C(=O)O,0
4126,C[C@H]1c2cccc(O)c2C(=O)C2=C(O)[C@@]3(O)C(=O)C(C(N)=O)=C(O)[C@@H](N(C)C)[C@H]3[C@H](O)[C@H]21,0
4127,COc1cccc2c1C(=O)c1c(O)c3c(c(O)c1C2=O)C[C@](O)(C(=O)CO)C[C@H]3O[C@H]1C[C@H](N)C[C@H](C)O1,0
4128,CCNC[C@H](O)c1cccc(O)c1,0
4129,Cc1onc(-c2c(F)cccc2Cl)c1C(=O)N[C@H]1C(=O)N2[C@H]1SC(C)(C)[C@H]2C(=O)O,0
4130,CC[C@H]1OC(=O)[C@H](C)[C@@H](O[C@H]2C[C@@](C)(OC)[C@H](O)[C@H](C)O2)[C@H](C)[C@@H](O[C@H]2O[C@H](C)C[C@@H](N(C)C)[C@@H]2O)[C@@](C)(O)C[C@@](C)(F)C(=O)[C@H](C)[C@H](O)[C@@]1(C)O,0
4131,CC[C@H]1NC(=O)[C@H]2CCCN2C(=O)[C@@H](Cc2ccccc2)NC(=O)[C@@H](CC(C)C)NC(=O)[C@@H](CCCN)NC(=O)[C@H](C(C)C)NC(=O)[C@H]2CCCN2C(=O)[C@@H](Cc2ccccc2)NC(=O)[C@@H](CC(C)C)NC(=O)[C@@H](CCCN)NC1=O,0
4132,C[C@H](N)Cc1ccc(O)cc1,0
4133,CO[C@@H]1[C@H](O[C@H]2O[C@H](C)[C@@H](O[C@H]3C[C@@](C)(O)[C@@H](OC(=O)CC(C)C)[C@H](C)O3)[C@@H](N(C)C)[C@@H]2O)[C@H](CC=O)C[C@@H](C)[C@@H](O)C=CC=CC[C@@H](C)OC(=O)C[C@H]1OC(C)=O,0
4134,NC[C@H]1O[C@@H](O[C@@H]2[C@@H](O)[C@H](O[C@H]3O[C@@H](CO)[C@H](O)[C@H](N)[C@@H]3O)[C@@H](N)C[C@H]2N)[C@H](O)[C@H](O)[C@@H]1O,0
4135,C=C1c2cccc(O)c2C(=O)C2=C(O)[C@]3(O)C(=O)C(C(N)=O)=C(O)[C@H](N(C)C)[C@@H]3[C@@H](O)[C@H]12,0
4136,CN[C@H](C)C(=O)c1ccc(OC)cc1,0
4137,CCOc1ccc2ccccc2c1C(=O)N[C@H]1C(=O)N2[C@H]1SC(C)(C)[C@H]2C(=O)O,0
4138,CCOC(=O)C1=C(C)NC(C)=C(C(=O)OC)[C@H]1c1cccc([N+](=O)[O-])c1,0
4139,Cc1onc(-c2ccccc2)c1C(=O)N[C@H]1C(=O)N2[C@H]1SC(C)(C)[C@H]2C(=O)O,0
4140,CC1(C)S[C@@H]2[C@H](N3C(=O)[C@H](c4ccc(O)cc4)NC3(C)C)C(=O)N2[C@H]1C(=O)O,0
4141,C[C@@H](Oc1ccccc1)C(=O)N[C@H]1C(=O)N2[C@H]1SC(C)(C)[C@H]2C(=O)O,0
4142,C[C@@H]1NC(=O)[C@@H](NC(=O)c2ncccc2O)[C@@H](C)OC(=O)[C@H](c2ccccc2)NC(=O)[C@H]2CC(=O)CCN2C(=O)[C@@H](Cc2ccc(N(C)C)cc2)N(C)C(=O)[C@H]2CCCN2C1=O,0
4143,CC[C@@H](Oc1ccccc1)C(=O)N[C@H]1C(=O)N2[C@H]1SC(C)(C)[C@H]2C(=O)O,0
4144,CO[C@H]1CCC[C@H]2C1=C(C=O)N1C(=O)[C@H]([C@@H](C)O)[C@@H]21,0
4145,CO[C@@]1(NC(=O)[C@@H](C(=O)O)c2ccsc2)C(=O)N2[C@H]1SC(C)(C)[C@H]2C(=O)O,0
4146,CN(C)[C@H]1C(O)=C(C(N)=O)C(=O)[C@@]2(O)C(O)=C3C(=O)c4c(O)cccc4[C@@](C)(O)[C@H]3C[C@@H]12,0
4147,CC1(C)S[C@@H]2[C@H](NC(=O)[C@@H](C(=O)O)c3ccsc3)C(=O)N2[C@H]1C(=O)O,0
4148,c1cncc(C2CCCN2)c1,1
4149,O=c1nc[nH]c2c1ncn2C1CCC(CO)O1,0
4150,CC1(C(=O)O)CCC2(C)CCC3(C)C(=CC(=O)C4C5(C)CCC(O)C(C)(C)C5CCC43C)C2C1,0
4151,CNC(C)CC1CCCCC1,1
4152,O=c1cccc2n1CC1CNCC2C1,0
4153,CCCn1c(=O)c2[nH]c(C3CCC(=O)C3)nc2n(CCC)c1=O,0
4155,O=C(O)c1ccc(-c2ccccc2)cc1,0
4156,COc1cccnc1CCCCNc1ncc(Cc2ccc(C)nc2)c(=O)[nH]1,0
4157,OCc1nnc2n1-c1ccc(Cl)cc1C(c1ccccc1)=NC2,0
4158,Cc1nnc2n1-c1ccc(Cl)cc1C(c1ccccc1)=NC2O,0
4159,Cc1nc(Nc2ccc(F)cc2)nc(N2CCc3ccccc3C2C)c1C,1
4160,ClC=CCl,1
4161,N#Cc1ccc(OCC2CCN(CC=CI)CC2)cc1,1
4162,[CH2][C]([CH]CC)CC,1
4163,CCNC(=NCCSCc1ncccc1Br)NC#N,0
4164,CN=C(NC#N)Nc1cccc(-c2csc(N=C(N)N)n2)c1,0
4165,C[C@]12CCC(=O)C=C1CC[C@@H]1[C@@H]2[C@H](O)C[C@]2(C)[C@H]1CC[C@@]2(O)C(=O)CS,1
4166,S=C1NCC[C@H](COc2ccccc2)O1,1
4167,C=CCC1([C@H]2C=CCCC2)C(=O)NC(=S)NC1=O,1
4168,C=CCC1([C@H](C)CCC)C(=O)NC(=S)NC1=O,1
4169,CCC[C@@H](C)C1(CC)C(=O)NC(=S)NC1=O,1
4170,C=CCN1C(=O)[C@H](CC(C)C)NC1=S,1
4171,C/C(=C(/CCO)SSC[C@@H]1CCCO1)N(C=O)Cc1cnc(C)nc1N,1
4172,CNCNCCSCc1nc[nH]c1C.N#CN,0
4173,C[C@@H](O)[C@H]1C(=O)N2C(C(=O)O)=C(SCCNC=N)C[C@H]12,0
4174,CN[C@@H](C[N+](=O)[O-])NCCSCc1ccc(CN(C)C)o1,0
4175,Cc1nnc(SCC2=C(C(=O)OCc3oc(=O)oc3C)N3C(=O)[C@@H](NC(=O)[C@H](OC(=O)[C@H](C)N)c4ccccc4)[C@H]3SC2)s1,0
4176,Cc1nnc(SCC2=C(C(=O)O)N3C(=O)[C@H](NC(=O)Cn4cnnn4)[C@@H]3SC2)s1,0
4177,Cn1nnnc1SCC1=C(C(=O)O)N2C(=O)[C@H](NC(=O)[C@H](O)c3ccccc3)[C@H]2SC1,0
4178,CCN1CCN(C(=O)N[C@H](C(=O)N[C@H]2C(=O)N3C(C(=O)O)=C(CSc4nnnn4C)CS[C@H]23)c2ccc(O)cc2)C(=O)C1=O,0
4179,Cc1nnc(SCC2=C(C(=O)O)N3C(=O)[C@H](NC(=O)[C@@H](N)c4ccc(O)cc4)[C@@H]3SC2)s1,0
4180,CO/N=C(/C(=O)N[C@H]1C(=O)N2C(C(=O)O)=C(CSc3nc(C)c(CC(=O)O)s3)CS[C@H]12)c1csc(N)n1,0
4181,CO/N=C(/C(=O)N[C@H]1C(=O)N2C(C(=O)O)=C(CSc3nnnn3C)CS[C@H]12)c1csc(N)n1,0
4182,CO/N=C(/C(=O)N[C@H]1C(=O)N2C(C(=O)O)=C(CSc3nc(=O)c(=O)[nH]n3C)CS[C@H]12)c1csc(N)n1,0
4183,CO[C@]1(NC(=O)C2SC(=C(C#N)C(=O)O)S2)C(=O)N2C(C(=O)O)=C(CSc3nnnn3C)CS[C@@H]21,0
4184,O=C(Cn1cnnn1)N[C@@H]1C(=O)N2C(C(=O)O)=C(CSc3nncs3)CS[C@@H]12,0
4185,O=C(Cc1cccs1)N[C@@H]1C(=O)N2C(C(=O)O)=C(CSC3=NCNN3)CS[C@@H]12,0
4186,CN(C)CCn1nnnc1SCC1=C(C(=O)O)N2C(=O)[C@@H](NC(=O)Cc3csc(N)n3)[C@@H]2SC1,0
4187,NCc1ccccc1CC(=O)N[C@@H]1C(=O)N2C(C(=O)O)=C(CSc3nnnn3CC(=O)O)CS[C@@H]12,0
4188,Cc1cc(O)c(C(=O)N[C@@H](C(=O)N[C@@H]2C(=O)N3C(C(=O)O)=C(CSc4nnnn4C)CS[C@@H]23)c2ccc(O)cc2)cn1,0
4189,N[C@@H](C(=O)N[C@@H]1C(=O)N2C(C(=O)O)=C(CSc3c[nH]nn3)CS[C@@H]12)c1ccc(O)cc1,0
4190,Cc1nnc(SCC2=C(C(=O)O)N3C(=O)[C@@H](NC(=O)[C@@H](O)c4ccccc4)[C@H]3SC2)s1,0
4191,CCS[C@@]1(SC)CC[C@@H]2[C@H]3CCC4=CC(=O)C=C[C@@]4(C)[C@]3(F)[C@@H](O)C[C@]21C,1
4192,CC1(C)S[C@@H]2[C@@H](NC(=O)CSc3ccccc3)C(=O)N2[C@@H]1C(=O)O,0
4193,C=CCSCC(=O)N[C@@H]1C(=O)N2[C@H]1SC(C)(C)[C@H]2C(=O)O,0
4194,Cc1c(O)cccc1C(=O)N[C@@H](CSc1ccccc1)[C@H](O)CN1C[C@H]2CCCC[C@H]2C[C@H]1C(=O)NC(C)C,0
4195,CO[C@]1(NC(=O)CSC[C@H](N)C(=O)O)C(=O)N2C(C(=O)O)=C(CSc3nnnn3C)CS[C@@H]21,0
4196,CN1C[C@H](CSc2ccccn2)C=C2c3cccc4[nH]cc(c34)C[C@@H]21,1
4197,Cc1c(O)cccc1C(=O)N[C@H](CSc1ccccc1)[C@@H](O)CN1C[C@H]2CCCC[C@@H]2C[C@@H]1C(=O)NC(C)(C)C,0
4198,CSc1ccc2c(c1)N(CC[C@@H]1CCCCN1)c1ccccc1S2,0
4199,CSc1ccc2c(c1)N(CC[C@@H]1CCCCN1C)c1ccccc1S2,1
4200,CSc1ccc2c(c1)N(C[C@@H](C)CN(C)C)c1ccccc1S2,1
4201,CCC[C@H]1C[C@H](C(=O)N[C@@H]([C@@H]2O[C@@H](SC)[C@@H](O)[C@H](O)[C@H]2O)[C@H](C)O)N(C)C1,0
4202,Cn1nnnc1SCC1=C(C(=O)O)N2C(=O)[C@@H](NC(=O)CSC(F)(F)F)[C@@H]2SC1,0
4203,CCOC(=O)OCC/C(SC(=O)OCC)=C(/C)N(C=O)Cc1cnc(C)nc1N,1
4204,CO/N=C(/C(=O)N[C@H]1C(=O)N2C(C(=O)O)=C(CSC(=O)c3ccco3)CS[C@H]12)c1csc(N)n1,0
4205,CC(C)(C)C(=O)SCC(=O)[C@]1(O)CC[C@H]2[C@@H]3CCC4=CC(=O)CC[C@@]4(C)[C@H]3[C@@H](O)C[C@]21C,1
4206,CCC(=O)O[C@@]1(C(=O)SCF)[C@@H](C)C[C@@H]2[C@H]3C[C@@H](F)C4=CC(=O)C=C[C@@]4(C)[C@]3(F)[C@@H](O)C[C@]21C,1
4207,CCC(=O)O[C@@]1(C(=O)SC)[C@@H](C)C[C@@H]2[C@H]3C[C@@H](F)C4=CC(=O)C=C[C@@]4(C)[C@]3(F)[C@@H](O)C[C@]21C,1
4208,CSC(=O)[C@]1(OC(C)=O)[C@@H](C)C[C@@H]2[C@H]3CCC4=CC(=O)C=C[C@@]4(C)[C@]3(F)[C@@H](O)C[C@]21C,1
4209,C[C@@H]1C[C@@H]2[C@H]3C[C@@H](F)C4=CC(=O)C=C[C@@]4(C)[C@]3(F)[C@@H](O)C[C@@]2(C)[C@]1(O)C(=O)SCF,1
4210,CSC(=O)[C@@]1(O)[C@@H](C)C[C@H]2[C@@H]3CCC4=CC(=O)C=C[C@]4(C)[C@@]3(F)[C@H](O)C[C@@]21C,1
4211,CC1(C)[C@H](NC/C(=N\OCC(=O)O)c2csc(N)n2)C(=O)N1OS(=O)(=O)O,0
4212,CC1(C)O[C@H]2[C@H](CO[C@@]3(COS(N)(=O)=O)OC(C)(C)O[C@H]23)O1,1
4213,C[C@@H]1[C@H](NC(=O)/C(=N\OC(C)(C)C(=O)O)c2csc(N)n2)C(=O)N1S(=O)(=O)O,0
4214,NC(=O)OC[C@H]1[C@@H](NC(=O)/C(=N\OCC(=O)O)c2csc(N)n2)C(=O)N1S(=O)(=O)O,0
4215,CC1(C)S[C@H]2[C@@H](NC(=O)[C@H](NS(=O)(=O)O)c3ccccc3)C(=O)N2[C@H]1C(=O)O,0
4216,O=C(O)C1=C(CSc2nnnn2CS(=O)(=O)O)CS[C@@H]2[C@H](NC(=O)[C@@H](O)c3ccccc3)C(=O)N12,0
4217,O=C(O)C1=C(CN2C=CC(CCS(=O)(=O)O)C=C2)CS[C@H]2[C@H](NC(=O)[C@H](NC(=O)c3nc[nH]c3C(=O)O)c3ccccc3)C(=O)N12,0
4218,CC1=C[C@@H]2[C@@H]([C@@H](O)C[C@]3(C)[C@H]2C[C@@H](C)[C@@]3(O)C(=O)COC(=O)c2cccc(S(=O)(=O)O)c2)[C@]2(C)Cc3cnn(-c4ccccc4)c3C=C12,1
4219,NC(=O)C1C=CN(C[C@H]2CS[C@@H]3[C@@H](NC(=O)[C@H](c4ccccc4)S(=O)(=O)O)C(=O)N3[C@H]2C(=O)O)C=C1,0
4220,CC1(C)S[C@@H]2[C@H](NC(=O)[C@@H](c3ccccc3)S(=O)(=O)O)C(=O)N2[C@@H]1C(=O)O,0
4221,CC(C)NC[C@@H](O)c1ccc(NS(C)(=O)=O)cc1,1
4222,CC1=C(C(=O)O)N2C(=O)[C@@H](NC(=O)[C@H](N)c3cccc(NS(C)(=O)=O)c3)[C@@H]2SC1,0
4223,C=CCN1CCC[C@H]1CNC(=O)c1cc(S(=O)(=O)NC)c(N)cc1OC,1
4224,CC1(C)S[C@H]2[C@@H](NC(=O)[C@@H](NC(=O)Nc3cnc(Nc4ccc(S(N)(=O)=O)cc4)nc3O)c3ccc(O)cc3)C(=O)N2[C@@H]1C(=O)O,0
4225,CC1(C)S[C@@H]2[C@@H](NC(=O)[C@H](NC(=O)c3ccc(-c4ccc(S(=O)(=O)N(CCO)CCO)cc4)[nH]c3=O)c3ccc(O)cc3)C(=O)N2[C@H]1C(=O)O,0
4226,CCCN1C[C@H](NS(=O)(=O)N(CC)CC)C[C@@H]2Cc3c(O)cccc3C[C@@H]21,1
4227,CCN(CC)S(=O)(=O)N[C@@H]1C[C@@H]2c3cccc4[nH]cc(c34)C[C@@H]2N(C)C1,1
4228,CN1C[C@H](NS(=O)(=O)N(C)C)C[C@@H]2c3cccc4c3c(cn4C)C[C@H]21,1
4229,C[C@H](O)[C@@H]1C(=O)N2C(C(=O)O)=C(S[C@@H]3CN[C@H](C(=O)N(C)C)C3)[C@@H](C)[C@H]12,0
4230,C[C@@H]1C(S[C@@H]2CN3C=NCN3C2)=C(C(=O)O)N2C(=O)[C@@H]([C@@H](C)O)[C@H]12,0
4231,CNCC[C@H](O)[C@H]1C[C@@H](SC2=C(C(=O)O)N3C(=O)[C@@H]([C@@H](C)O)[C@H]3[C@@H]2C)CN1,0
4232,CO/N=C(/C(=O)N[C@@H]1C(=O)N2C(C(=O)O)=C(/C=C/Sc3n[nH]c(=O)c(=O)n3CC=O)CS[C@@H]12)c1csc(N)n1,0
4233,Cn1nnnc1SCC1=C(C(=O)O)N2C(=O)[C@H](NC(=O)CS/C=C/C#N)[C@H]2SC1,0
4234,C/C(=C(/CCOP(=O)(O)O)SC(=O)c1ccccc1)N(C=O)Cc1cnc(C)nc1N,1
4235,C/C(=C(/CCOC(=O)c1ccccc1)SC(=O)c1ccccc1)N(C=O)Cc1cnc(C)nc1N,1
4236,C[C@@H]1O[C@H]1P(=O)(O)O,1
4237,NNO,1
4238,C[C@@H](N)Cc1ccc(O)cc1,0
4239,N#CC(=C\c1ccc(O)cc1)/C(C#N)=C/c1ccc(O)cc1,0
4240,C=C1C[C@@H](C)[C@@H]2[C@H]3Cc4ccc(O)cc4[C@@]2(CCN3CC2CCC2)C1,1
4241,Oc1ccc2c(c1)[C@]13CCCC[C@]1(O)[C@H](C2)N(CC1CCC1)CC3,1
4242,Oc1ccc2c(c1)[C@]13CCCC[C@]1(O)[C@H](C2)N(CC1CC1)CC3,1
4243,C=CCN1CC[C@@]23CCCC[C@H]2[C@@H]1Cc1ccc(O)cc13,1
4244,CC[C@@]12CCN(CC3CCC3)[C@H](Cc3ccc(O)cc31)C2(C)C,1
4245,CC[C@@]12CCN(CC3CC3)[C@H](Cc3ccc(O)cc31)C2(C)C,1
4246,C[C@]12CCCCC[C@@H](Cc3ccc(O)cc31)[C@H]2N,1
4247,C[C@@H]1[C@H]2Cc3ccc(O)cc3[C@]1(C)CCN2CCc1ccccc1,1
4248,C[C@@H]1[C@@H]2Cc3ccc(O)cc3[C@]1(C)CCN2CC1CC1,1
4249,CC(C)=CCN1CC[C@@]2(C)c3cc(O)ccc3C[C@H]1[C@H]2C,1
4250,C[C@@H]1[C@@H]2Cc3ccc(O)cc3[C@]1(C)CCN2C,1
4251,CCC[C@]1(c2cccc(O)c2)CCN(C)C[C@H]1C,1
4252,CN1CC[C@]23c4c5ccc(O)c4O[C@H]2[C@@](C)(O)CC[C@@H]3[C@H]1C5,1
4253,CN1CC[C@@]23c4c5ccc(O)c4O[C@@H]2CCC[C@@H]3[C@@H]1C5,1
4254,CC1=CC[C@@H]2N(C)[C@@H]3Cc4ccc(O)c5c4[C@]2(C3)[C@@H]1O5,1
4255,C=C1CC[C@@]2(O)[C@@H]3Cc4ccc(O)c5c4[C@]2(CCN3CC2CC2)[C@@H]1O5,1
4256,CN1C[C@]23C=CC(O)=C[C@@]24C[C@]42CCCC[C@@H]2[C@H]1C3,1
4257,CC[C@H](CO)NCCN[C@H](CC)CO,0
4258,OC[C@H]1O[C@@H](n2cnc3c2N=CNC[C@H]3O)C[C@H]1O,1
4259,OC[C@H]1O[C@H](n2cnc3c2NC=NC[C@@H]3O)C[C@@H]1O,1
4260,OC[C@H]1CC[C@H](n2cnc3c(O)ncnc32)O1,0
4261,OC(c1ccccc1)(c1ccccc1)[C@H]1C[C@@H]1c1ccncc1,1
4262,C[C@H](CN(C)C)CN1c2ccccc2S(=O)(=O)c2ccccc21,1
4263,CN(N=O)C(=O)N[C@@H]1[C@@H](O)[C@H](O)[C@@H](CO)O[C@H]1O,0
4264,CO[C@@H]1CCC[C@@H]2C1=C(C=O)N1C(=O)[C@@H]([C@@H](C)O)[C@@H]21,0
4265,CO[C@@H]1[C@@H](O[C@@H]2O[C@@H](C)[C@H](O[C@H]3C[C@](C)(O)[C@H](O)[C@@H](C)O3)[C@H](N(C)C)[C@H]2O)[C@H](CC=O)C[C@@H](C)[C@H](O)/C=C/C=C\C[C@H](C)OC(=O)C[C@H]1O,0
4266,CO[C@@H]1[C@@H](O[C@H]2O[C@@H](C)[C@@H](O[C@@H]3C[C@@](C)(O)[C@H](O)[C@@H](C)O3)[C@@H](N(C)C)[C@@H]2O)[C@H](CC=O)C[C@@H](C)[C@@H](O[C@@H]2CC[C@@H](N(C)C)[C@H](C)O2)/C=C/C=C/C[C@H](C)OC(=O)C[C@@H]1O,0
4267,CC[C@@H](C)[C@H](NC(=O)[C@H](CCC(=O)O)NC(=O)[C@H](CC(C)C)NC(=O)[C@@H]1CSC([C@H](N)[C@H](C)CC)=N1)C(=O)NCCCC[C@@H]1NC(=O)[C@H](CC(N)=O)NC(=O)[C@H](CC(=O)O)NC(=O)[C@H](Cc2c[nH]cn2)NC(=O)[C@H](Cc2ccccc2)NC(=O)[C@@H]([C@H](C)CC)NC(=O)[C@H](CCCN)NC1=O,0
4268,CC1=C/[C@@H](O)CC(=O)Cc2nc(co2)C(=O)N2CCC=C2C(=O)O[C@@H](C(C)C)[C@H](C)/C=C/C(=O)NC\C=C\1,0
4269,C[C@@]1(c2ccccc2)CC(=O)N(CN2CCOCC2)C1=O,1
4270,O=C1CC2(CCCC2)CC(=O)N1CCNC[C@@H]1COc2ccccc2O1,1
4271,CN(C)CCN1C(=O)C[C@@H](c2ccccc2)Sc2ccccc21,1
4272,O=C1[C@@H]2[C@@H]3CC[C@@H](C3)[C@@H]2C(=O)N1CCCCN1CCN(c2ncccn2)CC1,1
4273,O=C1[C@@H]2[C@H]3C=C[C@H]([C@@H]4C=C[C@@H]43)[C@@H]2C(=O)N1CCCCN1CCN(c2ncccn2)CC1,1
4274,NC[C@H]1CC(=O)N(Cc2ccccc2)C1,1
4275,CCN1C(=O)N[C@@H](c2ccccc2)C1=O,1
4276,Cc1cccc(N2C[C@H](CO)OC2=O)c1,1
4277,Cc1ccccc1-n1c(/C=C\c2ccccn2)nc2ccccc2c1=O,1
4278,O=C1CCC(=O)N1C[C@@H]1CC[C@H]2CN(c3ncccn3)CCN2C1,1
4279,C[C@H](CN1C(=O)c2cccnc2Nc2ccccc21)N(C)C,1
4280,CC[C@@]1(c2ccccc2)C(=O)NC(=O)N(C)C1=O,1
4281,C=CC[C@]1([C@H](C)C#CCC)C(=O)NC(=O)N(C)C1=O,1
4282,CC[C@@]1(c2ccccc2)NC(=O)N(C)C1=O,1
4283,C[C@H](NCCn1cnc2c1c(=O)n(C)c(=O)n2C)[C@@H](O)c1ccccc1,1
4284,C/C=C/C[C@H](C)[C@@H](O)[C@@H]1C(=O)N[C@@H](CC)C(=O)N(C)CC(=O)N(C)[C@H](CC(C)C)C(=O)N[C@@H](C(C)C)C(=O)N(C)[C@H](CC(C)C)C(=O)N[C@@H](C)C(=O)N[C@H](C)C(=O)N(C)[C@H](CC(C)C)C(=O)N(C)[C@H](CC(C)C)C(=O)N(C)[C@@H](C(C)C)C(=O)N1C,0
4285,Nc1ccn([C@@H]2O[C@H](CO)[C@@H](O)[C@H]2O)c(=O)n1,1
4286,C#C[C@]1(O)CC[C@H]2[C@@H]3[C@H](C)CC4=C(CCC(=O)C4)[C@@H]3CC[C@@]21C,1
4287,O=C1NCN(c2ccccc2)C12CCN(C[C@@H]1COc3ccccc3O1)CC2,1
4288,C[C@]12CC[C@H]3[C@@H](CCC4=CC(=O)CC[C@]43C)[C@@H]1CC[C@@H]2O,1
4289,CCCCCCC(C)(C)c1cc(O)c2c(c1)OC(C)(C)[C@H]1CCC(=O)C[C@H]21,1
4290,O=C1CC[C@H]2[C@@H]3Cc4cccc(O)c4[C@]2(CCN3CC2CC2)C1,1
4291,O=C1NC(=O)C(C[C@@H]2CCCCN2)(c2ccccc2)C(=O)N1,1
4292,CCC[C@H](C)C1(CC)C(=O)NC(O)NC1=O,1
4293,C=CC1([C@H](C)CCC)C(=O)NC(=O)NC1=O,1
4294,C=CCC1([C@H](C)CC)C(=O)NC(=O)NC1=O,1
4295,CC[C@@H](C)C1(CC)C(=O)NC(=O)NC1=O,1
4296,CN1CC[C@@]23c4c5ccc(O)c4O[C@@H]2C(=O)CC[C@H]3[C@@H]1C5,1
4297,O=C1CC[C@@]2(O)[C@@H]3Cc4ccc(O)c5c4[C@]2(CCN3CC2CC2)[C@@H]1O5,1
4298,C[C@H]1[C@H]2C(=O)c3ccc(O)cc3[C@@]1(C)CCN2CC1CC1,1
4299,CC(C)C[C@@H]1NC(=O)[C@H](CCCN)NC(=O)[C@H](C(C)C)NC(=O)[C@H]2CCCN2C(=O)[C@H](Cc2ccccc2)NC(=O)[C@@H](CC(C)C)NC(=O)[C@@H](CCCN)NC(=O)[C@H](C(C)C)NC(=O)[C@@H]2CCCN2C(=O)[C@H](Cc2ccccc2)NC1=O,0
4300,CCC1(CC)C(=O)NC[C@@H](C)C1=O,1
4301,CC1(C)NC(=O)[C@H](/C=C/c2ccccc2)O1,1
4302,CN1CC[C@@]23c4c5ccc(O)c4O[C@@]2(C)C(=O)CC[C@H]3[C@@H]1C5,1
4303,CC1(C)[C@H]2CC[C@]1(C)C(=O)C2,1
4304,CC[C@@]1(c2ccccc2)NCC(=O)NC1=O,1
4305,CC[C@@]1(c2ccccc2)CCC(=O)NC1=O,1
4306,C=CCN1CC[C@]23c4c5ccc(O)c4O[C@H]2C(=O)CC[C@]3(O)[C@H]1C5,1
4307,CC(C)=CCN1CC[C@]23c4c5ccc(O)c4O[C@H]2C(=O)CC[C@]3(O)[C@H]1C5,1
4308,CN1CC[C@]23c4c5ccc(O)c4O[C@H]2C(=O)CC[C@]3(O)[C@H]1C5,1
4309,CCCCCN[C@]12C=CC(=O)[C@@H]3Oc4c(O)ccc5c4[C@@]31CCN(C)[C@@H]2C5,1
4310,O=C1CC[C@H](N2C(=O)c3ccccc3C2=O)C(=O)N1,1
4311,O=C1CC[C@H](N2C(=O)[C@@H]3[C@H]4CC[C@H](C4)[C@@H]3C2=O)C(=O)N1,1
4312,C#[S@]1(C[C@H]2O[C@H](n3cnc4c3NC=N[C@@H]4N)[C@@H](O)[C@@H]2O)CC[C@H](N)C(=O)O1,1
4313,CCc1c(C)[nH]c2c1C(=O)[C@@H](CN1CCOCC1)CC2,1
4314,CC[C@@H]1NC(=O)[C@H]2CCCN2C(=O)[C@@H](Cc2ccccc2)NC(=O)[C@H](CC(C)C)NC(=O)[C@@H](CCCN)NC(=O)[C@H](C(C)C)NC(=O)[C@@H]2CCCN2C(=O)[C@@H](Cc2ccccc2)NC(=O)[C@@H](CC(C)C)NC(=O)[C@H](CCCN)NC1=O,0
4315,CC[C@@H]1C(=O)NC(=O)[C@]1(C)c1ccccc1,1
4316,O=C1NCCN[C@@H]1c1cccs1,1
4317,CCNC1=NC(=O)[C@@H](c2ccccc2)O1,1
4318,O=C1N=C(NC2CC2)O[C@@H]1c1ccccc1,1
4319,NC1=NC(=O)[C@@H](c2ccccc2)O1,1
4320,CN(C)C1=NC(=O)[C@@H](c2ccccc2)O1,1
4321,CC(C)[C@@H]1NC(=O)[C@@H](C(C)C)OC(=O)[C@@H](C(C)C)NC(=O)[C@@H](C)OC(=O)[C@@H](C(C)C)NC(=O)[C@@H](C)COC(=O)[C@@H](C(C)C)NC(=O)[C@@H](C)OC(=O)[C@H](C(C)C)NC(=O)[C@@H](C)COC(=O)[C@@H](C(C)C)NC(=O)[C@H](C)OC1=O,0
4322,CCCC[C@@H]1CC(=O)[C@@]2(O)O[C@@H]3[C@@H](NC)[C@H](O)[C@@H](NC)[C@H](O)[C@H]3O[C@@H]2O1,0
4323,CC[C@]1(C)CC(=O)NC1=O,1
4324,C=CC[C@]1([C@H](C)C#CCC)C(=O)N[C@H](O)N(C)[C@H]1O,1
4325,COCOC(=O)[C@@H]1N2C(=O)[C@H](N3C(=O)[C@@H](c4ccc(O)cc4)NC3(C)C)[C@@H]2SC1(C)C,0
4326,CC(C)(C)C(=O)OCOC(=O)[C@H]1N2C(=O)[C@H](/N=C/N3CCCCCC3)[C@@H]2SC1(C)C,0
4327,CCN(CC)CCOC(=O)[C@H]1N2C(=O)[C@H](NC(=O)c3c(OC)cccc3OC)[C@@H]2SC1(C)C,0
4328,CCCOC(=O)N1CCN(C(=O)Cc2ccc(Cl)c(Cl)c2)[C@H](CN2CCCC2)C1,1
4329,CCCOC(=O)c1cncn1[C@@H](C)c1ccccc1,1
4330,CC(C)C(=O)OCc1cccc(OC(=O)[C@@H]2N3C(=O)[C@H](NC(=O)Cc4ccccc4)[C@@H]3SC2(C)C)c1,0
4331,CC/C=C(/C(=O)N[C@H]1C(=O)N2C(C(=O)O)=C(COC(N)=O)CS[C@H]12)c1csc(N)n1,0
4332,CO[C@]1(NC(=O)Cc2cccs2)C(=O)N2C(C(=O)O)=C(COC(N)=O)CS[C@@H]21,0
4333,C[C@H](O)[C@@H]1C(=O)N2C(C(=O)O)=C(COC(N)=O)S[C@@H]12,0
4334,CC(=O)O[C@@H]1C[C@@H]2C(COC(=O)CC(C)C)=CO[C@@H](OC(=O)CC(C)C)[C@H]2[C@@]12CO2,1
4335,CCOC(=O)O[C@@]1(C(=O)COC(=O)CC)CC[C@@H]2[C@H]3CCC4=CC(=O)C=C[C@]4(C)[C@@H]3[C@H](O)C[C@@]21C,1
4336,CCOC(=O)O[C@@H]1[C@@H](O[C@@H]2[C@@H](C)[C@@H](O[C@H]3C[C@@](C)(OC)[C@@H](O)[C@H](C)O3)[C@H](C)C(=O)O[C@H](CC)[C@@](C)(O)[C@H](O)[C@@H](C)C(=O)[C@H](C)C[C@]2(C)O)O[C@@H](C)C[C@H]1N(C)C,0
4337,CCOC(=O)CCC(=O)O[C@H]1[C@H](O[C@@H]2[C@H](C)[C@H](O[C@@H]3C[C@](C)(OC)[C@H](O)[C@@H](C)O3)[C@@H](C)C(=O)O[C@@H](CC)[C@](C)(O)[C@@H](O)[C@@H](C)C(=O)[C@H](C)C[C@@]2(C)O)O[C@H](C)C[C@@H]1N(C)C,0
4338,CCOC(=O)c1cncn1[C@@H](C)c1ccccc1,1
4339,CCOC(=O)[C@@]1(c2ccccc2)CCC=C[C@H]1N(C)C,1
4340,CC(=O)OCC(CCn1cnc2c1NC(N)=NC2)COC(C)=O,1
4341,CCOC(OCC)C(=O)OCC(=O)[C@@]1(O)Cc2c(O)c3c(c(O)c2[C@@H](O[C@@H]2C[C@@H](N)[C@H](O)[C@@H](C)O2)C1)C(=O)c1c(OC)cccc1C3=O,0
4342,CC(=O)OCC(=O)[C@]1(O)[C@H](C)C[C@H]2[C@@H]3C=C(C)C4=Cc5c(cnn5-c5ccccc5)C[C@@]4(C)[C@@H]3[C@@H](O)C[C@]21C,1
4343,CCN(CC)CC(=O)OCC(=O)[C@@]1(O)CC[C@H]2[C@@H]3CCC4=CC(=O)C=C[C@@]4(C)[C@H]3[C@H](O)C[C@@]21C,1
4344,CC(=O)OCC(=O)[C@@]1(O)CC[C@@H]2[C@H]3CCC4=CC(=O)CC[C@@]4(C)[C@@H]3C(=O)C[C@@]21C,1
4345,C[C@]12C[C@@H](O)[C@@H]3[C@H](CCC4=CC(=O)C=C[C@]43C)[C@H]1CC[C@]2(O)C(=O)COC(=O)CCC(=O)O,1
4346,CC(C)(C)CC(=O)OCC(=O)[C@@]1(O)CC[C@@H]2[C@H]3CCC4=CC(=O)C=C[C@@]4(C)[C@@H]3[C@H](O)C[C@@]21C,1
4347,CC(=O)OCC(=O)[C@@]1(O)CC[C@@H]2[C@H]3CCC4=CC(=O)C=C[C@@]4(C)[C@@H]3[C@H](O)C[C@@]21C,1
4348,CC(=O)OCC(=O)[C@@]1(O)CC[C@@H]2[C@H]3C[C@@H](C)C4=CC(=O)C=C[C@@]4(C)[C@@H]3[C@H](O)C[C@@]21C,1
4349,C[C@]12C[C@H](O)[C@@H]3[C@H](CCC4=CC(=O)CC[C@]43C)[C@H]1CC[C@]2(O)C(=O)COC(=O)CCC1CCCC1,1
4350,CC(=O)OCC(=O)[C@]12N=C(C)O[C@H]1C[C@H]1[C@@H]3CCC4=CC(=O)C=C[C@]4(C)[C@H]3[C@@H](O)C[C@]12C,1
4351,CC(C)C(=O)OCC(=O)[C@]12O[C@H](C3CCCCC3)O[C@@H]1C[C@@H]1[C@H]3CCC4=CC(=O)C=C[C@@]4(C)[C@H]3[C@@H](O)C[C@]12C,1
4352,C[C@]12CCC(=O)C=C1CC[C@@H]1[C@@H]2[C@H](O)C[C@]2(C)[C@H]1CC[C@@]2(O)C(=O)COC(=O)CCC(=O)O,1
4353,CC(=O)OCC(=O)[C@]1(O)CC[C@H]2[C@@H]3CCC4=CC(=O)CC[C@]4(C)[C@H]3[C@H](O)C[C@]21C,1
4354,C[C@H]1C[C@@H]2[C@H]([C@@H](O)C[C@]3(C)[C@H]2CC[C@@]3(O)C(=O)COC(=O)CCC(=O)O)[C@@]2(C)C=CC(=O)C=C12,1
4355,CCN(CC)CC(=O)OCC(=O)[C@]1(O)CC[C@H]2[C@@H]3CCC4=CC(=O)CC[C@@]4(C)[C@H]3[C@@H](O)C[C@]21C,1
4356,CCCCCCCCCCCCCCCCCC(=O)OCC(=O)OCC(=O)[C@]1(O)CC[C@H]2[C@@H]3CCC4=CC(=O)C=C[C@@]4(C)[C@H]3[C@@H](O)C[C@]21C,1
4357,CC1(C)S[C@@H]2[C@@H](NC(=O)[C@@H](C(=O)Oc3ccccc3)c3ccccc3)C(=O)N2[C@H]1C(=O)O,0
4358,CC1(C)S[C@H]2[C@H](NC(=O)[C@@H](C(=O)Oc3ccc4c(c3)CCC4)c3ccccc3)C(=O)N2[C@@H]1C(=O)O,0
4359,CNC(=O)Oc1ccc2c(c1)[C@@]1(C)CCN(C)[C@H]1N2C,1
4360,CCCCC[C@@H](C)[C@@H](C)c1cc(OC(=O)CCCN2CCCCCC2)c2c(c1)OC(C)(C)C1=C2C[C@@H](C)CC1,1
4361,CN1[C@@H]2CC[C@H]1CC(OC(=O)[C@H](CO)c1ccccc1)C2,1
4362,CN1[C@@H]2CC[C@H]1CC(OC(=O)[C@@H](O)c1ccccc1)C2,1
4363,CN1[C@@H]2CC[C@H]1CC(OC(=O)[C@](C)(CO)c1ccccc1)C2,1
4364,C[N+]1([O-])[C@@H]2CC[C@H]1CC(OC(=O)[C@@H](CO)c1ccccc1)C2,1
4365,COc1ccc2c3c1O[C@@H]1C(OC(C)=O)=CC[C@H]4[C@H](C2)N(C)CC[C@@]314,1
4366,CO[C@]12[C@H](COC(N)=O)C3=C(C(=O)C(C)=C(N)C3=O)N1C[C@@H]1N[C@@H]12,0
4367,CC[C@@H](C)[C@](C)(COC(N)=O)COC(=O)NC(C)C,1
4368,CCCCCCCCC[C@@]1(C)OC[C@H](COC(N)=O)O1,1
4369,CC[C@](O)(COC(N)=O)c1ccccc1,1
4370,CCCCNC(=O)OC[C@](C)(CCC)COC(N)=O,1
4371,COC(=O)[C@@H]1[C@H]2C[C@@H]3c4[nH]c5ccccc5c4CCN3C[C@@H]2C[C@H](OC(=O)c2cc(OC)c(OC)c(OC)c2)[C@H]1OC,1
4372,CC[C@@]1(O)C[C@H](O[C@@H]2C[C@H](N(C)C)[C@@H](O[C@@H]3C[C@H](O)[C@H](O[C@@H]4CCC(=O)[C@H](C)O4)[C@H](C)O3)[C@@H](C)O2)c2c(cc3c(c2O)C(=O)c2c(O)cccc2C3=O)[C@H]1C(=O)OC,0
4373,COC(=O)[C@@H](c1ccccc1)[C@@H]1CCCCN1,1
4374,COC(=O)[C@H]1[C@@H]2C[C@@H]3c4[nH]c5cc(OC)ccc5c4CCN3C[C@H]2C[C@@H](OC)[C@@H]1OC,1
4375,CC(=O)O[C@]12CO[C@H]1C[C@H](O)[C@]1(C)C(=O)[C@H](O)[C@H]3[C@@H](C)[C@@H](OC(=O)[C@H](O)[C@H](NC(=O)OC(C)(C)C)c4ccccc4)C[C@@](O)([C@@H](OC(=O)c4ccccc4)[C@H]21)C3(C)C,0
4376,CC(=O)OCC1=CO[C@H](OC(=O)CC(C)(C)OC(C)=O)[C@H]2C1=C[C@H](OC(=O)CC(C)C)[C@@]21CO1,1
4377,CC(=O)OCC1=CO[C@H](OC(=O)CC(C)C)[C@@H]2C1=C[C@@H](OC(=O)CC(C)C)[C@]21CO1,1
4378,CNC(=O)O[C@H]1OC(=O)[C@@H]2[C@H]1[C@H]1C=C[C@@H]2C1,1
4379,CC(=O)[C@@H]1CC[C@@H]2[C@@H]3CC=C4C[C@H](OC(=O)CCC(=O)O)CC[C@]4(C)[C@@H]3CC[C@]21C,1
4380,O=C(O[C@@H]1CN2CCC1CC2)c1ccccc1,1
4381,C[C@@H]1C[C@H](OC(=O)[C@@H]2CCC(=O)N2)CC(C)(C)C1,1
4382,CCC(=O)O[C@H]1[C@H](O[C@H]2[C@H](C)[C@H](O[C@@H]3C[C@](C)(OC)[C@H](O)[C@@H](C)O3)[C@@H](C)C(=O)O[C@@H](CC)[C@](C)(O)[C@@H](O)[C@H](C)C(=O)[C@@H](C)C[C@@]2(C)O)O[C@H](C)C[C@@H]1N(C)C,0
4383,CO[C@@H]1C[C@H](O[C@@H]2[C@@H](C)[C@H](O[C@@H]3O[C@@H](C)C[C@H](N(C)C)[C@H]3OC(C)=O)[C@H](C)C[C@@]3(CO3)C(=O)[C@@H](C)[C@@H](OC(C)=O)[C@H](C)[C@@H](C)OC(=O)[C@@H]2C)O[C@H](C)[C@H]1OC(C)=O,0
4384,CCN(CC)C(=O)[C@@H]1CN2CCc3cc(OC)c(OC)cc3[C@@H]2C[C@H]1OC(C)=O,1
4385,CCCCCCCCCCCCCC(=O)O[C@@H]1C=C[C@@H]2[C@H]3Cc4ccc(OCc5ccccc5)c5c4[C@@]2(CCN3C)[C@H]1O5,1
4386,COc1ccc2c3c1O[C@H]1[C@H](OC(=O)c4cccnc4)CC[C@@H]4[C@@H](C2)N(C)CC[C@@]341,1
4387,CN1CC[C@]23c4c5ccc(OC(=O)c6cccnc6)c4O[C@H]2[C@H](OC(=O)c2cccnc2)C=C[C@H]3[C@H]1C5,1
4388,CC(=O)Oc1ccc2c3c1O[C@H]1[C@H](OC(C)=O)C=C[C@H]4[C@@H](C2)N(C)CC[C@@]341,1
4389,CCC(C)(C)C(=O)O[C@@H]1C[C@H](C)C=C2C=C[C@@H](C)[C@H](CC[C@@H]3C[C@H](O)CC(=O)O3)[C@H]21,1
4390,CO[C@H]1[C@H](O[C@@H]2O[C@H](C)[C@H](O[C@@H]3C[C@@](C)(O)[C@@H](OC(=O)CC(C)C)[C@@H](C)O3)[C@@H](N(C)C)[C@H]2O)[C@@H](CC=O)C[C@@H](C)[C@@H](O)/C=C\C=C\C[C@H](C)OC(=O)C[C@@H]1OC(C)=O,0
4391,CC(=O)O[C@H]1C(=O)[C@]2(C)[C@H](O)C[C@H]3OC[C@]3(OC(C)=O)[C@H]2[C@H](OC(=O)c2ccccc2)[C@@]2(O)C[C@@H](OC(=O)[C@@H](O)[C@@H](NC(=O)c3ccccc3)c3ccccc3)[C@@H](C)[C@@H]1C2(C)C,0
4392,CO[C@@H]1/C=C/O[C@]2(C)Oc3c(C)c(O)c4c(c3C2=O)C2=C(NC3(CCN(CC(C)C)CC3)N2)[C@@H](NC(=O)/C(C)=C/C=C/[C@@H](C)[C@@H](O)[C@@H](C)[C@@H](O)[C@H](C)[C@H](OC(C)=O)[C@@H]1C)C4=O,0
4393,CO[C@H]1/C=C/O[C@@]2(C)Oc3c(C)c(O)c4c(O)c(c(/C=N/N5CCN(C)CC5)c(O)c4c3C2=O)NC(=O)/C(C)=C\C=C/[C@@H](C)[C@@H](O)[C@H](C)[C@@H](O)[C@H](C)[C@H](OC(C)=O)[C@@H]1C,0
4394,CO[C@@H]1/C=C/O[C@@]2(C)Oc3c(C)c(O)c4c(O)c(c(/C=N/N5CCN(C6CCCC6)CC5)c(O)c4c3C2=O)NC(=O)/C(C)=C\C=C/[C@@H](C)[C@H](O)[C@H](C)[C@@H](O)[C@H](C)[C@H](OC(C)=O)[C@@H]1C,0
4395,CO[C@H]1/C=C/O[C@@]2(C)Oc3c(C)c(O)c4c(O)c(cc(O)c4c3C2=O)NC(=O)/C(C)=C\C=C/[C@H](C)[C@H](O)[C@@H](C)[C@H](O)[C@H](C)[C@H](OC(C)=O)[C@@H]1C,0
4396,CCN(CC)/C(C)=N/N=C/c1c2c(O)c3c(O)c(C)c4c(c3c1O)C(=O)[C@@](C)(O/C=C/[C@@H](OC)[C@@H](C)[C@@H](OC(C)=O)[C@@H](C)[C@@H](O)[C@H](C)[C@@H](O)[C@@H](C)/C=C/C=C(\C)C(=O)N2)O4,0
4397,CCCC(=O)O[C@@]1(C(=O)COC(=O)CC)CC[C@@H]2[C@H]3CCC4=CC(=O)CC[C@]4(C)[C@@H]3[C@@H](O)C[C@]21C,1
4398,CCC(=O)O[C@@]1(C(=O)COC(C)=O)CC[C@@H]2[C@H]3C[C@@H](C)C4=CC(=O)C=C[C@@]4(C)[C@H]3[C@@H](O)C[C@]21C,1
4399,CCCC(=O)O[C@@]1(C(=O)COC(C)=O)CC[C@@H]2[C@H]3C[C@@H](C)C4=CC(=O)CC[C@@]4(C)[C@@H]3[C@@H](O)C[C@]21C,1
4400,CCCC(=O)O[C@@]1(C(=O)CO)CC[C@@H]2[C@H]3CCC4=CC(=O)CC[C@@]4(C)[C@H]3[C@@H](O)C[C@]21C,1
4401,CCCCC(=O)O[C@@]1(C(=O)CO)CC[C@@H]2[C@H]3CCC4=CC(=O)CC[C@@]4(C)[C@@H]3[C@@H](O)C[C@]21C,1
4402,CCCC(=O)O[C@@]1(C(C)=O)CCC[C@@H]2[C@H]3CCC4=CC(=O)C=C[C@@]4(C)[C@@H]3[C@@H](O)C[C@]21C,1
4403,CCC(=O)O[C@](Cc1ccccc1)(c1ccccc1)[C@@H](C)CN(C)C,1
4404,C=CCN1CC[C@@]23c4c5ccc(OC(C)=O)c4O[C@@H]2[C@@H](OC(C)=O)C=C[C@@H]3[C@@H]1C5,1
4405,CC[C@@H](C)C(=O)O[C@H]1CCC=C2C=C[C@H](C)[C@@H](CC[C@@H]3C[C@H](O)CC(=O)O3)[C@@H]21,1
4406,CCN(CC)c1nc2c(s1)c1c(O)c3c(O)c(C)c4c(c32)C(=O)[C@](C)(O/C=C/[C@H](OC)[C@H](C)[C@H](OC(C)=O)[C@H](C)[C@H](O)[C@@H](C)[C@@H](O)[C@H](C)/C=C/C=C(/C)C(=O)N1)O4,0
4407,CCC(=O)O[C@@H]1[C@H](C)[C@H](C)OC(=O)[C@@H](C)[C@@H](O[C@@H]2C[C@@H](OC)[C@H](OC(=O)CC)[C@H](C)O2)[C@@H](C)[C@@H](O[C@@H]2O[C@@H](C)C[C@H](N(C)C)[C@H]2O)[C@H](C)C[C@@]2(CO2)C(=O)[C@H]1C,0
4408,COc1ccc2c3c([nH]c2c1)[C@H]1C[C@@H]2[C@H](C[C@@H](OC(=O)c4cc(OC)c(OC)c(OC)c4)[C@H](OC)[C@H]2OC(C)=O)CN1CC3,1
4409,CO[C@H]1[C@H](OC(N)=O)[C@@H](O)[C@@H](Oc2ccc3c(O)c(NC(=O)c4ccc(O)c(CC=C(C)C)c4)c(=O)oc3c2C)OC1(C)C,0
4410,CCC(=O)O[C@@H]1[C@@H](C)O[C@H](O[C@H]2[C@H](N(C)C)[C@@H](O)[C@@H](O[C@H]3[C@H](CC=O)C[C@H](C)[C@H](O)/C=C\C=C\C[C@@H](C)OC(=O)C[C@@H](OC(=O)CC)[C@@H]3OC)O[C@H]2C)C[C@@]1(C)O,0
4411,CO[C@@H]1/C=C\O[C@]2(C)Oc3c(C)c(O)c4c(O)c(c5c(nc6cc(C)ccn65)c4c3C2=O)NC(=O)/C(C)=C/C=C/[C@@H](C)[C@H](O)[C@@H](C)[C@@H](O)[C@H](C)[C@@H](OC(C)=O)[C@@H]1C,0
4412,CC[C@@]1(O)C[C@H]2C[N@@](CCc3c([nH]c4ccccc34)[C@](C(=O)OC)(c3cc4c(cc3OC)N(C=O)[C@H]3[C@](O)(C(=O)OC)[C@@H](OC(C)=O)[C@@]5(CC)C=CCN6CC[C@]43[C@H]65)C2)C1,0
4413,CC[C@@]1(O)C[C@H]2C[N@@](CCc3c([nH]c4ccccc34)[C@](C(=O)OC)(c3cc4c(cc3OC)N(C)[C@H]3[C@](O)(C(=O)OC)[C@@H](OC(C)=O)[C@@]5(CC)C=CCN6CC[C@]43[C@H]65)C2)C1,0
4414,CCC(=O)O[C@]1(C(=O)COC(C)=O)CC[C@H]2[C@@H]3CCC4=CC(=O)CC[C@]4(C)[C@@H]3[C@H](O)C[C@@]21C,1
4415,CCCCC(=O)O[C@]1(C(=O)CO)CC[C@H]2[C@@H]3CCC4=CC(=O)C=C[C@]4(C)[C@H]3[C@H](O)C[C@]21C,1
4416,CCC(=O)O[C@@]1(c2ccccc2)CCN(C)C[C@@H]1C,1
4417,O=C(O)CCCC[C@H]1SC[C@H]2NC(=O)N[C@@H]21,1
4418,C[C@H](O)[C@@H]1C(=O)N2C(C(=O)O)=C([C@@H]3CCCO3)S[C@H]12,0
4419,CC(C)(C(=O)O)c1ccc([C@@H](O)CCCN2CCC(C(O)(c3ccccc3)c3ccccc3)CC2)cc1,0
4420,O=C(c1ccccc1)c1ccc2n1CC[C@H]2C(=O)O,0
4421,CCOc1ccc2ccccc2c1C(=O)N[C@@H]1C(=O)N2[C@@H](C(=O)O)C(C)(C)S[C@@H]12,0
4422,Cc1onc(-c2ccccc2)c1C(=O)N[C@@H]1C(=O)N2[C@@H](C(=O)O)C(C)(C)S[C@@H]12,0
4423,CC1(C)S[C@H]2[C@@H](N3C(=O)[C@H](c4ccccc4)NC3(C)C)C(=O)N2[C@H]1C(=O)O,0
4424,CC1(C)S[C@H]2[C@@H](N3C(=O)[C@@H](c4ccc(O)cc4)NC3(C)C)C(=O)N2[C@H]1C(=O)O,0
4425,CCOc1ccc2ccccc2c1C(=O)N[C@H]1C(=O)N2[C@@H]1SC(C)(C)[C@@H]2C(=O)O,0
4426,CC1(C)S[C@@H]2[C@@H](/N=C/N3CCCCCC3)C(=O)N2[C@H]1C(=O)O,0
4427,C[C@H]1C[C@@H]2CCC[C@](N3CC[C@H]3C(=O)O)(C1)C2,1
4428,C[C@@H]1[C@H](O)[C@@H](C)/C=C/C=C/C=C/C=C/C=C\C=C\C=C\[C@H](O[C@H]2O[C@@H](C)[C@H](O)[C@@H](N)[C@@H]2O)C[C@H]2O[C@@](O)(C[C@H](O)C[C@H](O)[C@H](O)CC[C@H](O)C[C@@H](O)CC(=O)O[C@@H]1C)C[C@@H](O)[C@@H]2C(=O)O,0
4429,C[C@H]1[C@H](O)[C@@H](C)/C=C/C=C/C=C\C=C\C=C\C=C\C=C/[C@@H](O[C@@H]2O[C@@H](C)[C@@H](O)[C@H](N)[C@H]2O)C[C@@H]2O[C@](O)(C[C@H](O)[C@@H]2C(=O)O)C[C@H](O)[C@@H](O)CC[C@@H](O)C[C@@H](O)C[C@H](O)CC(=O)O[C@@H]1C,0
4430,C[C@H]1C[C@@H]2[C@@H]([C@H](O)C[C@@]3(C)[C@H](C(=O)O)CC[C@@H]23)[C@@]2(C)CCC(=O)C=C12,1
4431,CN(Cc1cnc2nc(N)nc(N)c2n1)c1ccc(C(=O)N[C@H](CCC(=O)O)C(=O)O)cc1,0
4432,CN(C)[C@@H]1C(O)=C(C(=O)N[C@@H](C(=O)O)N2CCN(CCO)CC2)C(=O)[C@]2(O)C(O)=C3C(=O)c4c(O)cccc4[C@@](C)(O)[C@H]3C[C@@H]12,0
4433,CC(=O)N[C@H](CCC(N)=O)C(=O)O,1
4434,CC1(C)S[C@@H]2[C@@H](NC(=O)CCC[C@@H](N)C(=O)O)C(=O)N2[C@@H]1C(=O)O,0
4435,N[C@H](Cc1ccc(O)c(O)c1)C(=O)O,0
4436,CC1(C)S[C@@H]2[C@@H](NC(=O)[C@@H](C(=O)O)c3ccsc3)C(=O)N2[C@H]1C(=O)O,1
4437,CC1(C)S[C@@H]2[C@@H](NC(=O)[C@@H](C(=O)O)c3ccccc3)C(=O)N2[C@H]1C(=O)O,0
4438,CO[C@]1(NC(=O)[C@@H](C(=O)O)c2ccsc2)C(=O)N2[C@H](C(=O)O)C(C)(C)S[C@@H]21,0
4439,CN(C)[C@@H]1C(O)=C(C(=O)NCN2CCC[C@H](C(=O)O)C2)C(=O)[C@@]2(O)C(O)=C3C(=O)c4c(O)cccc4[C@](C)(O)[C@H]3C[C@@H]12,0
4440,CC1(C)S[C@@H]2[C@H](NC(=O)c3nc4ccccc4nc3C(=O)O)C(=O)N2[C@@H]1C(=O)O,0
4441,CC1(C)S[C@@H]2[C@@H](NC(=O)C3(N)CCCCC3)C(=O)N2[C@@H]1C(=O)O,0
4442,C[C@@]1(Cn2ccnn2)[C@@H](C(=O)O)N2C(=O)C[C@@H]2S1(=O)=O,0
4443,CN(C)[C@@H]1C(O)=C(C(=O)NCNCCCC[C@H](N)C(=O)O)C(=O)[C@]2(O)C(O)=C3C(=O)c4c(O)cccc4[C@@](C)(O)[C@H]3C[C@@H]12,0
4444,CC1(C)S[C@@H]2[C@@H](NC(=O)[C@H](C(=O)O)c3ccsc3)C(=O)N2[C@@H]1C(=O)O,0
4445,CC(=O)O[C@H]1C[C@@]2(C)[C@H](C[C@H](O)[C@@H]3[C@]4(C)CC[C@H](O)[C@@H](C)[C@@H]4CC[C@@]32C)/C1=C(\CCC=C(C)C)C(=O)O,0
4446,C[C@H](NNC(=O)c1ccccc1)c1ccccc1,1
4447,CN(C)[C@@H]1C(O)=C(C(=O)NCN2CCN(CCO)CC2)C(=O)[C@]2(O)C(O)=C3C(=O)c4c(O)cccc4[C@](C)(O)[C@@H]3C[C@H]12,0
4448,CN(C)[C@H]1C(O)=C(C(=O)NCN2CCCC2)C(=O)[C@]2(O)C(O)=C3C(=O)c4c(O)cccc4[C@](C)(O)[C@@H]3C[C@H]12,0
4449,CN(CCN(C)CNC(=O)C1=C(O)[C@@H](N(C)C)[C@@H]2C[C@H]3C(=C(O)[C@@]2(O)C1=O)C(=O)c1c(O)cccc1[C@]3(C)O)CNC(=O)C1=C(O)[C@@H](N(C)C)[C@H]2C[C@@H]3C(=C(O)[C@@]2(O)C1=O)C(=O)c1c(O)cccc1[C@]3(C)O,0
4450,CC[C@H](NC(=O)c1c(OCCNC(=O)[C@H]2CCCN2)c(-c2ccccc2)nc2ccccc12)c1ccccc1,0
4451,CC[C@@H](C)[C@@H](N)[C@@H]1N[C@H](C(=O)N[C@@H](CC(C)C)C(=O)N[C@H](CCC(=O)O)C(=O)N[C@H](C(=O)NCCCC[C@@H]2NC(=O)[C@H](CC(N)=O)NC(=O)[C@@H](CC(=O)O)NC(=O)[C@H](Cc3c[nH]cn3)NC(=O)[C@@H](Cc3ccccc3)NC(=O)[C@H]([C@@H](C)CC)NC(=O)[C@@H](CCCN)NC2=O)[C@@H](C)CC)CS1,0
4452,CCCNC(=O)N1C[C@@H](c2ccccc2)OC1=O,1
4453,CO/N=C(/C(=O)N[C@H]1C(=O)N2C(C(=O)OCOC(=O)C(C)(C)C)=CCS[C@H]12)c1csc(NC(=O)[C@@H](C)N)n1,0
4454,C[C@H](Cc1ccccc1)N1C=C(NC(=O)Nc2ccccc2)ON1,1
4455,CC(C)n1cc2c3c(cccc31)[C@@H]1C[C@H](C(=O)NC3CCCCC3)CN(C)[C@@H]1C2,1
4456,CC(C)(C)NC[C@@H](O)c1ccc(O)c(NC(N)=O)c1,0
4457,CCCC[C@H](CC)CNC(=O)C[C@@H](C)O,1
4458,CCN1CCC[C@@H]1CNC(=O)c1cc(C(C)=O)ccc1OC,1
4459,C/C=C/C=C/[C@H]1O[C@@](O)([C@@H](CC)C(=O)NC/C=C/C=C(\C)[C@@H](OC)[C@@H](C)[C@H]2O[C@@H](/C=C/C=C/C=C(\C)C(=O)c3c(O)ccn(C)c3=O)[C@@H](O)[C@@H]2O)[C@H](O)[C@@H](O[C@H]2O[C@H](C)[C@H](O[C@H]3O[C@@H](C)[C@H](OC)[C@@H](O)[C@@H]3OC)[C@@H](OC)[C@@H]2O)C1(C)C,0
4460,CC[C@@H](C)[C@H](CC)C(=O)NC(N)=O,1
4461,CC[C@H](C(=O)NC(N)=O)c1ccccc1,1
4462,O=C1CC[C@@H](C(=O)N2CCCCC2)N1,1
4463,O=C(C1CCCCC1)N1CC(=O)N2CCc3ccccc3[C@H]2C1,1
4464,CC[C@@]1(c2ccccc2)C(=O)NC(=O)N(C(=O)c2ccccc2)C1=O,1
4465,COC1=C(C(=O)O)N2C(=O)[C@H](NC(=O)[C@H](N)C3C=CCC=C3)[C@H]2SC1,0
4466,CC(=O)OCC1=C(C(=O)O)N2C(=O)[C@H](NC(=O)Cc3cccs3)[C@H]2SC1,0
4467,CC(=O)OCC1=C(C(=O)O)N2C(=O)[C@H](NC(=O)Cc3ccccc3)[C@H]2SC1,0
4468,CC(=O)OCC1=C(C(=O)O)N2C(=O)[C@H](NC(=O)CC#N)[C@H]2SC1,0
4469,CC(=O)OCC1=C(C(=O)O)N2C(=O)[C@H](NC(=O)[C@@H](N)c3ccccc3)[C@H]2SC1,0
4470,CO/N=C(/C(=O)N[C@H]1C(=O)N2C(C(=O)O)=C(COC(C)=O)CS[C@H]12)c1ccco1,0
4471,CO/N=C(/C(=O)N[C@H]1C(=O)N2C(C(=O)O)=C(CN3CC=C(N)N3CCO)CS[C@@H]12)c1csc(N)n1,0
4472,CO/N=C(/C(=O)N[C@H]1C(=O)N2C(C(=O)O)=C(CN3C=CCC4=C3CCCC4)CS[C@H]12)c1csc(N)n1,0
4473,NC(=O)C1C=CN(CC2=C(C(=O)O)N3C(=O)[C@H](NC(=O)Cc4cccs4)[C@H]3SC2)C=C1,0
4474,C=CC1=C(C(=O)O)N2C(=O)[C@H](NC(=O)/C(=N/OCC(=O)O)c3csc(N)n3)[C@H]2SC1,0
4475,CC1=C(C(=O)O)N2C(=O)[C@H](NC(=O)Cc3ccc(C4=NCCCN4)cc3)[C@H]2SC1,0
4476,CC1=C(C(=O)O)N2C(=O)[C@H](NC(=O)[C@@H](N)c3ccc(O)cc3)[C@H]2SC1,0
4477,CO/N=C(/C(=O)N[C@H]1C(=O)N2C(C(=O)O)=C(/C=C/c3scnc3C)CS[C@@H]12)c1csc(N)n1,0
4478,CC1(C)S[C@@H]2[C@@H](NC(=O)[C@H](N)c3ccccc3)C(=O)N2[C@@H]1C(=O)O[C@@H]1OC(=O)c2ccccc21,0
4479,C=N[C@@H](C(=O)N[C@H]1C(=O)N2[C@@H]1SC(C)(C)[C@H]2C(=O)O)c1ccccc1,0
4480,CC1(C)S[C@@H]2[C@@H](NC(=O)[C@@H](/N=C/c3ccco3)c3ccc(O)cc3)C(=O)N2[C@@H]1C(=O)O,0
4481,CC(C)(C)C(=O)OCOC(=O)[C@@H]1N2C(=O)[C@H](NC(=O)[C@H](N)c3ccccc3)[C@@H]2SC1(C)C,0
4482,CC1(C)S[C@H]2[C@@H](NC(=O)[C@H](N)c3ccccc3)C(=O)N2[C@H]1C(=O)OCOC(=O)[C@@H]1N2C(=O)C[C@@H]2S(=O)(=O)C1(C)C,0
4483,CC1(C)S[C@@H]2[C@@H](NC(=O)COc3ccccc3)C(=O)N2[C@H]1C(=O)O,0
4484,CC1(C)S[C@@H]2[C@@H](NC(=O)Cc3ccccc3)C(=O)N2[C@H]1C(=O)O,0
4485,CC1(C)S[C@@H]2[C@@H](NC(=O)[C@H](N)c3ccccc3)C(=O)N2[C@H]1C(=O)O,0
4486,CC1(C)S[C@@H]2[C@@H](NC(=O)[C@H](N)c3ccc(O)cc3)C(=O)N2[C@H]1C(=O)O,0
4487,CC[C@@H](Oc1ccccc1)C(=O)N[C@H]1C(=O)N2[C@@H](C(=O)O)C(C)(C)S[C@@H]12,0
4488,CN(C)[C@@H]1C(O)=C(C(=O)NCN[C@@H](C(=O)N[C@H]2C(=O)N3[C@@H](C(=O)O)C(C)(C)S[C@@H]23)c2ccccc2)C(=O)[C@@]2(O)C(O)=C3C(=O)c4c(O)cccc4[C@@](C)(O)[C@@H]3C[C@H]12,0
4489,CCN1CCN(C(=O)N[C@H](C(=O)N[C@H]2C(=O)N3[C@@H](C(=O)O)C(C)(C)S[C@@H]23)c2ccccc2)C(=O)C1=O,0
4490,CN[C@H]1[C@H](O)[C@@H](O[C@@H]2[C@@H](O)[C@@H](O[C@H]3O[C@@H](CN)[C@@H](O)[C@H](O)[C@H]3O)[C@H](N)C[C@H]2NC(=O)[C@@H](O)CN)OC[C@]1(C)O,0
4491,NCC[C@H](O)C(=O)N[C@@H]1C[C@H](N)[C@@H](O[C@@H]2O[C@H](CN)[C@H](O)[C@@H](O)[C@H]2O)[C@H](O)[C@H]1O[C@H]1O[C@@H](CO)[C@@H](O)[C@H](N)[C@@H]1O,0
4492,O=C1CC[C@@H](C(=O)N[C@@H]2C[C@H]2c2ccccc2)N1,1
4493,CC[C@@H]1NC(=O)[C@@H](NC(=O)c2ncccc2O)[C@H](C)OC(=O)[C@@H](c2ccccc2)NC(=O)[C@H]2CC(=O)CCN2C(=O)[C@H](Cc2ccccc2)N(C)C(=O)[C@H]2CCCN2C1=O,0
4494,COc1cccc2c1C(=O)c1c(O)c3c(c(O)c1C2=O)C[C@](O)(C(=O)CO)C[C@@H]3O[C@@H]1C[C@@H](NC(=O)[C@@H](N)CC(C)C)[C@@H](O)[C@H](C)O1,0
4495,CO/N=C(\C(=O)N[C@@H]1C(=O)N(OCC(=O)OCC(=O)OC(C)(C)C)[C@@H]1C)c1csc(N)n1,0
4496,CC(=O)O[C@@H]1/C=C\C(C)=C/C[C@H](O)/C=C/C(C)=C\[C@@H](NC(=O)C(C)=O)[C@]2(C)C(=O)O[C@H](C1)[C@@H](C)C2=O,0
4497,COc1cc2c(cc1OC)S(=O)(=O)O[C@@H](C(=O)N[C@@H](C)CC(C)(C)N(C)C)C2,1
4498,CC[C@H](NC(=O)[C@@H]1CCCN1C(=O)[C@@H](Cc1ccccc1)NC(=O)[C@@H](N)CC(C)C)C(=O)N[C@@H](CCCN)C(=O)N[C@H](CC(C)C)C(=O)N[C@@H](Cc1ccccc1)C(=O)N1CCC[C@@H]1C(=O)N[C@H](CC)C(=O)N[C@@H](C=O)CCCN,0
4499,CNC(=O)C[C@H](N)C(=O)N[C@H](C(=O)N[C@H]1C(=O)N2[C@@H](C(=O)O)C(C)(C)S[C@@H]12)c1ccc(O)cc1,0
4500,CC1=C(C(=O)OCC(=O)OC(C)(C)C)N2C(=O)[C@@H](NC(=O)[C@@H](N)c3ccccc3)[C@H]2SC1,0
4501,CO/N=C(/C(=O)N[C@@H]1C(=O)N2C(C(=O)O)=CCS[C@H]12)c1csc(=N)[nH]1,0
4502,Nc1nc(/C(=C\CC(=O)O)C(=O)N[C@@H]2C(=O)N3C(C(=O)O)=CCS[C@@H]23)cs1,0
4503,COCC1=C(C(=O)O)N2C(=O)[C@@H](NC(=O)/C(=N/OC)c3csc(N)n3)[C@H]2SC1,0
4504,COCC1=C(C(=O)O)N2C(=O)[C@@H](NC(=O)/C(=N/O)c3csc(N)n3)[C@@H]2SC1,0
4505,CO/N=C(/C(=O)N[C@@H]1C(=O)N2C(C(=O)O)=C(COC(C)=O)CS[C@@H]12)c1csc(N)n1,0
4506,CO/N=C(/C(=O)N[C@@H]1C(=O)N2C(C(=O)O)=C(CN3NN=C(C)N3)CS[C@@H]12)c1csc(N)n1,0
4507,CO/N=C(/C(=O)N[C@@H]1C(=O)N2C(C(=O)O)=C(CN3C=CCC4=C3CCC4)CS[C@H]12)c1csc(N)n1,0
4508,O=C(Cc1cccs1)N[C@@H]1C(=O)N2C(C(=O)O)=C(CN3C=CCC=C3)CS[C@@H]12,0
4509,Nc1ncc(/C(=N\O[C@H]2CCNC2=O)C(=O)N[C@@H]2C(=O)N3C(C(=O)O)=C(CN4C=CCC=C4)CS[C@@H]23)s1,0
4510,CO/N=C(/C(=O)N[C@@H]1C(=O)N2C(C(=O)O)=C(CN3C=CN4N=CC=C[C@@H]34)CS[C@H]12)c1nsc(N)n1,0
4511,C=CC1=C(C(=O)O)N2C(=O)[C@@H](NC(=O)/C(=N/O)c3csc(N)n3)[C@@H]2SC1,0
4512,CC1=C(C(=O)O)N2C(=O)[C@@H](NC(=O)[C@H](N)C3=CCC=CC3)[C@@H]2SC1,0
4513,CO/N=C(/C(=O)N[C@@H]1C(=O)N2C(C(=O)O)=C(C)CS[C@@H]12)c1csc(N)n1,0
4514,CC(=O)OCOC(=O)[C@H]1N2C(=O)[C@@H](NC(=O)Cc3ccccc3)[C@@H]2SC1(C)C,0
4515,Cc1oc(=O)oc1COC(=O)[C@H]1N2C(=O)[C@@H](NC(=O)[C@@H](N)c3ccccc3)[C@@H]2SC1(C)C,0
4516,CC1(C)S[C@@H]2[C@H](NC(=O)[C@H](NC(=O)CNC(=N)c3ccncc3)c3ccccc3)C(=O)N2[C@@H]1C(=O)O,0
4517,CC1(C)S[C@@H]2[C@H](NC(=O)[C@@H](NC(=O)c3cnc4cccnc4c3O)c3ccccc3)C(=O)N2[C@@H]1C(=O)O,0
4518,C[C@@H](Oc1ccccc1)C(=O)N[C@@H]1C(=O)N2[C@H]1SC(C)(C)[C@H]2C(=O)O,0
4519,CC1(C)S[C@H]2[C@H](NC(=O)[C@@H](NC(=O)Cc3ccc(C4=NCCCN4)cc3)c3ccccc3)C(=O)N2[C@@H]1C(=O)O,0
4520,CC1(C)S[C@H]2[C@H](NC(=O)[C@@H](N)C3=CCC=CC3)C(=O)N2[C@@H]1C(=O)O,0
4521,CC1(C)S[C@H]2[C@H](C(=O)[C@H]2NC(=O)[C@@H](Oc2ccccc2)c2ccccc2)[C@H]1C(=O)O,0
4522,NCC[C@@H](O)C(=O)N[C@H]1C[C@@H](N)[C@H](O[C@H]2O[C@@H](CN)CC[C@@H]2N)[C@H](O)[C@H]1O[C@@H]1O[C@@H](CO)[C@H](O)[C@@H](N)[C@@H]1O,0
4523,CO/N=C(\C(=O)N[C@H]1C(=O)N(OCC(=O)O)[C@H]1C)c1csc(N)n1,0
4524,CC(C)(C)NC(=O)[C@H]1CN(Cc2cccnc2)CCN1C[C@@H](O)C[C@@H](Cc1ccccc1)C(=O)N[C@H]1c2ccccc2C[C@@H]1O,0
4525,CC[C@H]1NC(=O)[C@H](NC(=O)c2ncccc2O)[C@@H](C)OC(=O)[C@H](c2ccccc2)NC(=O)[C@@H]2CC(=O)CCN2C(=O)[C@@H](Cc2ccc(N(C)C)cc2)N(C)C(=O)[C@@H]2CCCN2C1=O,0
4526,C[C@H]1NC(=O)[C@H](NC(=O)c2ncccc2O)[C@@H](C)OC(=O)[C@H](c2ccccc2)NC(=O)[C@@H]2CC(=O)CCN2C(=O)[C@@H](Cc2ccc(N(C)C)cc2)N(C)C(=O)[C@@H]2CCCN2C1=O,0
4527,CC(C)C[C@@H](N)C(=O)N[C@H](CCCN)C(=O)N[C@@H](C(=O)N[C@H](CCCN)C(=O)N1CCC[C@H]1C(=O)N[C@@H](C=O)Cc1ccccc1)C(C)C,0
4528,CC(C)C[C@@H](NC(=O)[C@H](Cc1c[nH]c2ccccc12)NC(=O)[C@@H](CC(C)C)NC(=O)[C@H](Cc1c[nH]c2ccccc12)NC(=O)[C@@H](CC(C)C)NC(=O)[C@H](Cc1c[nH]c2ccccc12)NC(=O)[C@H](NC(=O)[C@@H](NC(=O)[C@H](NC(=O)[C@H](C)NC(=O)[C@@H](CC(C)C)NC(=O)[C@@H](C)NC(=O)CNC(=O)[C@@H](NC=O)C(C)C)C(C)C)C(C)C)C(C)C)C(=O)N[C@@H](Cc1c[nH]c2ccccc12)C(=O)NCCO,0
4529,CC(C)C[C@H](NC(=O)[C@@H](Cc1c[nH]c2ccccc12)NC(=O)[C@@H](CC(C)C)NC(=O)[C@H](Cc1ccccc1)NC(=O)[C@@H](CC(C)C)NC(=O)[C@H](Cc1c[nH]c2ccccc12)NC(=O)[C@H](NC(=O)[C@H](NC(=O)[C@H](NC(=O)[C@@H](C)NC(=O)[C@@H](CC(C)C)NC(=O)[C@H](C)NC(=O)CNC(=O)[C@H](NC=O)C(C)C)C(C)C)C(C)C)C(C)C)C(=O)N[C@@H](Cc1c[nH]c2ccccc12)C(=O)NCCO,0
4530,CC(C)(C)NC(=O)[C@H]1C[C@@H]2CCCC[C@H]2CN1C[C@H](O)[C@@H](Cc1ccccc1)NC(=O)[C@H](CC(N)=O)NC(=O)c1ccc2ccccc2n1,0
4531,COc1cccc2c1C(=O)c1c(O)c3c(c(O)c1C2=O)C[C@@](O)(/C(C)=N/NC(=O)c1ccccc1)C[C@H]3O[C@H]1C[C@H](N)[C@@H](O)[C@@H](C)O1,0
4532,NC(=O)N1c2ccccc2[C@H]2O[C@@H]2c2ccccc21,1
4533,NC(=O)CN1C[C@@H](O)CC1=O,1
4534,NC(=O)CN1C(=O)[C@H](c2ccccc2)c2ccccc21,1
4535,CC(C)NC[C@@H](O)COc1ccc(CC(N)=O)cc1,0
4536,NC(=O)c1cnn([C@H]2O[C@H](CO)[C@@H](O)[C@H]2O)n1,1
4537,C=C1c2cccc(O)c2C(=O)C2=C(O)[C@@]3(O)C(=O)C(C(N)=O)=C(O)[C@H](N(C)C)[C@@H]3[C@H](O)[C@H]12,0
4538,C[C@H]1c2cccc(O)c2C(=O)C2=C(O)[C@@]3(O)C(=O)C(C(N)=O)=C(O)[C@@H](N(C)C)[C@H]3[C@@H](O)[C@H]21,0
4539,CN(C)[C@H]1C(O)=C(C(N)=O)C(=O)[C@]2(O)C(O)=C3C(=O)c4c(O)cccc4[C@](C)(O)[C@@H]3C[C@H]12,0
4540,CN(C)[C@@H]1C(O)=C(C(N)=O)C(=O)[C@]2(O)C(O)=C3C(=O)c4c(O)cccc4[C@](C)(O)[C@@H]3[C@H](O)[C@H]12,0
4541,CN(C)c1ccc(O)c2c1C[C@H]1C[C@H]3[C@@H](N(C)C)C(O)=C(C(N)=O)C(=O)[C@]3(O)C(O)=C1C2=O,0
4542,CN(C)[C@@H]1C(O)=C(C(N)=O)C(=O)[C@]2(O)C(O)=C3C(=O)c4c(ccc(N)c4O)C[C@H]3C[C@@H]12,0
4543,CN(C)[C@H]1C(O)=C(C(N)=O)C(=O)[C@@]2(O)C(O)=C3C(=O)c4c(O)cccc4[C@H](O)[C@@H]3C[C@H]12,0
4544,CC[C@H](C(N)=O)[C@@H](C)CC,1
4545,CCC[C@@H]1O[C@]1(CC)C(N)=O,1
4546,CCN(CC)C(=O)Nc1ccc(OC[C@@H](O)CNC(C)(C)C)c(C(C)=O)c1,0
4547,CCN(CC)C(=O)N[C@@H]1C[C@H]2c3cccc4[nH]cc(c34)C[C@H]2N(C)C1,1
4548,CCN(CC)C(=O)COc1cc2c(O)c3c(O)c(C)c4c(c13)C(=O)[C@](C)(O/C=C/[C@@H](OC)[C@H](C)[C@@H](OC(C)=O)[C@H](C)[C@@H](O)[C@H](C)[C@H](O)[C@@H](C)/C=C\C=C(\C)C(=O)N2)O4,0
4549,CCN(CC)C(=O)[C@@H]1[C@H](C(=O)N(CC)CC)[C@@H]2C=C[C@H]1C2,1
4550,CCN(CC)C(=O)[C@]1(c2ccccc2)C[C@@H]1CN,1
4551,CCN(C(C)=O)c1cccc(C2=CC=NC3=C(C#N)CNN23)c1,1
4552,CC1=CN2C(CC(=O)N(C)C)=C(c3ccc(C)cc3)N[C@@H]2C=C1,1
4553,C/C=C/C(=O)N(CCC)[C@H](CC)C(=O)N(C)C,1
4554,C/C=C/C(=O)N(CC)[C@@H](CC)C(=O)N(C)C,1
4555,CO[C@@H]1[C@@H](O)[C@H](N)[C@@H](O[C@H]2O[C@H]([C@H](C)N)CC[C@@H]2N)[C@H](O)[C@H]1N(C)C(=O)CN,0
4556,C=CCN1C[C@H](C(=O)N(CCCN(C)C)C(=O)NCC)C[C@@H]2c3cccc4[nH]cc(c34)C[C@@H]21,1
4557,CN(C(=O)C(c1ccccc1)c1ccccc1)[C@@H](CN1CC[C@@H](O)C1)c1ccccc1,1
4558,CN(C(=O)Cc1ccccc1N)[C@@H](CN1CC[C@H](O)C1)c1ccccc1,0
4559,COc1cccc2c1C(=O)c1c(O)c3c(c(O)c1C2=O)C[C@](O)(C(=O)CO)C[C@@H]3O[C@@H]1C[C@H](N)[C@@H](O[C@@H]2CCCCO2)[C@@H](C)O1,0
4560,COc1cccc2c1C(=O)c1c(O)c3c(c(O)c1C2=O)C[C@](O)(C(=O)CO)C[C@@H]3O[C@@H]1C[C@H](N)C[C@H](C)O1,0
4561,C=C1C[C@@H]2[C@H]3C=CC4=CC(=O)CC[C@@]4(C)[C@H]3[C@@H](O)C[C@@]2(C)[C@]1(O)C(=O)CO,1
4562,C=C1C[C@H]2[C@@H]3CCC4=CC(=O)C=C[C@]4(C)[C@H]3[C@@H](O)C[C@@]2(C)[C@]1(O)C(=O)CO,1
4563,C[C@@]12C=CC(=O)[C@H]1C(=O)CC[C@H]1[C@H]2[C@@H](O)C[C@@]2(C)[C@H]1CC[C@]2(O)C(=O)CO,1
4564,C[C@@H]1C[C@H]2[C@@H]([C@H](O)C[C@@]3(C)[C@@H]2CC[C@]3(O)C(=O)CO)[C@]2(C)C=CC(=O)C=C12,1
4565,C[C@@]12CCC(=O)C=C1CC[C@H]1[C@H]2[C@@H]2C[C@@]3([C@@H](C(=O)CO)CC[C@H]13)[C@@H](O)O2,0
4566,C[C@]12CCC(=O)C=C1CC[C@@H]1[C@@H]2[C@@H](O)C[C@@]2(C=O)[C@@H](C(=O)CO)CC[C@H]12,0
4567,C[C@@]12CC(=O)[C@@H]3[C@H](CC[C@@H]4C[C@H](O)CC[C@]43C)[C@H]1CC[C@@H]2C(=O)CO,1
4568,CC1(C)O[C@H]2C[C@@H]3[C@H]4CCC5=CC(=O)C=C[C@]5(C)[C@@H]4[C@H](O)C[C@]3(C)[C@@]2(C(=O)CO)O1,1
4569,CCC[C@H]1O[C@H]2C[C@@H]3[C@H]4CCC5=CC(=O)C=C[C@@]5(C)[C@@H]4[C@H](O)C[C@]3(C)[C@@]2(C(=O)CO)O1,1
4570,COc1cccc2c1C(=O)c1c(O)c3c(c(O)c1C2=O)C[C@@](O)(C(=O)CO)C[C@@H]3O[C@@H]1C[C@@H](N)[C@H](O)[C@@H](C)O1,0
4571,C[C@H]1O[C@@H](O[C@@H]2C[C@](O)(C(=O)CO)Cc3c(O)c4c(c(O)c32)C(=O)c2ccccc2C4=O)C[C@@H](N)[C@@H]1O,0
4572,C[C@H]1C[C@@H]2[C@H]3CCC4=CC(=O)C=C[C@]4(C)[C@@H]3C(=O)C[C@]2(C)[C@@]1(O)C(=O)CO,1
4573,C[C@@]12CCC(=O)C=C1CC[C@@H]1[C@@H]2C(=O)C[C@]2(C)[C@H]1CC[C@@]2(O)C(=O)CO,1
4574,C[C@]12C=CC(=O)C=C1CC[C@@H]1[C@@H]2[C@@H](O)C[C@]2(C)[C@H]1CC[C@@]2(O)C(=O)CO,1
4575,C[C@]12CCC(=O)C=C1CC[C@@H]1[C@@H]2CC[C@]2(C)[C@H]1CC[C@@]2(O)C(=O)CO,1
4576,C[C@]12C=CC(=O)C=C1CC[C@@H]1[C@@H]2C(=O)C[C@]2(C)[C@H]1CC[C@@]2(O)C(=O)CO,1
4577,CN1CCN(CC(=O)[C@@]2(O)CC[C@H]3[C@@H]4CCC5=CC(=O)C=C[C@]5(C)[C@@H]4[C@H](O)C[C@@]32C)CC1,1
4578,O=C(CN1CC[C@]23CCCC[C@@H]2[C@H]1Cc1ccc(O)cc13)c1ccccc1,1
4579,CCCCCC(=O)CC[C@]1(C)[C@@H]2Cc3ccc(O)cc3[C@]1(C)CCN2C,1
4580,CCC(=O)c1ccc2c(c1)N(C[C@@H](C)N(C)C)c1ccccc1S2,1
4581,CCC(=O)[C@]1(C)[C@H](C)C[C@H]2[C@@H]3CCC4=CC(=O)C=C[C@@]4(C)[C@H]3[C@@H](O)C[C@]21C,1
4582,CCC(=O)[C@]1(O)CC[C@H]2[C@@H]3CCC4=CC(=O)CC[C@]4(C)[C@H]3[C@H](O)C[C@]21C,1
4583,CN1[C@@H](CC(=O)c2ccccc2)CCC[C@H]1C[C@@H](O)c1ccccc1,1
4584,CC(=O)N1CCN(C(=O)Cc2ccc([N+](=O)[O-])cc2)[C@H](CN2CC[C@H](O)C2)C1,0
4585,CC(=O)N1CCN(C(=O)Cc2ccc(C(F)(F)F)cc2)[C@H](CN2CC[C@H](O)C2)C1,0
4586,CC(=O)N1CCN(C(=O)Cc2ccc(S(C)=O)cc2)[C@H](CN2CC[C@H](O)C2)C1,0
4587,CC(=O)N1CCN(C(=O)Cc2ccc(S(C)(=O)=O)cc2)[C@H](CN2CC[C@H](O)C2)C1,0
4588,COc1ccc(CC(=O)N2CCN(C(C)=O)C[C@H]2CN2CC[C@H](O)C2)cc1,0
4589,CC(=O)N1CCN(C(=O)Cc2cccc([N+](=O)[O-])c2)[C@H](CN2CC[C@H](O)C2)C1,0
4590,CC(=O)N1CCN(C(=O)Cc2cc(F)cc(F)c2)[C@H](CN2CC[C@H](O)C2)C1,0
4591,CC(=O)C1=C(O)[C@@H](N)[C@@H]2Cc3c(c(O)c4c(O)c(C)ccc4c3C)C(=O)[C@@]2(O)C1=O,0
4592,CC(=O)[C@@H]1CC[C@H]2[C@@H]3CC[C@H]4C[C@@H](O)CC[C@]4(C)[C@@H]3CC[C@@]12C,1
4593,CC(=O)[C@@H]1CC[C@H]2[C@@H]3C[C@H](C)C4=CC(=O)C=C[C@@]4(C)[C@H]3[C@@H](O)C[C@@]12C,1
4594,CCO[C@H]1C[C@]2(C)[C@H](CC[C@H]3[C@@H]2[C@H](N(C)C)C[C@]2(C)[C@@H]3CC[C@H]2C(C)=O)C[C@@H]1O,1
4595,CC(=O)[C@@H]1CC[C@@H]2[C@H]3CC[C@@H]4C[C@H](O)CC[C@@]4(C)[C@@H]3C(=O)C[C@]21C,1
4596,COc1cccc2c1C(=O)c1c(O)c3c(c(O)c1C2=O)C[C@](O)(C(C)=O)C[C@@H]3O[C@@H]1C[C@@H](N)[C@H](O)[C@@H](C)O1,0
4597,CC(=O)[C@]1(O)[C@H](O)C[C@H]2[C@@H]3CCC4=CC(=O)CC[C@@]4(C)[C@H]3CC[C@]21C,1
4598,CC(=O)[C@@]1(O)CC[C@@H]2[C@H]3CCC4=CC(=O)C=C[C@@]4(C)[C@@H]3[C@H](O)C[C@@]21C,1
4599,CC(=O)[C@H]1CC[C@H]2[C@@H]3C[C@H](O)[C@]45C[C@H]4CC[C@]5(C)[C@H]3CC[C@]12C,1
4600,CC(=O)[C@H]1CC[C@@H]2[C@H]3CC[C@@H]4C[C@@](C)(O)CC[C@@]4(C)[C@H]3CC[C@]12C,1
4601,CC(=O)[C@]12OC(C)(C)O[C@H]1C[C@@H]1[C@H]3CCC4=CC(=O)CC[C@@]4(C)[C@H]3CC[C@@]12C,1
4602,CC(=O)[C@]1(O)Cc2c(O)c3c(c(O)c2[C@@H](O[C@H]2C[C@H](N)[C@@H](O)[C@H](C)O2)C1)C(=O)c1c(O)cccc1C3=O,0
4603,CC(=O)[C@]1(O)Cc2c(O)c3c(c(O)c2[C@@H](O[C@H]2C[C@H](N)[C@@H](O)[C@H](C)O2)C1)C(=O)c1ccccc1C3=O,0
4604,CC(=O)[C@]1(N)Cc2c(O)c3c(c(O)c2[C@H](O[C@H]2C[C@@H](O)[C@@H](O)CO2)C1)C(=O)c1ccccc1C3=O,0
4605,C=C(C(=O)COC(=O)c1ccncc1)[C@]1(C)C[C@@H](O)[C@H]2[C@@H](CCC3=CC(=O)CC[C@@]32C)[C@]12CO[C@H](/C=C/C)O2,1
4606,CCC(=O)C(c1ccccc1)(c1ccccc1)[C@@H](C)CN(C)C,1
4607,C[C@@H](N)C(=O)c1ccccc1,1
4608,CO[C@H](C(=O)[C@@H](O)[C@@H](C)O)[C@@H]1Cc2cc3cc(O[C@H]4C[C@@H](O[C@H]5C[C@@H](O)[C@H](O)[C@@H](C)O5)[C@@H](O)[C@@H](C)O4)c(C)c(O)c3c(O)c2C(=O)[C@H]1O[C@H]1C[C@@H](O[C@H]2C[C@@H](O[C@H]3C[C@](C)(O)[C@H](O)[C@@H](C)O3)[C@H](O)[C@@H](C)O2)[C@H](O)[C@@H](C)O1,1
4609,CN[C@@H](C)C(=O)c1ccc(OC)cc1,0
4610,C[C@@H](C(=O)c1ccccc1)N(C)C,1
4611,CN(C)[C@H]1C(O)=C(C(N)=O)C(=O)[C@]2(O)C(O)=C3C(=O)c4c(O)ccc([N+](=O)[O-])c4C[C@H]3C[C@@H]12,0
4612,CCOc1cc(N)c([N+](=O)[O-])cc1C(=O)NC1CCN(C[C@H]2CC=CCC2)CC1,1
4613,Nc1c2c(nc3ccccc13)CCC[C@H]2O,1
4614,C[C@]12CC[C@H]3c4ccc(O)cc4CC[C@H]3[C@@H]1CC[C@H]2O,0
4615,CN1CC[C@]23c4c5ccc(O)c4O[C@H]2[C@H](O)C=C[C@H]3[C@H]1C5,1
4616,Oc1ccc2c3c1O[C@H]1[C@H](O)CC[C@]4(O)[C@@H](C2)N(CC2CCC2)CC[C@]314,1
4617,CN1CC[C@]23c4c5ccc(O)c4O[C@H]2[C@H](O)CC[C@]3(O)[C@H]1C5,1
4618,CCNC[C@@H](O)c1cccc(O)c1,0
4619,CNC[C@@H](O)CC12CCC(c3ccccc31)c1ccccc12,1
4620,CC(C)(C)NC[C@@H](O)c1ccc(O)c(CO)c1,0
4621,O[C@H](CN1CCCCC1)c1cc(-c2ccccc2)on1,1
4622,CC(C)(C)[C@@H](O)/C=C/c1ccc2c(c1)OCO2,1
4623,CN[C@H](C)[C@@H](O)c1ccc(O)cc1,0
4624,CC[C@]1(O)CCN2CCc3ccc(C)cc3[C@@H]2C1,1
4625,CC(C)[C@]1(O)CCN2C[C@@H]3c4ccccc4CCc4cccc(c43)[C@@H]2C1,1
4626,C#C[C@@](C)(O)CC,1
4627,Oc1ccc2c3c1O[C@@H]1[C@@H](O)C=C[C@H]4[C@H](C2)NCC[C@@]314,1
4628,C=CCN1CC[C@@]23c4c5ccc(O)c4O[C@@H]2[C@@H](O)C=C[C@@H]3[C@@H]1C5,1
4629,OC[C@@H](O)[C@@H](O)[C@H](O)[C@H](O)CO,0
4630,Cc1cccc2c1Oc1ccccc1[C@]1(O)CCNC[C@H]21,1
4631,CC(C)(C)[C@@]1(O)CCN2C[C@@H]3c4ccccc4CCc4cccc(c43)[C@H]2C1,1
4632,C=CCN1CC[C@@]23c4c5ccc(O)c4O[C@@H]2[C@@H](O)C=C[C@H]3[C@H]1C5,1
4633,CC[C@@H]1OC(=O)[C@H](C)[C@@H](O[C@H]2C[C@](C)(OC)[C@@H](O)[C@@H](C)O2)[C@H](C)[C@@H](O[C@H]2O[C@@H](C)C[C@H](N(C)C)[C@H]2O)[C@@](C)(O)C[C@@H](C)[C@H]2N[C@@H](COCCOC)O[C@@H]([C@H]2C)[C@]1(C)O,0
4634,NC1=NCc2ncn(COCCO)c2N1,1
4635,COCCN1CC[C@@]23c4c5ccc(O)c4O[C@H]2C(=O)CC[C@@]3(O)[C@@H]1C5,1
4636,CN(C)CCO[C@@]1(Cc2ccccc2)C[C@H]2CC[C@]1(C)C2(C)C,1
4637,COCCc1ccc(OC[C@H](O)CNC(C)C)cc1,1
4638,CCCCNC[C@@H]1COc2cccc(OCC)c2O1,1
4639,Cc1cc(C)cc(OC[C@@H]2CNC(=O)O2)c1,1
4640,COC[C@@H]1CN(c2ccc(OCc3cccc(C#N)c3)cc2)C(=O)O1,1
4641,COc1ccc(-c2cc(=O)c3c(O)cc(O[C@@H]4O[C@@H](CO[C@@H]5O[C@H](C)[C@H](O)[C@@H](O)[C@H]5O)[C@H](O)[C@@H](O)[C@@H]4O)cc3o2)cc1O,0
4642,CC(C)NC[C@@H](O)COc1cccc2ccccc12,0
4643,CC(C)NC[C@@H](O)COc1cccc2[nH]ccc12,1
4644,CC(C)(C)NC[C@@H](O)COc1cccc2c1C[C@H](O)[C@@H](O)C2,0
4645,COc1ccccc1N1CCN(C[C@@H](O)COc2cc(OC)c(OC)c(OC)c2)CC1,1
4646,Cc1cccc(C)c1OC[C@@H](C)N,1
4647,CC(C)COC[C@H](CN(Cc1ccccc1)c1ccccc1)N1CCCC1,0
4648,C1=Cc2cccc(OC[C@H]3CNCCO3)c2C1,1
4649,COc1ccc(OC[C@H]2CN(C)CC[C@@H]2c2ccccc2)cc1,1
4650,COc1ccc2c(c1)N(CC[C@@H]1CCCCN1C)c1ccccc1S2,1
4651,COc1ccc2c(c1)N(C[C@@H](C)CN(C)C)c1ccccc1S2,1
4652,COc1ccc2c(c1)[C@@](O)(CCCN(C)C)c1ccccc1S2,1
4653,COc1ccc2c3c1O[C@H]1C(=O)CC[C@]4(O)[C@@H](C2)N(C)CC[C@]314,1
4654,COc1ccc2c3c1O[C@H]1[C@H](O)C=C[C@@H]4[C@@H](C2)NCC[C@@]341,1
4655,COc1ccc2c3c1O[C@@H]1C(=O)CC[C@@H]4[C@H](C2)N(C)CC[C@@]314,1
4656,CC[C@@H]1CC(=O)[C@H]2Oc3c(OC)ccc4c3[C@]23CCN(CC2CC2)[C@@H](C4)[C@@H]13,1
4657,COc1ccc2c3c1O[C@H]1C[C@H](O)C=C[C@@]31CCN(C)C2,1
4658,COc1ccc2c3c1O[C@@H]1[C@@H](O)CC[C@@H]4[C@H](C2)N(C)CC[C@]341,1
4659,COc1ccc2c3c1O[C@@H]1[C@@H](O)C=C[C@@H]4[C@H](C2)N(C)CC[C@]341,1
4660,COc1cccc2c1C(=O)c1c(O)c3c(c(O)c1C2=O)C[C@](O)([C@@H](O)CO)C[C@H]3O,0
4661,COc1ccc2c(c1OC)[C@]13CCN(C)[C@H](C2)[C@]1(O)CC[C@H](O)C3,1
4662,COc1ccc2c(c1OC)C(=O)O[C@@H]2[C@@H]1c2c(cc3c(c2OC)OCO3)CCN1C,1
4663,CC[C@@H]1C(C)=NN=C(c2ccc(OC)c(OC)c2)c2cc(OC)c(OC)cc21,1
4664,CCC1=C(C)N(N)C(c2ccc(OC)c(OC)c2)=C2C=C(OC)C(OC)=C[C@@H]21,1
4665,COc1ccc([C@@H](O)CN2CCN(c3cccccc3=O)CC2)cc1OC,1
4666,COc1cc2c(cc1OC)[C@H](c1ccccc1)CN(C)CC2,1
4667,CC[C@H]1CN2CCc3cc(OC)c(OC)cc3[C@@H]2C[C@@H]1C[C@@H]1NCCc2cc(OC)c(OC)cc21,0
4668,COc1cc2c3c(c1O)C1(C=CC(=O)C=C1)C[C@H]3N(C)CC2,1
4669,COc1ccccc1N1CCN(CCCCN2C(=O)[C@@H]3C(=O)N(C(C)(C)C)C(=O)[C@@H](C2=O)C3(C)C)CC1,1
4670,COc1cccnc1CCCCNC1=NC(=O)[C@H](Cc2ccc(C)nc2)C=N1,0
4671,C=C[C@](C)(O)C(C)(C)C.COC12CC3(C1)[C@H]1Cc4ccc(O)c5c4[C@@]3(CCN1CC1CC1)[C@H]2O5,1
4672,CO[C@H]1C[C@@H](O[C@@H]2[C@@H](C)O[C@@H](O[C@H]3/C(C)=C\C[C@@H]4C[C@@H](C[C@@]5(CC[C@H](C)[C@@H](C(C)C)O5)O4)OC(=O)[C@@H]4C=C(C)[C@@H](O)[C@@H]5OC/C(=C\C=C\[C@H]3C)[C@@]45O)C[C@H]2OC)O[C@@H](C)[C@@H]1O,0
4673,CO[C@@H]1C[C@H](O[C@@H]2[C@H](C)[C@@H](O[C@@H]3O[C@H](C)C[C@@H](N(C)C)[C@@H]3O)[C@@H](C)C[C@@]3(CO3)C(=O)[C@@H](C)[C@@H](O)[C@H](C)[C@@H](C)OC(=O)[C@@H]2C)O[C@@H](C)[C@H]1O,0
4674,C=CCN1CC[C@@]23c4c5ccc(O)c4[C@](O)(CCC)[C@H]4C[C@@]2(C=C[C@@]4(OC)[C@@H]3OC)[C@H]1C5,1
4675,CCC[C@@](C)(O)[C@@H]1C[C@@]23C=C[C@]1(OC)[C@H]1Oc4c(O)ccc5c4[C@]12CCN(C)[C@H]3C5,1
4676,CO[C@@H]1O[C@H]2O[C@@]3(CN4CCCCC4)[C@@H]1[C@H](C[C@@H]3O)[C@@H]2C,1
4677,C=CC[C@@H]1/C=C(/C)C[C@@H](C)C[C@H](OC)[C@@H]2O[C@](O)(C(=O)C(=O)N3CCCC[C@@H]3C(=O)O[C@H](/C(C)=C/[C@H]3CC[C@H](O)[C@@H](OC)C3)[C@@H](C)[C@H](O)CC1=O)[C@H](C)C[C@@H]2OC,0
4678,CO[C@@]12C=C[C@]3(C[C@@H]1C(C)(C)O)[C@H]1Cc4ccc(O)c5c4[C@@]3(CCN1CC1CC1)[C@H]2O5,1
4679,N[C@H]1N[C@H](O)[C@H]2NCN(COC(CO)CO)[C@H]2N1,1
4680,CN1[C@@H]2CC[C@H]1CC(OC(c1ccccc1)c1ccccc1)C2,1
4681,CC(C)OCC(COC(C)C)OCn1cnc2c1NC(N)=NC2,1
4682,CN[C@H]1[C@H](O)[C@H](O[C@H]2[C@@H](O)[C@H](O[C@@H]3OC(CN)=CC[C@@H]3N)[C@H](N)C[C@H]2N)OC[C@@]1(C)O,0
4683,CN[C@@H]1[C@H](O[C@H]2O[C@@H](CO)[C@@H](N)[C@H](O)[C@H]2O)O[C@@H]2C[C@@H](N)[C@H](O[C@H]3[C@H](O)[C@H](O)[C@@H](N)C[C@H]3N)O[C@@H]2[C@H]1O,0
4684,NC[C@H]1CC[C@@H](N)[C@H](O[C@@H]2[C@@H](O)[C@H](O[C@H]3O[C@H](CO)[C@@H](O)[C@H](N)[C@@H]3O)[C@@H](N)C[C@@H]2N)O1,0
4685,CC[C@]1(O)C[C@H](O[C@@H]2C[C@H](N(C)C)[C@@H](O[C@H]3C[C@H]4O[C@H]5CC(=O)[C@@H](C)O[C@H]5O[C@@H]4[C@@H](C)O3)[C@H](C)O2)c2c(O)c3c(c(O)c2[C@H]1O[C@H]1C[C@H](N(C)C)[C@@H](O)[C@H](C)O1)C(=O)c1cccc(O)c1C3=O,0
4686,CC[C@H]1OC(=O)[C@@H](C)[C@H](O[C@H]2C[C@@](C)(OC)[C@@H](O)[C@H](C)O2)[C@@H](C)[C@H](O[C@H]2O[C@H](C)C[C@H](N(C)C)[C@@H]2O)[C@](C)(OC)C[C@H](C)C(=O)[C@H](C)[C@@H](O)[C@@]1(C)O,0
4687,CC[C@H]1OC(=O)[C@@H](C)[C@H](O[C@H]2C[C@@](C)(OC)[C@@H](O)[C@H](C)O2)[C@@H](C)[C@H](O[C@H]2O[C@@H](C)C[C@@H](N(C)C)[C@@H]2O)[C@@](C)(O)C[C@H](C)C(=O)[C@H](C)[C@@H](O)[C@@]1(C)O,0
4688,CC[C@@H]1OC(=O)[C@H](C)[C@H](O[C@H]2C[C@](C)(OC)[C@H](O)[C@@H](C)O2)[C@H](C)[C@H](O[C@H]2O[C@H](C)C[C@@H](N(C)C)[C@@H]2O)[C@](C)(O)C[C@H](C)C(=O)[C@@H](C)[C@H](O)[C@H]1C,0
4689,CO/N=C(/C(=O)N[C@@H]1C(=O)N2C(C(=O)O[C@H](C)OC(=O)C(C)(C)OC)=C(COC(N)=O)CS[C@@H]12)c1ccco1,0
4690,CCCCOC[C@H](CN1C(=O)NC(=O)[C@](CC)(c2ccccc2)C1=O)OC(N)=O,1
4691,CC(C)C[C@H](OC(=O)c1ccco1)C(=O)N[C@@H]1C(=O)N2[C@@H]1SC(C)(C)[C@H]2C(=O)O,0
4692,CC([C@H](C)OC(N)=O)[C@H](C)OC(N)=O,1
4693,C#C[C@@H](OC(N)=O)c1ccccc1,1
4694,CC(=O)O[C@@H](c1ccccc1)[C@@H]1CCCCN1,1
4695,C[C@H](Oc1cccc2ccccc12)/C(N)=N/O,1
4696,CCN[C@@H]1C[C@@H](N)[C@H](O[C@H]2OC(CN)=CC[C@H]2N)[C@H](O)[C@@H]1O[C@@H]1OC[C@@](C)(O)[C@@H](NC)[C@@H]1O,0
4697,NC[C@H]1O[C@H](O[C@@H]2[C@@H](O)[C@@H](O[C@H]3O[C@H](CO)[C@H](O)[C@@H](N)[C@@H]3O)[C@@H](N)C[C@@H]2N)[C@@H](N)C[C@@H]1O,0
4698,COc1cc([C@@H]2c3cc4c(cc3[C@@H](O[C@H]3O[C@H]5CO[C@H](C)O[C@@H]5[C@H](O)[C@H]3O)[C@@H]3COC(=O)[C@@H]23)OCO4)cc(OC)c1O,0
4699,COc1cc([C@H]2c3cc4c(cc3[C@H](O[C@H]3O[C@H]5CO[C@H](c6cccs6)O[C@H]5[C@H](O)[C@H]3O)[C@@H]3COC(=O)[C@@H]23)OCO4)cc(OC)c1OC,0
4700,C[C@@H]1O[C@H](O[C@H]2[C@H](C)O[C@H](O[C@H]3[C@H](O)C[C@H](O[C@H]4CC[C@]5(C)[C@@H](CC[C@@H]6[C@@H]5C[C@H](O)[C@@]5(C)[C@@H](C7=CC(=O)OC7)CC[C@@]65O)C4)O[C@H]3C)C[C@@H]2O)C[C@H](O)[C@H]1O,0
4701,CC[C@H]1OC(=O)[C@@H](C)[C@H](O[C@H]2C[C@@](C)(OC)[C@@H](O)[C@@H](C)O2)[C@@H](C)[C@@H](O[C@H]2O[C@@H](C)C[C@H](N(C)C)[C@H]2O)[C@](C)(O)C[C@@H](C)CN(C)[C@H](C)[C@@H](O)[C@@]1(C)O,0
4702,NC[C@H]1O[C@@H](O[C@H]2[C@H](O)[C@@H](O[C@H]3[C@H](O)[C@@H](N)C[C@@H](N)[C@@H]3O[C@@H]3O[C@H](CN)[C@@H](O)[C@H](O)[C@H]3N)O[C@@H]2CO)[C@@H](N)[C@H](O)[C@H]1O,0
4703,NC[C@@H]1O[C@@H](O[C@H]2[C@H](O)[C@@H](O[C@@H]3O[C@@H](CO)[C@H](O)[C@@H](N)[C@@H]3O)[C@H](NC(CO)CO)C[C@@H]2N)[C@H](N)[C@@H](O)[C@@H]1O,0
4704,CN[C@H]1[C@H](O)[C@H](O[C@H]2[C@H](O)[C@@H](O[C@@H]3O[C@@H](CN)CC[C@@H]3N)[C@H](N)C[C@@H]2N)OC[C@@]1(C)O,0
4705,NCC[C@H](O)CN[C@@H]1C[C@H](N)[C@@H](O[C@@H]2O[C@@H](CN)[C@H](O)[C@H](O)[C@@H]2O)[C@H](O)[C@H]1O[C@H]1O[C@@H](CO)[C@H](O)[C@@H](N)[C@@H]1O,0
4706,NC[C@H]1O[C@H](O[C@H]2[C@H](O)[C@@H](O[C@H]3O[C@@H](CO)[C@@H](O)[C@H](N)[C@H]3O)[C@H](N)C[C@@H]2N)[C@H](N)[C@@H](O)[C@@H]1O,0
4707,NC[C@@H]1O[C@H](O[C@@H]2[C@@H](O)[C@H](O[C@H]3O[C@H](CO)[C@@H](O)[C@H](N)[C@@H]3O)[C@@H](N)C[C@@H]2N)[C@H](O)[C@H](O)[C@@H]1O,0
4708,COc1cc([C@H]2c3cc4c(cc3[C@H](O[C@H]3O[C@H]5CO[C@H](c6cccs6)O[C@@H]5[C@@H](O)[C@@H]3O)[C@H]3COC(=O)[C@H]23)OCO4)cc(O)c1O,1
4709,OCc1ccccc1O[C@H]1O[C@@H](CO)[C@H](O)[C@@H](O)[C@@H]1O,1
4710,NC[C@@H]1O[C@@H](O[C@@H]2[C@@H](O)[C@@H](O)[C@@H](N)C[C@H]2N)[C@@H](N)[C@H](O)[C@H]1O,0
4711,CO/N=C(/C(=O)N[C@@H]1C(=O)N2C(C(=O)O[C@@H](C)OC(C)=O)=C(COC(N)=O)CS[C@@H]12)c1ccco1,0
4712,CCOC(=O)O[C@H](C)OC(=O)[C@H]1N2C(=O)[C@H](/N=C/N3CCCCCC3)[C@@H]2SC1(C)C,0
4713,CCCCOC[C@@H](CN1C(=O)N(C[C@H](COCCCC)OC(N)=O)C(=O)C(CC)(c2ccccc2)C1=O)OC(N)=O,1
4714,CNCC[C@H](Oc1cccc2ccccc12)c1cccs1,1
4715,CNCC[C@H](Oc1ccccc1OC)c1ccccc1,1
4716,CNCC[C@H](Oc1ccccc1C)c1ccccc1,1
4717,CC[C@H](OC(N)=O)C1CCCCC1,1
4718,CN(C)CCO[C@H](c1ccccc1)c1ccccc1C(C)(C)C,1
4719,CC[C@@H](OC(C)=O)C(C[C@@H](C)N(C)C)(c1ccccc1)c1ccccc1,1
4720,CC[C@H]1OC(=O)[C@@H](C)[C@H](O[C@H]2C[C@@](C)(OC)[C@@H](O)[C@H](C)O2)[C@@H](C)[C@H](O[C@H]2O[C@@H](C)C[C@@H](N(C)C)[C@@H]2O)[C@@](C)(O)C[C@H](C)/C(=N/OCOCCOC)[C@H](C)[C@@H](O)[C@@]1(C)O,0
4721,CC[C@@H]1OC(=O)[C@H](C)[C@@H](O[C@@H]2C[C@](C)(OC)[C@H](O)[C@@H](C)O2)[C@H](C)[C@@H](O[C@@H]2O[C@H](C)C[C@H](N(C)C)[C@H]2O)[C@](C)(O)C[C@@H](C)/C(=N/OC)[C@@H](C)[C@H](O)[C@]1(C)O,0
4722,CCCCC/C(=N\OCCN)c1ccc(C)c(N)c1,1
4723,CO/N=C(\C#N)[C@@H]1CN2CCC1CC2,1
4724,CC(C)(O/N=C(/C(=O)N[C@H]1C(=O)N2C(C(=O)O)=C(CN3C=CCC=C3)CS[C@H]12)c1csc(N)n1)C(=O)O,0
4725,NCN.Nc1nc(-c2ccccc2)cs1,1
4726,NCN.Nc1cccc(-c2csc(N)n2)c1,0
4727,CN1Cc2c(N)cccc2[C@@H](c2ccccc2)C1,1
4728,C[C@]12CC3CC(N)(C1)C[C@@](C)(C3)C2,1
4729,Nc1ccn([C@H]2O[C@@H](CO)[C@H](O)[C@@H]2O)c(=O)n1,1
4730,NC[C@H](O)c1ccc(O)c(O)c1,0
4731,NC(=O)N1c2ccccc2[C@H]2O[C@H]2c2ccccc21,1
4732,NC(=O)c1ncn([C@H]2O[C@@H](CO)[C@H](O)[C@@H]2O)n1,1
4733,N[C@@H]1C[C@@H]1c1ccccc1,1
4734,C=CC[C@@H](N)Cc1ccccc1,1
4735,CC[C@@H](N)Cc1c[nH]c2ccccc12,1
4736,N[C@H]1CCC[C@@H]1c1ccccc1,1
4737,C[C@@H](N)Cc1ccccc1,1
4738,N[C@H]1[C@H]2CN(c3nc4c(cc3F)c(=O)c(C(=O)O)cn4-c3ccc(F)cc3F)C[C@@H]12,1
4739,Nc1ncnc2c1ncn2[C@H]1O[C@@H](CO)[C@H](O)[C@@H]1O,1
4740,CCCCCC[C@@H](C)NN,1
4741,C[C@H](NN)c1ccccc1,1
4742,CCCCCCCCCN[C@@H]1N=CNc2[nH]ccc21,1
4743,CNCCC[C@@]1(c2ccccc2)SC(C)(C)c2ccccc21,1
4744,CC(C)CCNC[C@@H]1COc2ccccc2O1,1
4745,CN(C)CC[C@@]1(c2ccccc2)C=Cc2ccccc21,1
4746,CCN[C@@H]1[C@H]2CC[C@H](C2)[C@H]1c1ccccc1,1
4747,CN(C)C[C@@H]1CO[C@@]2(O1)c1ccccc1COc1ccccc12,1
4748,C[C@H](CN(C)C)CN1c2ccccc2Sc2ccccc21,1
4749,C[C@H](CN(C)C)CN1c2ccccc2CCc2ccccc21,1
4750,CN[C@@H]1CCc2ncsc2C1,1
4751,CN[C@@H]1CC[C@@H](c2ccccc2)c2ccccc21,1
4752,CN(C)c1cc(C2=N[C@H](N)NN2)ccn1,0
4753,Cc1cc(N(C)C)ccc1C[C@@H](C)N,1
4754,C[C@@H]1Oc2ccccc2C[C@@H]1N(C)C,1
4755,CN(C)C[C@H](CN1c2ccccc2Sc2ccccc21)N(C)C,1
4756,CCc1cccc(NC(C)Nc2cccc(CC)c2)c1,1
4757,C[C@H](Cc1ccccc1)NCCC1c2ccccc2Sc2ccccc21,1
4758,C[C@H](Cc1ccccc1)N(C)C,1
4759,CCN[C@@H](Cc1ccccc1)[C@@H]1CCCO1,1
4760,CNCNc1cccc(-c2csc(N)n2)c1.N#CN.NCN,0
4761,N#CCN[C@@H]1CCc2ccccc21,1
4762,CN1CCN(C2=Nc3cscc3C(CC#N)=C3CSC=C23)CC1,1
4763,C[C@H](CN(C)C)CN1c2ccccc2Sc2ccc(C#N)cc21,1
4764,CN1C[C@H](CC#N)C[C@@H]2c3cccc4[nH]cc(c34)C[C@H]21,1
4765,CN(c1nc2ccccc2s1)C1CCN(C[C@@H](O)COc2ccc(F)cc2)CC1,1
4766,C#C[C@@]1(O)CC[C@@H]2[C@H]3CCC4=Cc5c(cnn5-c5ccc(F)cc5)C[C@@]4(C)[C@@H]3CC[C@@]21C,1
4767,CC(C)[C@H](CCCCCC(=O)O)NCc1ccc(F)cc1,1
4768,Cc1ccc(C(=O)NC[C@H]2CN=C(c3ccc(F)cc3)c3ccc(C)cc3N2C)cc1,1
4769,CCOC(=O)C[C@H](O)C[C@H](O)/C=C/C1=C(c2ccc(F)cc2)c2ccccc2OC12CCCC2,1
4770,COc1ccccc1N1CCN(CCC[C@@H](O)c2ccc(F)cc2)CC1,1
4771,C/C(=C\CCN1CCC2(CC1)C(=O)NCN2c1ccccc1)c1ccc(F)cc1,1
4772,CC1=CC=CN2C(=O)C(CCN3CCC(c4noc5cc(F)ccc45)CC3)=C(C)N[C@@H]12,1
4773,O[C@H](CCCN1CCc2c(c3cc(F)ccc3n2-c2ccc(F)cc2)C1)c1ccc(F)cc1,1
4774,COCC(=O)O[C@@]1(CCN(C)CCCc2nc3ccccc3[nH]2)CCc2cc(F)ccc2[C@@H]1C(C)C,0
4775,CN(C)[C@@H]1CCc2[nH]c3c(F)cc(F)cc3c2C1,1
4776,CCn1cc(C(=O)O)c(=O)c2cc(F)c(N3CCN[C@H](C)C3)c(F)c21,0
4777,C[C@@]12C[C@H](N)[C@@H]1CN(c1nc3c(cc1F)c(=O)c(C(=O)O)cn3C1CC1)C2,0
4778,CCn1nnn(CCN2CC[C@H](N(C(=O)COC)c3ccccc3F)[C@@H](C)C2)c1=O,1
4779,OC(CN1CN=CN1)(CN1CN=CN1)c1ccc(F)cc1F,1
4780,C[C@H](O)[C@H]1C(=O)N2C(C(=O)O)=C(F)S[C@H]12,0
4781,O[C@@H](c1cc(C(F)(F)F)nc2c(C(F)(F)F)cccc12)[C@H]1CCCCN1,1
4782,C[C@H](CN(C)C)CN1c2ccccc2Sc2ccc(C(F)(F)F)cc21,1
4783,OCCN1CCN(CCC[C@@H]2c3ccc(F)cc3Sc3ccc(C(F)(F)F)cc32)CC1,1
4784,OCCN1CCN([C@H]2C[C@H](c3ccc(F)cc3)c3ccc(C(F)(F)F)cc32)CC1,1
4785,C[C@@H]1c2ccccc2[C@H](CCCN(C)C)c2cc(C(F)(F)F)ccc21,1
4786,FC(F)(F)c1cccc(N2CCN(CCc3nnc4n3C[C@@H]3CCC[C@@H]43)CC2)c1,1
4787,COC[C@@H]1CN(c2ccc(OCC[C@H](O)C(F)(F)F)cc2)C(=O)O1,1
4788,CCCCCC(=O)OCC(=O)[C@@H]1[C@H](C)C[C@@H]2[C@H]3C[C@@H](F)C4=CC(=O)C=C[C@@]4(C)[C@H]3[C@@H](O)C[C@]21C,1
4789,C[C@@H]1C[C@@H]2[C@H]3C[C@@H](F)C4=CC(=O)C=C[C@@]4(C)[C@H]3[C@@H](O)C[C@@]2(C)[C@@H]1C(=O)CO,1
4790,C[C@H]1C[C@@H]2[C@H]3C[C@@H](F)C4=CC(=O)C=C[C@@]4(C)[C@]3(F)[C@@H](O)C[C@]2(C)[C@@]1(O)C(=O)COC(=O)C(C)(C)C,1
4791,C[C@H]1C[C@@H]2[C@H]3C[C@@H](F)C4=CC(=O)C=C[C@@]4(C)[C@]3(F)[C@@H](O)C[C@]2(C)[C@@]1(O)C(=O)CO,1
4792,C[C@@H]1C[C@@H]2[C@H]3C[C@@H](F)C4=CC(=O)C=C[C@@]4(C)[C@]3(F)[C@@H](O)C[C@@]2(C)[C@@H]1C(=O)CO,1
4793,CCC(=O)OCC(=O)[C@@]12OC(C)(C)O[C@@H]1C[C@@H]1[C@H]3C[C@@H](F)C4=CC(=O)C=C[C@@]4(C)[C@]3(F)[C@@H](O)C[C@]12C,1
4794,CCCC(=O)O[C@@]1(C(=O)COC(C)=O)CC[C@@H]2[C@H]3C[C@@H](F)C4=CC(=O)C=C[C@@]4(C)[C@]3(F)[C@@H](O)C[C@]21C,1
4795,C[C@@]12C=CC(=O)C=C1[C@H](F)C[C@H]1[C@H]2[C@@H](O)C[C@]2(C)[C@@H]1CC[C@@]2(O)C(=O)CO,1
4796,CC1(C)O[C@H]2C[C@@H]3[C@H]4C[C@@H](F)C5=CC(=O)CC[C@]5(C)[C@@H]4[C@H](O)C[C@]3(C)[C@@]2(C(=O)CO)O1,1
4797,COC(OC)C(=O)[C@]12OC(C)(C)O[C@H]1C[C@@H]1[C@H]3C[C@@H](F)C4=CC(=O)C=C[C@]4(C)[C@@]3(F)[C@H](O)C[C@@]12C,1
4798,CC1(C)O[C@H]2C[C@@H]3[C@H]4C[C@@H](F)C5=CC(=O)C=C[C@]5(C)[C@@]4(F)[C@H](O)C[C@@]3(C)[C@]2(C(=O)COC(=O)C2CC2)O1,1
4799,CC1(C)O[C@H]2C[C@@H]3[C@H]4C[C@@H](F)C5=CC(=O)C=C[C@]5(C)[C@@]4(F)[C@H](O)C[C@@]3(C)[C@@]2(C(=O)CO)O1,1
4800,CCC[C@@H]1O[C@@H]2C[C@@H]3[C@H]4C[C@@H](F)C5=CC(=O)C=C[C@]5(C)[C@@]4(F)[C@@H](O)C[C@@]3(C)[C@]2(C(=O)O[C@H](C)OC(=O)OCC)O1,1
4801,FC(F)O[C@@H](F)C(F)(F)F,1
4802,CC(=O)OCC(=O)[C@@]12N=C(C)O[C@H]1C[C@H]1[C@@H]3CCC4=CC(=O)C=C[C@]4(C)[C@@]3(F)[C@H](O)C[C@@]12C,1
4803,C[C@@H]1C[C@H]2[C@@H]3CCC4=CC(=O)C=C[C@]4(C)[C@@]3(F)[C@H](O)C[C@]2(C)[C@H]1C(=O)CO,1
4804,CC(=O)[C@]12OC(C)(C)O[C@H]1C[C@H]1[C@@H]3CCC4=CC(=O)C=C[C@]4(C)[C@@]3(F)[C@H](O)C[C@@]12C,1
4805,CCCCC(=O)O[C@]1(C(=O)CO)[C@H](C)C[C@H]2[C@@H]3CCC4=CC(=O)C=C[C@]4(C)[C@@]3(F)[C@H](O)C[C@@]21C,1
4806,CC(=O)O[C@]1(C(C)=O)CC[C@H]2[C@@H]3C[C@H](C)C4=CC(=O)C=C[C@]4(C)[C@@]3(F)[C@H](O)C[C@@]21C,1
4807,CC(=O)OCC(=O)[C@@]1(O)CC[C@H]2[C@@H]3CCC4=CC(=O)CC[C@]4(C)[C@@]3(F)[C@H](O)C[C@@]21C,1
4808,CC(=O)OCC(=O)[C@@]1(O)CC[C@H]2[C@@H]3CCC4=CC(=O)C=C[C@]4(C)[C@@]3(F)[C@H](O)C[C@@]21C,1
4809,CC(=O)OCC(=O)[C@@]1(O)[C@@H](OC(C)=O)C[C@H]2[C@@H]3CCC4=CC(=O)C=C[C@]4(C)[C@@]3(F)[C@H](O)C[C@@]21C,1
4810,C[C@@H]1C[C@H]2[C@@H]3CC(F)(F)C4=CC(=O)C=C[C@]4(C)[C@@]3(F)[C@H](O)C[C@]2(C)[C@@]1(O)C(=O)CO,1
4811,C[C@]12C=CC(=O)C=C1CC[C@H]1[C@@H]3C[C@H](O)[C@](O)(C(=O)CO)[C@@]3(C)C[C@@H](O)[C@@]12F,1
4812,CC(=O)[C@@]1(O)CC[C@H]2[C@@H]3C[C@H](C)C4=CC(=O)C=C[C@]4(C)[C@@]3(F)[C@H](O)C[C@@]21C,1
4813,C[C@@H](CNC(=O)c1ccccc1)C(=O)OCC(=O)[C@@]12OC(C)(C)O[C@@H]1C[C@@H]1[C@H]3CCC4=CC(=O)C=C[C@]4(C)[C@@]3(F)[C@H](O)C[C@]12C,1
4814,C[C@]1(c2ccccc2)O[C@@H]2C[C@H]3[C@@H]4CCC5=CC(=O)C=C[C@]5(C)[C@@]4(F)[C@H](O)C[C@@]3(C)[C@]2(C(=O)CO)O1,1
4815,CC(=O)OCC(=O)[C@]1(OC(=O)c2ccco2)[C@H](C)C[C@H]2[C@@H]3CCC4=CC(=O)C=C[C@]4(C)[C@@]3(F)[C@H](O)C[C@]21C,1
4816,CC(=O)OCC(=O)[C@]1(OC(=O)C(C)C)[C@H](C)C[C@H]2[C@@H]3CCC4=CC(=O)C=C[C@]4(C)[C@@]3(F)[C@H](O)C[C@]21C,1
4817,CC(=O)OCC(=O)[C@]1(O)[C@H](C)C[C@H]2[C@@H]3CC(F)(F)C4=CC(=O)C=C[C@]4(C)[C@@]3(F)[C@H](O)C[C@]21C,1
4818,CC(=O)[C@]1(O)[C@H](C)C[C@H]2[C@@H]3CCC4=CC(=O)C=C[C@]4(C)[C@@]3(F)[C@H](O)C[C@]21C,1
4819,CC1(C)O[C@@H]2C[C@H]3[C@@H]4C[C@H](F)C5=CC(=O)C=C[C@@]5(C)[C@H]4[C@@H](O)C[C@@]3(C)[C@]2(C(=O)CO)O1,1
4820,CC(=O)OCC(=O)[C@@]12OC(C)(C)O[C@@H]1C[C@H]1[C@@H]3C[C@H](F)C4=CC(=O)C=C[C@]4(C)[C@H]3[C@@H](O)C[C@]12C,1
4821,CC(=O)OCC(=O)[C@]1(O)[C@H](C)C[C@H]2[C@@H]3C[C@H](F)C4=CC(=O)C=C[C@]4(C)[C@H]3[C@@H](O)C[C@]21C,1
4822,C[C@@H]1C[C@H]2[C@@H]3C[C@H](F)C4=CC(=O)C=C[C@]4(C)[C@H]3[C@@H](O)C[C@@]2(C)[C@]1(O)C(=O)CO,1
4823,CCCCOC(=O)C(=O)[C@H]1[C@@H](C)C[C@H]2[C@@H]3C[C@H](F)C4=CC(=O)C=C[C@]4(C)[C@@H]3[C@H](O)C[C@@]21C,1
4824,CCCCC(=O)O[C@@]1(C(=O)CO)CC[C@H]2[C@@H]3C[C@H](F)C4=CC(=O)C=C[C@]4(C)[C@@H]3[C@H](O)C[C@]21C,1
4825,C[C@H]1C[C@H]2[C@@H]3C[C@H](F)C4=CC(=O)C=C[C@]4(C)[C@@]3(F)[C@H](O)C[C@]2(C)[C@H]1C(=O)COC(=O)C(C)(C)C,1
4826,CC(=O)OCC(=O)[C@]12OC(C)(C)O[C@@H]1C[C@H]1[C@@H]3C[C@H](F)C4=CC(=O)C=C[C@]4(C)[C@@]3(F)[C@H](O)C[C@@]12C,1
4827,CCC[C@H]1O[C@H]2C[C@H]3[C@@H]4C[C@H](F)C5=CC(=O)CC[C@]5(C)[C@@]4(F)[C@H](O)C[C@]3(C)[C@@]2(C(=O)CO)O1,1
4828,CC(=O)OCC(=O)[C@@]1(OC(C)=O)[C@@H](C)C[C@H]2[C@@H]3C[C@H](F)C4=CC(=O)C=C[C@]4(C)[C@@]3(F)[C@H](O)C[C@@]21C,1
4829,C[C@]12C=CC(=O)C=C1[C@@H](F)C[C@H]1[C@@H]3C[C@H](O)[C@](O)(C(=O)CO)[C@@]3(C)C[C@@H](O)[C@@]12F,1
4830,CC1(C)O[C@H]2C[C@@H]3[C@H]4CC5=CC(=O)C=C[C@@]5(C)[C@]4(F)[C@H](O)C[C@]3(C)[C@@]2(C(=O)COC(=O)c2cc3ccccc3o2)O1,1
4831,CC(C)(C)CC(=O)OCC(=O)[C@]12OC(C)(C)O[C@H]1C[C@@H]1[C@H]3CC4=CC(=O)C=C[C@@]4(C)[C@]3(F)[C@@H](O)C[C@@]12C,1
4832,CCC1(CC)O[C@H]2C[C@@H]3[C@H]4CCC5=CC(=O)C=C[C@@]5(C)[C@]4(F)[C@@H](O)C[C@]3(C)[C@@]2(C(=O)CO)O1,1
4833,CC1(C)O[C@H]2C[C@@H]3[C@H]4CC[C@@H]5CC(=O)CC[C@@]5(C)[C@]4(F)[C@@H](O)C[C@]3(C)[C@@]2(C(=O)CO)O1,1
4834,C=C[C@H]1O[C@H]2C[C@H]3[C@@H]4CCC5=CC(=O)C=C[C@@]5(C)[C@]4(F)[C@@H](O)C[C@]3(C)[C@@]2(C(=O)CO)O1,1
4835,CCC(=O)O[C@]1(C(=O)COC)[C@H](C)C[C@@H]2[C@H]3CCC4=CC(=O)C=C[C@@]4(C)[C@]3(F)[C@@H](O)C[C@@]21C,1
4836,CCC(=O)OCC(=O)[C@@]1(OC(=O)CC)[C@H](C)C[C@@H]2[C@H]3CCC4=CC(=O)C=C[C@@]4(C)[C@]3(F)[C@@H](O)C[C@@]21C,1
4837,C[C@H]1C[C@@H]2[C@H]3CCC4=CC(=O)C=C[C@@]4(C)[C@]3(F)[C@@H](O)C[C@]2(C)[C@@]1(OC(=O)c1ccccc1)C(=O)CO,1
4838,CC(=O)O[C@@H](C)C(=O)[C@@]1(O)CC[C@@H]2[C@H]3CCC4=CC(=O)C=C[C@@]4(C)[C@]3(F)[C@@H](O)C[C@@]21C,1
4839,C[C@@]12C=CC(=O)C=C1CC[C@H]1[C@@H]3C[C@@H]4Cc5ccccc5C[C@]4(C(=O)CO)[C@]3(C)C[C@H](O)[C@]12F,1
4840,CC(=O)OCC(=O)[C@]1(O)[C@H](C)C[C@@H]2[C@H]3CCC4=CC(=O)C=C[C@@]4(C)[C@]3(F)[C@@H](O)C[C@]21C,1
4841,C[C@@]12CCC(=O)C=C1CC[C@@H]1[C@H]3CC[C@@](O)(C(=O)CO)[C@]3(C)C[C@H](O)[C@]12F,1
4842,C[C@@]12C=CC(=O)C=C1CC[C@@H]1[C@H]3CC[C@@](O)(C(=O)CO)[C@]3(C)C[C@H](O)[C@]12F,1
4843,C=C1C[C@@H]2[C@H]3CCC4=CC(=O)C=C[C@@]4(C)[C@]3(F)[C@@H](O)C[C@@]2(C)[C@]1(O)C(=O)CO,1
4844,CC(=O)OCC(=O)[C@]12OC3(CCCC3)O[C@@H]1C[C@H]1[C@@H]3CCC4=CC(=O)C=C[C@@]4(C)[C@]3(F)[C@@H](O)C[C@]12C,1
4845,CC1(C)O[C@H]2C[C@@H]3[C@H]4CCC5=CC(=O)C=C[C@@]5(C)[C@]4(F)[C@@H](O)C[C@@]3(C)[C@@]2(C(=O)CO)O1,1
4846,C[C@@H]1C[C@@H]2[C@H]3CCC4=CC(=O)C=C[C@@]4(C)[C@]3(F)[C@@H](O)C[C@@]2(C)[C@]1(C)C(=O)CO,1
4847,CC[C@@H]1OC(=O)[C@H](C)[C@H](O[C@@H]2C[C@@](C)(OC)[C@@H](O)[C@H](C)O2)[C@@H](C)[C@H](O[C@@H]2O[C@@H](C)C[C@H](N(C)C)[C@@H]2O)[C@@](C)(O)C[C@@](C)(F)C(=O)[C@@H](C)[C@H](O)[C@@]1(C)O,0
4848,NC/C(=C\F)CCc1ccc(F)cc1,1
4849,COc1cc2c(c(CN[C@H]3CCCN[C@H]3c3ccccc3)c1)OCC2,1
4850,CC1=N[C@@H]2Cc3ccccc3N=C(N3CCN(C)CC3)N2N1,1
4851,CN1CCC23NC(=O)CC(c4cc(Cl)ccc4O2)C3C1,1
4852,CN1CCN2c3ncccc3Cc3ccccc3[C@@H]2C1,1
4853,Cc1ccc2c(c1)[C@@H]1CN(C)CC[C@H]1N2,1
4854,Cc1ccc2c(c1)[C@@]13CCCC[C@@H]1[C@@H](C2)N(C)CC3,1
4855,C[C@H]1[C@@H](c2ccccc2)OCCN1C,1
4856,Cc1ccc(CC2=CN=C(NCCSCc3ccc(CN(C)C)o3)NC2)cn1,0
4857,CN(C(=O)Cc1ccc(Cl)c(Cl)c1)[C@H]1CCCC[C@H]1N1CCCC1,1
4858,CCC(=O)O[C@@]1(C(=O)SCCl)[C@@H](C)C[C@@H]2[C@H]3C[C@@H](F)C4=CC(=O)C=C[C@@]4(C)[C@]3(F)[C@@H](O)C[C@]21C,1
4859,CCOC(=O)O[C@]1(C(=O)OCCl)CC[C@@H]2[C@H]3CCC4=CC(=O)C=C[C@]4(C)[C@@H]3[C@H](O)C[C@@]21C,1
4860,CC(=O)OCC(=O)[C@]12OC(C)(C)O[C@H]1C[C@@H]1[C@H]3CC(C=O)=C4C=C(OCCCl)CC[C@]4(C)[C@]3(F)[C@@H](O)C[C@@]12C,1
4861,CC(=O)CC(=O)[C@]12OC(C)(C)O[C@H]1C[C@H]1[C@@H]3CC(C#N)=C4C=C(OCCCl)CC[C@]4(C)[C@@]3(F)[C@H](O)C[C@]12C,1
4862,O=C1N[C@@H](CCCl)Oc2ccccc21,1
4863,CCC(=O)O[C@@]1(C(=O)CCl)[C@@H](C)C[C@@H]2[C@H]3CCC4=CC(=O)C=C[C@@]4(C)[C@]3(F)[C@@H](O)C[C@]21C,1
4864,C[C@H]1C[C@@H]2[C@H]3C[C@@H](F)C4=CC(=O)C=C[C@@]4(C)[C@]3(F)[C@@H](O)C[C@@]2(C)[C@]1(O)C(=O)CCl,1
4865,CC1(C)O[C@H]2C[C@@H]3[C@H]4CCC5=CC(=O)CC[C@@]5(C)[C@]4(F)[C@@H](O)C[C@]3(C)[C@@]2(C(=O)CCl)O1,1
4866,CC1(C)O[C@H]2C[C@@H]3[C@H]4C[C@H](F)C5=CC(=O)C=C[C@@]5(C)[C@]4(Cl)[C@@H](Cl)C[C@@]3(C)[C@@]2(C(=O)CCl)O1,1
4867,CCCC(=O)O[C@]1(C(=O)CCl)[C@@H](C)C[C@@H]2[C@H]3CCC4=CC(=O)C=C[C@@]4(C)[C@]3(F)C(=O)C[C@@]21C,1
4868,C[C@@H]1C[C@H]2[C@@H]3CCC4=CC(=O)C=C[C@]4(C)[C@@]3(Cl)[C@@H](O)C[C@@]2(C)[C@@]1(OC(=O)c1ccco1)C(=O)CCl,1
4869,C[C@H]1C[C@@H]2[C@H]3CCC4=CC(=O)C=C[C@@]4(C)[C@]3(F)C(=O)C[C@]2(C)[C@@]1(O)C(=O)CCl,1
4870,C[C@H]1C[C@@H]2[C@H]3CCC4=CC(=O)C=C[C@@]4(C)[C@]3(F)[C@@H](O)C[C@]2(C)[C@@]1(O)C(=O)CCl,1
4871,CCC(=O)N1CCN(C(=O)O[C@H]2C3=C(SCCS3)C(=O)N2c2ccc3ccc(Cl)nc3n2)CC1,1
4872,CC(C)CCC(=O)C[C@H]1c2ccccc2C(=O)N1c1ccc2ccc(Cl)nc2n1,1
4873,CC(C)(Oc1ccc(Cl)cc1)C(=O)N[C@H](C(=O)N[C@@H]1C(=O)N2[C@@H]1SC(C)(C)[C@H]2C(=O)O)c1ccccc1,0
4874,CC(C)/N=C1\C=C2C(=C[C@@H]1Nc1ccc(Cl)cc1)Nc1ccccc1N2c1ccc(Cl)cc1,0
4875,C[C@@H](N)C(=O)OC(C)(C)Cc1ccc(Cl)cc1,1
4876,CC(C)C[C@H](N(C)C)C1(c2ccc(Cl)cc2)CCC1,1
4877,OCCOCCOCCN1CCN([C@H](c2ccccc2)c2ccc(Cl)cc2)CC1,1
4878,OCCOCCN1CCN([C@H](c2ccccc2)c2ccc(Cl)cc2)CC1,1
4879,O=C(O)COCCN1CCN([C@H](c2ccccc2)c2ccc(Cl)cc2)CC1,0
4880,CC(C)(C)c1ccc(CN2CCN([C@H](c3ccccc3)c3ccc(Cl)cc3)CC2)cc1,1
4881,CN1CCCN([C@H](c2ccccc2)c2ccc(Cl)cc2)CC1,1
4882,CN1CCN([C@H](c2ccccc2)c2ccc(Cl)cc2)CC1,1
4883,O[C@]1(c2ccc(Cl)cc2)c2ccccc2[C@@H]2NCCN21,1
4884,C[C@H](CN(C)C)O[C@@](C)(c1ccccc1)c1ccc(Cl)cc1,0
4885,Clc1ccc([C@H]2[C@H]3CC[C@H](C3)[C@]23CCC(N2CCOCC2)=N3)cc1,1
4886,O=C1NC(=O)[C@@]2(c3ccc(Cl)cc3)C[C@@H]12,1
4887,CN(C)CCO[C@](C)(c1ccccc1)c1ccc(Cl)cc1,1
4888,O[C@](C1=NCCN1)(c1ccc(Cl)cc1)c1ccccn1,1
4889,CN1c2ccccc2[C@H](NCCCCCCC(=O)O)c2ccc(Cl)cc2S1(=O)=O,1
4890,CCN(CC)CCC[C@@H](C)Nc1ccnc2cc(Cl)ccc12,0
4891,CN(C)CC/C=C1\c2ccccc2CNc2cc(Cl)ccc21,1
4892,O=C1OCC[C@H]1C1(O)CCN(CCCN2c3ccccc3Sc3ccc(Cl)cc32)CC1,1
4893,CCO[C@@H]1CCN(C(=O)c2cc(-c3ccccc3)c(=O)n3c2-c2cc(Cl)ccc2CC3)C1,1
4894,CC(C)(C)C(=O)O[C@@H]1N=C(c2ccccc2)c2cc(Cl)ccc2NC1=O,1
4895,CN1C(=O)[C@@H](O)N=C(c2ccccc2F)c2cc(Cl)ccc21,1
4896,N#CCCN1C(=O)[C@H](O)N=C(c2ccccc2F)c2cc(Cl)ccc21,1
4897,CCOC(=O)[C@@H]1N=C(c2ccccc2F)c2cc(Cl)ccc2NC1=O,1
4898,COC(=O)[C@@H]1[C@H]2C[C@@H]3c4[nH]c5ccc(Cl)cc5c4CCN3C[C@@H]2C[C@H](OC(=O)c2cc(OC)c(OC)c(OC)c2)[C@H]1OC,1
4899,CN1C[C@@H]2Cc3ccc(Cl)cc3[C@H](c3ccccc3)[C@H]2C1,1
4900,O=C1C[C@@H]2c3cc(Cl)ccc3O[C@]3(CCNC[C@H]23)N1,1
4901,ON1CC(NCC2CC2)=Nc2ccc(Cl)cc2[C@@H]1c1ccccc1,1
4902,CNC1=Nc2ccc(Cl)cc2[C@H](c2ccccc2)N(O)C1,1
4903,O=C1CN(O)[C@@H](c2ccccc2)c2cc(Cl)ccc2N1,1
4904,CCNC1=Nc2ccc(Cl)cc2[C@@H](c2ccccc2)S1,1
4905,O=C1CN2CCO[C@]2(c2ccccc2F)c2cc(Cl)ccc2N1CCO,1
4906,OCCN1CCN(CC/C=C2\c3ccccc3COc3ccc(Cl)cc32)CC1,1
4907,CNC(=O)CCN1CCN(CC/C=C2\c3ccccc3Sc3ccc(Cl)cc32)CC1,1
4908,CN(C)CC/C=C1\c2ccccc2Sc2ccc(Cl)cc21,1
4909,Clc1ccc2c(c1)/C(=C/[C@@H]1CN3CCC1CC3)c1ccccc1S2,1
4910,C[C@@H]1O[C@]2(CCCC[C@H]2Oc2cccc(Cl)c2)NC1=O,1
4911,O=C1N(CCCN2CCN(c3cccc(Cl)c3)CC2)N[C@H]2C=CC=CN12,1
4912,C[C@H](NC(C)(C)C)C(=O)c1cccc(Cl)c1,1
4913,C=C1c2c(Cl)ccc(O)c2C(=O)C2=C(O)[C@@]3(O)C(=O)C(C(N)=O)=C(O)[C@H](N(C)C)[C@@H]3[C@H](O)[C@H]12,0
4914,CN(C)[C@@H]1C(O)=C(C(N)=O)C(=O)[C@@]2(O)C(O)=C3C(=O)c4c(O)ccc(Cl)c4[C@@](C)(O)[C@@H]3C[C@H]12,0
4915,CN(C)[C@@H]1C(O)=C(C(N)=O)C(=O)[C@]2(O)C(O)=C3C(=O)c4c(O)ccc(Cl)c4[C@@H](O)[C@H]3C[C@@H]12,0
4916,COc1ccc(Cl)c2c1CCC[C@@H]2N(C)C,1
4917,CN(C)[C@H]1C(O)=C(C(=O)NCO)C(=O)[C@@]2(O)C(O)=C3C(=O)c4c(O)ccc(Cl)c4[C@](C)(O)[C@@H]3C[C@H]12,0
4918,CC1=C(C(=O)O)N2C(=O)[C@@H](NC(=O)[C@H](N)c3ccc(O)c(Cl)c3)[C@@H]2SC1,0
4919,COc1cc(N)c(Cl)cc1C(=O)N[C@H]1CCN(CCCOc2ccc(F)cc2)C[C@@H]1OC,1
4920,CCC(=O)N(c1ccc(Cl)c(Cl)c1)[C@H]1CCC[C@@H]1N(C)C,1
4921,O=C(Cc1ccc(Cl)c(Cl)c1)N1CCc2ccsc2[C@H]1CN1CCCC1,1
4922,CN(C(=O)Cc1ccc(Cl)c(Cl)c1)[C@H]1CC[C@]2(CCCO2)C[C@@H]1N1CCCC1,1
4923,CC(C)[C@H](CN1CCCC1)N(C)C(=O)Cc1ccc(Cl)c(Cl)c1,1
4924,CN(C)[C@](C)(CO)Cc1ccc(Cl)c(Cl)c1,1
4925,CN1C(=O)CCS(=O)(=O)[C@@H]1c1ccc(Cl)c(Cl)c1,1
4926,CN[C@@H]1CC[C@@H](c2ccc(Cl)c(Cl)c2)c2ccccc21,1
4927,CO[C@H](C(=O)N[C@H]1C(=O)N2[C@@H]1SC(C)(C)[C@H]2C(=O)O)c1ccc(Cl)c(Cl)c1,0
4928,COc1ccc2c(c1)CN(C)C[C@@H]2c1ccc(Cl)c(Cl)c1,1
4929,CN[C@@H]1C[C@H](c2ccc(Cl)c(Cl)c2)c2ccccc21,1
4930,CC(=O)OCC1=C(C(=O)O)N2C(=O)[C@H](NC(=O)c3c(-c4ccccc4Cl)noc3C)[C@H]2SC1,0
4931,Cc1onc(-c2c(F)cccc2Cl)c1C(=O)N[C@H]1C(=O)N2[C@@H]1SC(C)(C)[C@@H]2C(=O)O,0
4932,Cc1onc(-c2ccccc2Cl)c1C(=O)N[C@@H]1C(=O)N2[C@@H](C(=O)O)C(C)(C)S[C@@H]12,0
4933,Cc1onc(-c2c(Cl)cccc2Cl)c1C(=O)N[C@@H]1C(=O)N2[C@@H](C(=O)O)C(C)(C)S[C@@H]12,0
4934,CN1c2ccc(Cl)cc2C(c2ccccc2Cl)=NC[C@@H]1CO,1
4935,CN(C)C(=O)C1=N[C@@H](CNC(=O)CN)N(c2ccc(Cl)cc2C(=O)c2ccccc2Cl)N1,1
4936,COC1=CC(=O)O[C@@H]1[C@@H](O)c1ccccc1Cl,1
4937,C[C@H]1CO[C@]2(c3ccccc3Cl)c3cc(Cl)ccc3NC(=O)CN12,1
4938,CC[C@@H](C)n1ncn(-c2ccc(N3CCN(c4ccc(OC[C@@H]5CO[C@@](CN6CN=CN6)(c6ccc(Cl)cc6Cl)O5)cc4)CC3)cc2)c1=O,0
4939,N[C@H]1N=C(Cl)Nc2c1ncn2[C@H]1C[C@@H](O)[C@@H](CO)O1,1
4940,N[C@@H](C(=O)N[C@@H]1C(=O)N2C(C(=O)O)=C(Cl)CS[C@@H]12)c1ccccc1,0
4941,N[C@@H](C(=O)N[C@@H]1C(=O)N2C(C(=O)O)=C(Cl)CC[C@@H]12)c1ccccc1,0
4942,C[C@]12C=CC(=O)C=C1C(Cl)=C[C@@H]1[C@@H]2[C@@H](O)C[C@]2(C)[C@H]1CC[C@@]2(O)C(=O)CO,1
4943,C[C@H]1C[C@@H]2[C@H]3C[C@@H](F)C4=CC(=O)C(Cl)=C[C@@]4(C)[C@]3(F)[C@@H](O)C[C@]2(C)[C@@]1(O)C(=O)CO,1
4944,CS(=O)(=O)c1ccc([C@@H](O)[C@H](CO)NC(=O)C(Cl)Cl)cc1,1
4945,CS(=O)(=O)c1ccc([C@@H](O)[C@H](CF)NC(=O)C(Cl)Cl)cc1,1
4946,CC(=O)c1ccc([C@@H](O)[C@H](CO)NC(=O)C(Cl)Cl)cc1,1
4947,O=C(N[C@@H](CO)[C@H](O)c1ccc([N+](=O)[O-])cc1)C(Cl)Cl,1
4948,O=C(N[C@H](CO)[C@H](O)C1CCC([N+](=O)[O-])CC1)C(Cl)Cl,1
4949,O[C@H](OCC(CO[C@@H](O)C(Cl)(Cl)Cl)(CO[C@H](O)C(Cl)(Cl)Cl)CO[C@H](O)C(Cl)(Cl)Cl)C(Cl)(Cl)Cl,1
4950,Cc1ccccc1OC[C@@H](CO[C@@H](O)C(Cl)(Cl)Cl)O[C@H](O)C(Cl)(Cl)Cl,1
4951,C[C@H](CC(C)(C)O)O[C@H](O)C(Cl)(Cl)Cl,1
4952,O=C1N([C@@H](O)C(Cl)(Cl)Cl)CNC1(c1ccccc1)c1ccccc1,1
4953,OC[C@H](O)[C@@H]1O[C@@H]2O[C@H](C(Cl)(Cl)Cl)O[C@H]2[C@H]1O,1
4954,O[C@@H]1[C@@H](O[C@@H]2[C@@H](OCCOCCO[C@H](O)C(Cl)(Cl)Cl)[C@H](O)[C@H](O)O[C@H]2COCCO[C@H](O)C(Cl)(Cl)Cl)O[C@H](COCCOCCO[C@@H](O)C(Cl)(Cl)Cl)C[C@@H]1O[C@@H](O)C(Cl)(Cl)Cl,1
4955,CCCC(=O)OCC(=O)[C@]1(OC(=O)CCC)[C@@H](C)C[C@H]2[C@@H]3CCC4=CC(=O)C=C[C@]4(C)[C@@]3(Cl)[C@H](Cl)C[C@]21C,1
4956,C[C@]12C=CC(=O)C=C1CC[C@H]1[C@@H]3CC[C@@](O)(C(=O)CO)[C@]3(C)C[C@@H](Cl)[C@@]12Cl,1
4957,CCC[C@H]1C[C@@H](C(=O)N[C@H]([C@H]2O[C@@H](SC)[C@H](OP(=O)(O)O)[C@@H](O)[C@@H]2O)[C@H](C)Cl)N(C)C1,0
4958,CCC[C@H]1C[C@@H](C(=O)N[C@@H]([C@H]2O[C@H](SC)[C@H](O)[C@@H](O)[C@@H]2O)[C@H](C)Cl)N(C)C1,0
4959,CCCCC[C@@H]1CN[C@@H](C(=O)N[C@@H]([C@@H]2O[C@H](SC)[C@@H](O)[C@H](O)[C@H]2O)[C@H](C)Cl)C1,0
4960,CCCC(=O)O[C@@]1(C(=O)COC(C)=O)[C@@H](C)C[C@H]2[C@@H]3CCC4=CC(=O)C=C[C@]4(C)[C@@]3(Cl)[C@H](O)C[C@]21C,1
4961,C[C@@H]1C[C@H]2[C@@H]3CCC4=CC(=O)C=C[C@]4(C)[C@@]3(Cl)[C@H](O)C[C@@]2(C)[C@]1(O)C(=O)CO,1
4962,C[C@@H]1C[C@H]2[C@@H]3C[C@@H](F)C4=CC(=O)C=C[C@]4(C)[C@@]3(Cl)[C@H](F)C[C@@]2(C)[C@@H]1C(=O)CO,1
4963,CCC(=O)OCC(=O)[C@@]1(OC(=O)CC)[C@@H](C)C[C@H]2[C@@H]3CCC4=CC(=O)C=C[C@]4(C)[C@@]3(Cl)[C@@H](O)C[C@]21C,1
4964,CC(=O)OCC(=O)[C@]1(O)CC[C@H]2[C@@H]3C[C@H](Cl)C4=CC(=O)C=C[C@@]4(C)[C@H]3C(=O)C[C@]21C,1
4965,C[C@@]12C=CC(=O)C=C1[C@@H](Cl)C[C@@H]1[C@@H]2C(=O)C[C@]2(C)[C@H]1CC[C@@]2(O)C(=O)CO,1
4966,CCC(=O)OCC(=O)[C@]1(OC(=O)CC)[C@@H](C)C[C@@H]2[C@@H]3[C@H]([C@@H](O)C[C@]21C)[C@]1(C)C=CC(=O)C=C1C[C@@H]3Cl,1
4967,C[C@@H]1C[C@H]2[C@H]3[C@H]([C@@H](O)C[C@@]2(C)[C@]1(O)C(=O)CO)[C@@]1(C)C=CC(=O)C=C1C[C@@H]3Cl,1
4968,CC(=O)CC(=O)[C@@]1(O)CC[C@@H]2[C@H]3CCC4=CC(=O)C=C[C@@]4(C)[C@]3(Cl)[C@@H](Cl)C[C@@]21C,1
4969,CC1(C)O[C@H]2C[C@@H]3[C@H]4C[C@H](F)C5=CC(=O)C=C[C@@]5(C)[C@]4(Cl)[C@@H](Cl)C[C@@]3(C)[C@@]2(C(=O)CO)O1,1
4970,CC1(C)O[C@H]2C[C@@H]3[C@H]4C[C@H](F)C5=CC(=O)C=C[C@@]5(C)[C@]4(Cl)[C@@H](Cl)C[C@@]3(C)[C@@]2(C(=O)CF)O1,1
4971,CC(=O)OCC(=O)[C@H]1[C@@H](C)C[C@@H]2[C@H]3C[C@H](F)C4=CC(=O)C=C[C@@]4(C)[C@]3(Cl)[C@@H](O)C[C@@]21C,1
4972,C[C@H]1C[C@@H]2[C@H]3C[C@H](F)C4=CC(=O)C=C[C@@]4(C)[C@]3(Cl)[C@@H](O)C[C@]2(C)[C@H]1C(=O)COC(=O)C(C)(C)C,1
4973,C[C@H]1C[C@@H]2[C@H]3C[C@H](F)C4=CC(=O)C=C[C@@]4(C)[C@]3(Cl)[C@@H](O)C[C@]2(C)[C@H]1C(=O)CO,1
4974,CO[C@]1(F)C(F)(F)[C@]1(F)Cl,1
4975,C#C[C@](O)(/C=C/Cl)CC,1
4976,Cl/C(=C\N1CN=CN1)c1ccc(Cl)cc1Cl,1
4977,CCN(CC)CC=C1c2ccccc2Nc2cc(Cl)ccc21,1
4978,CCCN(CCCCN1C(=O)CC2(CCCC2)CC1=O)C1COc2cccc(OC)c2C1,1
4979,CCc1cccc(/N=C(/C)Nc2cccc(CC)c2)c1,1
4980,CC1CC2C3CC(F)(F)C4=CC(=O)C=CC4(C)C3(F)C(O)CC2(C)C1(O)C(=O)CO,1
4981,Cc1ccc2c(c1)c1c3n2CCN[C@@H]3CCC1,1
4982,CC1OC(=O)C(C(C)C)NC(=O)C(C(C)C)OC(=O)C(C(C)C)NC(=O)C(C)OC(=O)C(C(C)C)NC(=O)C(C(C)C)OC(=O)C(C(C)C)NC(=O)C(C)OC(=O)C(C(C)C)NC(=O)C(C(C)C)OC(=O)C(C(C)C)NC1=O,0
4983,CC1(C)C(NC(=O)C(=NOCC(=O)O)c2csc(N)n2)C(=O)N1OS(=O)(=O)O,0
4984,CC[C@H](C)C(=O)O[C@H]1C[C@H](O)C=C2C=C[C@H](C)[C@@H](CC[C@H](O)C[C@H](O)CC(=O)O)[C@H]21,0
4985,CC[C@@H](NC(=O)c1c(OCCCN(C)C)c(-c2ccccc2)nc2ccccc12)c1ccccc1,1
4986,CC[C@@H](NC(=O)c1c(OCCCC(=O)O)c(-c2ccccc2)nc2ccccc12)c1ccccc1,0
4987,CC[C@@H](NC(=O)c1c(OCC(=O)O)c(-c2ccccc2)nc2ccccc12)c1ccccc1,0
4988,CC[C@@H](NC(=O)c1c(Cn2ccnc2)c(-c2ccccc2)nc2ccccc12)c1ccccc1,0
4989,CC[C@@H](NC(=O)c1c(OCCNC(=O)Cc2ccccc2C(=O)O)c(-c2ccccc2)nc2ccccc12)c1ccccc1,0
4990,CC[C@@H](NC(=O)c1c(O)c(-c2ccccc2)nc2ccccc12)c1ccccc1,1
4991,CC(=O)OCC1=COC(OC(=O)CC(C)C)C2C1=CC(OC(=O)CC(C)(C)OC(C)=O)C21CO1,1
4992,CC(C)C[C@@H]1C(=O)N2CCC[C@@H]2[C@]2(O)O[C@@](NC(=O)[C@@H]3C=C4c5cccc6[nH]c(Br)c(c56)C[C@@H]4N(C)C3)(C(C)C)C(=O)N12,0
4993,CC(=O)N1CCN(C(=O)Cc2ccccc2)[C@@H](CN2CC[C@H](O)C2)C1,0
4994,CC#C[C@@]1(O)CC[C@H]2[C@H]3CCC4=CC(=O)CCC4=C3[C@H](c3ccc(N(C)C)cc3)C[C@]21C,0
4995,CSc1ccc(CC(=O)N2CCN(C(C)=O)C[C@H]2CN2CC[C@H](O)C2)cc1,0
4996,C[C@@H]1NCCO[C@@H]1c1ccccc1,1
4997,C[C@@H]1CCCC[C@@]1(c1cccs1)N1CCCCC1,1
4998,C[C@@H](O)[C@H]1C(=O)N2C(C(=O)O)=C(S[C@H]3CC[S@@](=O)C3)S[C@H]12,0
4999,C[C@@]12CC[C@H]3[C@@H](CCC4=CC(=O)CC[C@]43C)[C@H]1CC[C@@H]2O,1
5000,C[C@@]12C[C@H](O)[C@H]3[C@@H](CCC4=CC(=O)CC[C@]43C)[C@H]1CC[C@H]2C(=O)CO,0
5001,C#C[C@]1(O)CC[C@H]2[C@@H]3[C@H](CC[C@@]21C)C1=C(CC(=O)CC1)C[C@@H]3C,1
5002,C[C@]12C[C@H](O)[C@@H]3[C@@H](CCC4=CC(=O)CC[C@]43C)[C@H]1CC[C@@]2(O)C(=O)CO,0
5003,C[C@]12N[C@H](Cc3ccccc31)c1ccccc12,1
5004,C/N=C(\NC#N)NCCSCc1csc(N=C(N)N)n1,1
5005,CN1CCC[C@@H](CN2c3ccccc3Sc3ccccc32)C1,1
5006,c1ccc2c(c1)Sc1ccccc1N2C[C@H]1CN2CCC1CC2,1
5007,CN1CC[C@@](C)(CN2c3ccccc3Sc3ccccc32)C1,1
5008,c1ccc([C@H]2CCN(C[C@@H]3CCCc4c3ccc3c4OCO3)C2)cc1,1
5009,C[C@@H]1CN(CCCn2c3ccccc3c3ccccc32)C[C@H](C)N1,1
5010,CC[C@]1(c2ccccc2)OC[C@@H]([C@H]2CCCCN2)O1,1
5011,C1=CCc2c([nH]c3c2[C@@H](Cc2ccccc2)NCC3)C1,1
5012,COC[C@@H]1CN=C(c2ccccc2Cl)c2cc(Br)ccc2N1C,1
5013,O=C1CN2CCO[C@]2(c2ccccc2F)c2cc(Br)ccc2N1,1
5014,O=C1C[C@@H](c2cccc(Br)c2)C(=O)N1,1
5015,CCNCNCCSCc1ncccc1Br.N#CN,0
5016,CC(C)C[C@H]1C(=O)N2CCC[C@@H]2[C@]2(O)O[C@](NC(=O)[C@@H]3C=C4c5cccc6[nH]c(Br)c(c56)C[C@H]4N(C)C3)(C(C)C)C(=O)N12,0
5017,CC(=O)OCC(=O)[C@@]1(OC(C)=O)CC[C@H]2[C@@H]3C[C@H](F)C4=CC(=O)C(Br)=C[C@]4(C)[C@@]3(F)[C@H](O)C[C@@]21C,1
5018,F[C@@H](Br)CC(F)(F)F,1
5019,CC(=O)O[C@H]1CC[C@]2(C)[C@@H]3CC[C@]4(C)[C@@H](CC[C@H]4[C@@H](C)CCCC(C)C)[C@@H]3C[C@H](Br)[C@@]2(Br)C1,1
5020,FC(F)(F)[C@H](Cl)Br,1
5021,CC(C)[C@@H](Br)C(=O)NC(N)=O,1
5022,C[C@@H](Cc1ccccc1)[N+](C)([O-])Cc1ccccc1,1
5023,c1ccc2c(c1)CCc1cccc3c1[C@@H]2CN1CCCC[C@H]31,1
5024,O=C1Nc2ccc(Cl)cc2[C@](C#CC2CC2)(C(F)(F)F)O1,0
5025,Cc1nc2n(c(=O)c1CCN1CCC(c3noc4cc(F)ccc34)CC1)CCC[C@@H]2O,1
5026,CC(=O)N1CCN(C(=O)Cc2ccc(Cl)c(Cl)c2)[C@H](CN2CCCC2)C1,1
5027,Clc1ccc2c(c1)[C@@H]1CNC[C@@H]1c1ccccc1O2,1
5028,Clc1ccc2c(c1)[C@@H]1CCNC[C@@H]1c1ccccc1O2,1
5029,CN1CC[C@H]2c3cc(Cl)ccc3Oc3ccccc3[C@H]2C1,1
5030,CN1Cc2c(-c3noc([C@@](C)(O)CO)n3)ncn2-c2cccc(Cl)c2C1=O,0
5031,CCOC(=O)N1CCN(C(=O)Cc2ccc(Cl)c(Cl)c2)[C@H](CN2CCCC2)C1,1
5032,COC(=O)N1CCN(C(=O)Cc2ccc(Cl)c(Cl)c2)[C@H](CN2CCCC2)C1,1
5033,O=C(Cc1ccc(Cl)c(Cl)c1)N1CCN(CCO)C[C@H]1CN1CC[C@@H](O)C1,0
5034,CN1CCN(C(=O)Cc2ccc(Cl)c(Cl)c2)[C@H](CN2CCCC2)C1,1
5035,CC1(C)CCN(C(=O)Cc2ccc(Cl)c(Cl)c2)[C@H](CN2CCCC2)C1,1
5036,O=C1NC(=O)[C@@]2(CCN(C(=O)Cc3ccc(Cl)c(Cl)c3)[C@H](CN3CCCC3)C2)N1,0
5037,[C-]#[N+]C(=Cc1ccc(O)cc1)C(=Cc1ccc(O)cc1)[N+]#[C-],0
5038,c1ccc([C@@H]2CN3CCS[C@H]3N2)cc1,1
5039,c1ccc([C@@H]2CN[C@H]3NCCN32)cc1,1
5040,c1ccc(C2(c3ccccc3)OC[C@@H]([C@H]3CCCCN3)O2)cc1,1
5041,CCC[C@H](C)CC,1
5042,Cc1nccn1[C@H](C)c1ccccc1,1
5043,CC1CC2C3CCC4=CC(=O)C=CC4(C)C3(Cl)C(Cl)CC2(C)C1(O)C(=O)CO,1
5044,CC(=O)OCC(=O)C1(O)CCC2C3CCC4=CC(=O)C=CC4(C)C3(Cl)C(Cl)CC21C,1
5045,CC1(C)OC2CC3C4CCC5=CC(=O)C=CC5(C)C4(F)C(O)CC3(C)C2(C(=O)COC(=O)c2cc3ccccc3o2)O1,1
5046,CC(C)(C)CC(=O)OCC(=O)C12OC(C)(C)OC1CC1C3CCC4=CC(=O)C=CC4(C)C3(F)C(O)CC12C,1
5047,Nc1nc(=O)c2ncn(CCC(O)CO)c2[nH]1,1
5048,CC(C)C(N)C(=O)OCC(CO)OCn1cnc2c(=O)nc(N)[nH]c21,1
5049,CC(C)C(N)C(=O)OCCOCn1cnc2c(=O)nc(N)[nH]c21,1
5050,C#CCNC1CCc2ccccc21,1
5051,CNC(=O)OC1OC(=O)C2(C)C3C=CC(C3)C12,1
5052,CC(=O)C1CCC2C3CC(C)C4=CC(=O)CCC4(C)C3C(O)CC12C,1
5053,COC1CCC2C3Cc4ccc(O)c5c4C2(CCN3C)C1O5,1
5054,CC(=O)OC1CCC2(C)C3CCC4(C)C(C(C)CCCC(C)C)CCC4C3CC(Br)C2C1Br,1
5055,CC12C=C(Br)C(=O)C=C1C(F)CC1C3CCC(O)(C(=O)CO)C3(C)CC(O)C12F,1
5056,CC(=O)OCC(=O)C12OC(C)(C)OC1CC1C3CC(C#N)=C4C=C(OCCCl)CCC4(C)C3(F)C(O)CC12C,1
5057,C[S+](CCC(N)C(=O)O)CC1OC(n2cnc3c(N)ncnc32)C(O)C1O,1
5058,CC1CC2C3CCC4=CC(=O)C=CC4(C)C3(Cl)C(O)CC2(C)C1(O)C(=O)CCl,1
5059,CC(=O)C1(O)C(O)CC2C3CCC4=CC(=O)C=CC4(C)C3(F)C(O)CC21C,1
5060,COC(=O)C1(O)CCC2C3CCC(=O)C4C(=O)C=CC4(C)C3C(O)CC21C,1
5061,Nc1nc(=O)c2c([nH]1)NCC(CNc1ccc(C(=O)NC(CCC(=O)O)C(=O)O)cc1)N2C=O,1
5062,CN(C)C1C(=O)C(=C(N)O)C(=O)C2(O)C(=O)C3=C(O)c4c(O)ccc(Cl)c4C(C)(O)C3CC12,0
5063,OCCN1CCCN(CCCN2c3ccccc3Sc3cc(C(F)(F)F)ccc32)CC1,1
5064,CC(C)(ON=C(C(=O)NC1C(=O)N2C(C(=O)O)=C(C[n+]3ccccc3)CSC12)c1csc(N)n1)C(=O)O,1
5065,[N-]=[N+]=NCC(=O)NC(CO)C(O)c1ccc([N+](=O)[O-])cc1,1
5066,COC1(NC(=O)CSC(F)(F)F)C(=O)N2C(C(=O)O)=C(CSc3nnnn3CCO)COC21,0
5067,Cc1cn[o+]c(C([NH])CC(C)C(C)(C)N(C(C)(C)C)C(C)(N)N)c1O,1
5068,CC(Cc1ccccc1)n1cc(NC(=O)Nc2ccccc2)[o+]n1,1
5069,CC(O)C1C(=O)N2C(C(=O)O)=C(SC3CCS(=O)C3)SC12,0
5070,CC(N)(Cc1ccc(O)c(O)c1)C(=O)O,0
5071,CC12COC(=O)CC1CCC1C2CCC2(C)C1CCC2(C)O,0
5072,CC12Cc3cn[nH]c3CC1CCC1C2CCC2(C)C1CCC2(C)O,0
5073,CC12CCC(=O)C=C1CCC1C2CCC2(C)C1CCC2(C)O,0
5074,CC12CCC3C(CCC4=CC(=O)C=CC43C)C1CCC(=O)O2,0
5075,C#CC1(O)CCC2C3CCC4=CC(=O)CCC4C3CCC21C,0
5076,CC12CCC3C4CCC(=O)C=C4CCC3C1CCC2O,0
5077,C#CC1(O)CCC2C3CCc4cc(O)ccc4C3CCC21C,0
5078,CC12CCC3c4ccc(O)cc4CCC3C1CCC2=O,0
5079,CC12CCC(=O)C=C1CCC1C2C(O)CC2(C=O)C(C(=O)CO)CCC12,0
5080,CC(CCC(=O)O)C1CCC2C3C(=O)CC4CC(=O)CCC4(C)C3CC(=O)C12C,0
5081,CC1CC2C3CCC4=CC(=O)C=CC4(C)C3(F)C(O)CC2(C)C1(O)C(=O)CO,0
5082,CC1C=CC=CC=CC=CC=CC=CC=CC(OC2OC(C)C(O)C(N)C2O)CC2OC(O)(CC(O)CC(O)C(O)CCC(O)CC(O)CC(=O)OC(C)C(C)C1O)CC(O)C2C(=O)O,0
5083,CC1OC(OC2C(O)CC(OC3C(O)CC(OC4CCC5(C)C(CCC6C5CCC5(C)C(C7=CC(=O)OC7)CCC65O)C4)OC3C)OC2C)CC(O)C1O,0
5084,Cc1oc(C(C)(C)N(C(C)(C)N)C(C)(C)N)c(C)c1C,1
5085,COc1cccc(CC(=O)N2CCN(C(C)=O)CC2CN2CCC(O)C2)c1,0
5086,COC(C(=O)C(O)C(C)O)C1Cc2cc3cc(OC4CC(OC5CC(O)C(O)C(C)O5)C(O)C(C)O4)c(C)c(O)c3c(O)c2C(=O)C1OC1CC(OC2CC(OC3CC(C)(O)C(O)C(C)O3)C(O)C(C)O2)C(O)C(C)O1,1
5087,NC(=O)CCCNC(=C1C=C(F)C=CC1=O)c1ccc(Cl)cc1,1
5088,CCCCNC(=C1C=C(Cl)C=CC1=O)c1ccccc1Cl,1
5089,NC(N=O)=C1NNc2ccccc2N(Cc2ccccc2)C1=O,1
5090,CC(=O)C1=C(O)C2(O)C(=O)c3c(c(C)c4ccc(C)c(O)c4c3O)CC2C(N)C1=O,0
5091,CC(=O)OCC1=C(C(=O)O)N2C(=O)C(NC(=O)CCCC(N)C(=O)O)C2SC1,0
5092,CC(=O)SC1CC2=CC(=O)CCC2(C)C2CCC3(C)C(CCC34CCC(=O)O4)C12,0
5093,CC(NC(=O)C(N)Cc1ccc(O)cc1)C(=O)NCC(=O)NC(Cc1ccccc1)C(=O)NC(C(N)=O)C(C)C,0
5094,CC(C)N1CCN(c2ccc(OCC3COC(Cn4cncn4)(c4ccc(Cl)cc4Cl)O3)cc2)CC1,0
5095,CC1(C)SC2C(NC(=O)C(NC(=O)Nc3cnc(Nc4ccc(S(N)(=O)=O)cc4)[nH]c3=O)c3ccc(O)cc3)C(=O)N2C1C(=O)O,0
5096,CC1(C)SC2C(NC(=O)C(Oc3ccccc3)c3ccccc3)C(=O)N2C1C(=O)O,0
5097,CC1(C)SC2C(NC(=O)C(NC(=O)c3c[nH]c4cccnc4c3=O)c3ccccc3)C(=O)N2C1C(=O)O,0
5098,CC1(C)SC2C(N(C(=N)c3ccncc3)C(C(=O)NC(=O)CN)c3ccccc3)C(=O)N2C1C(=O)O,0
5099,CC1=C(C(=O)O)N2C(=O)C(NC(=O)C(N)c3ccccc3)C2SC1,0
5100,CC1OC(OC2C=C3CCC4C(CCC5(C)C(c6ccc(=O)oc6)CCC45O)C3(C)CC2)C(O)C(O)C1O,0
5101,CC=CC=CC1OC(O)(C(CC)C(=O)NCC=CC=C(C)C(OC)C(C)C2OC(C=CC=CC=C(C)C(=O)c3c(O)n(C)ccc3=O)C(O)C2O)C(O)C(OC2OC(C)C(OC3OC(C)C(OC)C(O)C3OC)C(OC)C2O)C1(C)C,0
5102,CCC(C)C1OC2(CCC1C)CC1CC(CC=C(C)C(OC3CC(OC)C(OC4CC(OC)C(O)C(C)O4)C(C)O3)C(C)C=CC=C3COC4C(O)C(C)=CC(C(=O)O1)C34O)O2,0
5103,CCC(C)C(N)C1=NC(C(=O)NC(CC(C)C)C(=O)NC(CCC(=O)O)C(=O)NC(C(=O)NCCCCC2NC(=O)C(CC(N)=O)NC(=O)C(CC(=O)O)NC(=O)C(Cc3cnc[nH]3)NC(=O)C(Cc3ccccc3)NC(=O)C(C(C)CC)NC(=O)C(CCCN)NC2=O)C(C)CC)CS1,0
5104,CCCCCC(O)C=CC1C(O)CC(=O)C1CCCCCCC(=O)O,0
5105,C=C(C)C1CCC(C)=CC1c1c(O)cc(CCCCC)cc1O,1
5106,CCCCCc1cc(O)c2c(c1)OC(C)(C)C1CCC(C)=CC21,1
5107,CCCCCCCCCC(=O)NC1C(Oc2c3cc4cc2Oc2ccc(cc2Cl)C(OC2OC(CO)C(O)C(O)C2NC(C)=O)C2NC(=O)C(NC(=O)C4NC(=O)C4NC(=O)C(Cc5ccc(c(Cl)c5)O3)NC(=O)C(N)c3ccc(O)c(c3)Oc3cc(O)cc4c3)c3ccc(O)c(c3)-c3c(OC4OC(CO)C(O)C(O)C4O)cc(O)cc3C(C(=O)O)NC2=O)OC(CO)C(O)C1O,0
5108,C=C1c2cccc(O)c2C(O)=C2C(=O)C3(O)C(=O)C(=C(N)O)C(=O)C(N(C)C)C3C(O)C12,0
5109,CN(C)C1C(=O)C(=C(N)O)C(=O)C2(O)C(=O)C3=C(O)c4c(O)ccc(Cl)c4C(O)C3CC12,0
5110,CN(C)C1C(=O)C(=C(N)O)C(=O)C2(O)C(=O)C3=C(O)c4c(O)cccc4C(O)C3CC12,0
5111,CN(C)C1C(=O)C(=C(N)O)C(=O)C2(O)C(=O)C3=C(O)c4c(O)ccc([N+](=O)[O-])c4CC3CC12,0
5112,CN(C)C1C(=O)C(=C(N)O)C(=O)C2(O)C(=O)C3=C(O)c4c(ccc(N)c4O)CC3CC12,0
5113,CN(C)C1C(=O)C(=C(O)NCO)C(=O)C2(O)C(=O)C3=C(O)c4c(O)ccc(Cl)c4C(C)(O)C3CC12,0
5114,CN(C)C1C(=O)C(=C(O)NC(C(=O)O)N2CCN(CCO)CC2)C(=O)C2(O)C(=O)C3=C(O)c4c(O)cccc4C(C)(O)C3CC12,0
5115,CN(CCN(C)CNC(O)=C1C(=O)C(N(C)C)C2CC3C(=C(O)c4c(O)cccc4C3(C)O)C(=O)C2(O)C1=O)CNC(O)=C1C(=O)C(N(C)C)C2CC3C(=C(O)c4c(O)cccc4C3(C)O)C(=O)C2(O)C1=O,0
5116,CN(C)C1C(=O)C(=C(O)NCN2CCCC(C(=O)O)C2)C(=O)C2(O)C(=O)C3=C(O)c4c(O)cccc4C(C)(O)C3CC12,0
5117,CN(C)C1C(=O)C(=C(O)NCN2CCCC2)C(=O)C2(O)C(=O)C3=C(O)c4c(O)cccc4C(C)(O)C3CC12,1
5118,CN(C)C1C(=O)C(=C(O)NCNC(C(=O)NC2C(=O)N3C2SC(C)(C)C3C(=O)O)c2ccccc2)C(=O)C2(O)C(=O)C3=C(O)c4c(O)cccc4C(C)(O)C3CC12,0
5119,CN(C)C1C(=O)C(=C(N)O)C(=O)C2(O)C(=O)C3=C(O)c4c(O)cccc4C(C)(O)C3CC12,0
5120,C=C1c2c(Cl)ccc(O)c2C(O)=C2C(=O)C3(O)C(=O)C(=C(N)O)C(=O)C(N(C)C)C3C(O)C12,0
5121,CN(C)C1C(=O)C(=C(O)NCN2CCN(C(=N)N=C(N)N)CC2)C(=O)C2(O)C(=O)C3=C(O)c4c(O)cccc4C(C)(O)C3CC12,0
5122,CN(C)C1C(=O)C(=C(O)NCN2CCN(CCO)CC2)C(=O)C2(O)C(=O)C3=C(O)c4c(O)cccc4C(C)(O)C3CC12,0
5123,CN(C)NN=C1N=CN=C1C(N)=O,1
5124,CNC(C)C(O)c1ccccc1,0
5125,CNC1C(OC2C(OC3C(O)C(O)C(N=C(N)N)C(O)C3N=C(N)N)OC(C)C2(O)C=O)OC(CO)C(O)C1O,0
5126,CNC1C(OC2C(OC3C(O)C(O)C(N=C(N)N)C(O)C3N=C(N)N)OC(C)C2(O)CO)OC(CO)C(O)C1O,0
5127,CN1C(=C(O)Nc2ccccn2)C(=O)c2ccccc2S1(=O)=O,0
5128,Cc1cnc(NC(O)=C2C(=O)c3ccccc3S(=O)(=O)N2C)s1,0
5129,Cc1cc(NC(O)=C2C(=O)c3ccccc3S(=O)(=O)N2C)no1,0
5130,CN1C(=C(O)Nc2ccccn2)C(=O)c2sccc2S1(=O)=O,0
5131,Cc1cc(=O)c(C(=O)NC(C(=O)NC2C(=O)N3C(C(=O)O)=C(CSc4nnnn4C)CSC23)c2ccc(O)cc2)c[nH]1,0
5132,CON=C(C(=O)NC1C(=O)N2C(C(=O)O)=CCSC12)c1csc(N)n1,0
5133,COC1C(OC(N)=O)C(O)C(Oc2ccc3c(=O)c(NC(=O)c4ccc(O)c(CC=C(C)C)c4)c(O)oc3c2C)OC1(C)C,0
5134,COC(=O)C1C2CC3c4[nH]c5cc(OC)ccc5c4CCN3CC2CC(OC(=O)C=Cc2cc(OC)c(OC)c(OC)c2)C1OC,1
5135,COC(=O)C1C2CC3c4[nH]c5cc(OC)ccc5c4CCN3CC2CC(OC(=O)c2cc(OC)c(OC)c(OC)c2)C1OC,1
5136,COC1C=COC2(C)Oc3c(C)c(O)c4c(c3C2=O)C(=O)C(=CNN2CCN(C3CCCC3)CC2)C(=C4O)NC(=O)C(C)=CC=CC(C)C(O)C(C)C(O)C(C)C(OC(C)=O)C1C,0
5137,COC(=O)C1C(O)CCC2CN3CCc4c([nH]c5ccccc45)C3CC21,0
5138,COC1=CC=C2C3Cc4ccc(OC)c5c4C2(CCN3C)C1O5,1
5139,COc1cc(C2c3cc4c(cc3C(OC3OC5COC(c6cccs6)OC5C(O)C3O)C3COC(=O)C23)OCO4)cc(OC)c1O,1
5140,COc1ccc(CC(N)C(=O)NC2C(CO)OC(n3cnc4c(N(C)C)ncnc43)C2O)cc1,0
5141,C#CC1(O)CCC2C3CCc4cc(OC)ccc4C3CCC21C,0
5142,COc1cccc(OC)c1C(=O)NC1C(=O)N2C1SC(C)(C)C2C(=O)O,0
5143,COCCCC(=O)OC(C)OC(=O)C1=C(COC(N)=O)CSC2C(NC(=O)C(=NOC)c3ccco3)C(=O)N12,0
5144,NC(C(=O)NC1C(=O)N2C(C(=O)O)=C(CSc3cn[nH]n3)CSC12)c1ccc(O)cc1,0
5145,NC(N)=NN=Cc1c(Cl)cccc1Cl,0
5146,CC1c2cccc(O)c2C(O)=C2C(=O)C3(O)C(=O)C(=C(N)O)C(=O)C(N(C)C)C3C(O)C21,0
5147,CC(O)C1C(=O)N2C(C(=O)O)=C(SCCN=CN)CC12,0
5148,CN(C)C1C(=O)C(=C(N)O)C(=O)C2(O)C(=O)C3=C(O)c4c(O)cccc4C(C)(O)C3C(O)C12,0
5149,O=C1C=CC=CC1=C1NN=CO1,1
5150,O=C(Cc1cccs1)NC1C(=O)N2C(C(=O)O)=C(CSc3ncn[nH]3)CSC12,0
5151,O=C(O)C1=CC(=NNc2ccc(S(=O)(=O)Nc3ccccn3)cc2)C=CC1=O,0
5152,O=c1c(OC2OC(CO)C(O)C(O)C2O)c(-c2ccc(O)c(O)c2)oc2cc(O)cc(O)c12,0
5153,O=c1[nH]c(=O)n(C2CC(O)C(CO)O2)cc1F,0
5154,OCC1OC(n2cnc3c2NC=NCC3O)CC1O,1
5155,O=C1CC2SC(C3(O)CN4C(=O)CC4S3)CN12,1
5156,CN1CC[C@]23c4c5ccc(OC6O[C@H](C(=O)O)[C@@H](O)[C@H](O)[C@H]6O)c4O[C@H]2[C@@H](O)C=C[C@H]3[C@H]1C5,0
5157,CN1CC[C@]23c4c5ccc(O)c4O[C@H]2[C@@H](OC2O[C@H](C(=O)O)[C@@H](O)[C@H](O)[C@H]2O)C=C[C@H]3[C@H]1C5,0
5158,Cc1ccc(CC2CNC(NCCCCc3ncc(Br)cc3C)NC2=O)cn1,0
5159,CN1Cc2c(-c3noc(C(C)(O)O)n3)ncn2-c2cccc(Cl)c2C1=O,0
5160,OC[C@H]1O[C@@](CO)(O[C@H]2O[C@H](CO)[C@@H](O)[C@H](O)[C@H]2O)[C@@H](O)[C@@H]1O,0
5161,C=CCc1cccc(/C=N\NC(=O)CN2CCN(Cc3ccc(S(N)(=O)=O)cc3)CC2)c1O,0
5162,O=C(O)c1nc2ccc(C(F)(F)F)cc2nc1NCc1ccc(C(F)(F)F)cc1,0
5163,CC(=O)NC1C(O)OC(COS(=O)(=O)O)C(OC2OC(COS(=O)(=O)O)C(O)C(O)C2O)C1O,0
5164,NC(N)=Nc1nc(-c2ccc(O)c(O)c2)cs1,0
5165,CCNc1cccnc1N1CCN(C(=O)c2cc3cc(NS(C)(=O)=O)ccc3[nH]2)CC1,0
5166,CO[C@H]1/C=C/O[C@@]2(C)Oc3c(C)c(O)c4c(O)c(c(/C=N/N5CCN(C)CC5)c(O)c4c3C2=O)NC(=O)C/C(C)=C\C=C\[C@@H](C)C(O)[C@@H](C)[C@H](O)[C@H](C)[C@H](OC(C)=O)[C@@H]1C,0
5167,CN[C@H]1C(=O)N[C@@H]2Cc3ccc(cc3)Oc3cc4cc(c3O[C@@H]3O[C@H](CO)[C@@H](O)[C@H](O)[C@H]3NC(=O)CCCCCCCCC(C)C)Oc3ccc(cc3Cl)[C@@H](O)[C@@H]3NC(=O)[C@H](NC(=O)[C@@H]4NC(=O)[C@@H](NC2=O)c2cc(cc(O)c2Cl)Oc2cc1ccc2O)c1ccc(O)c(c1)-c1c(O[C@H]2O[C@H](CO)[C@@H](O)[C@H](O)[C@@H]2O)cc(O)cc1[C@@H](C(=O)NCCCN(C)C)NC3=O,0
5168,CN=C(NC#N)NCCSCC1=NC=NC1C,0
5169,CCCc1nc(C)c2c(=O)[nH]c(-c3cc(S(=O)(=O)N4CCN(CC)CC4)ccc3OCC)nn12,0
5170,NCc1c[n+]2ccccc2[nH]1,0
5171,Nc1ccc(C(=O)O)cc1,0
5172,Cc1ccccc1N=C1N(C)CCN1C,0
5173,O=C(O)c1cc(=O)c2c(Cl)cc(Cl)cc2[nH]1,0
5174,CCCc1nn(C)c2c(=O)[nH]c(-c3cc(S(=O)(=O)N4CCN(C)CC4)ccc3OCC)nc12,0
5175,Cc1ccc(N=C2N(C)CCN2C)c(C)c1,0
5176,Nc1nc(NCCc2ccc(O)cc2)nc2nc(-c3ccco3)nn12,0
5177,O=c1[nH]cnc2c1ncn2[C@@H]1CC[C@H](CO)O1,0
5178,CN/C(=C/[N+](=O)[O-])NCCSc1ccc(CN(C)C)o1,0
5179,CN=C(C[N+](=O)[O-])NCCCSc1ccc(CN(C)C)o1,0
5180,CC(=O)Oc1ccc(/C=C/C(=O)NCCc2ccccc2)cc1OC(C)=O,0
5181,Cc1ccc(/C(=C\CN2CCCC2)c2cccc(/C=C/C(=O)O)n2)cc1,0
5182,CN(C)CCc1c[nH]c2ccc(CC3COC(=O)N3)cc12,0
5183,CN1CC(=O)N2C(Cc3c([nH]c4ccccc34)C2c2ccc3c(c2)OCO3)C1=O,0
5184,COC(=O)[C@@H]1C(=O)C=C(Nc2cccc([N+](=O)[O-])c2)C[C@H]1C,0
5185,Cc1cc2ccccc2n1CCNC(=O)/C=C/c1ccc(OCCO)c(OCCO)c1,0
5186,Cc1c(O)cccc1C(=O)N[C@@H](CSc1ccccc1)[C@@H](O)CN1CC2CCCCC2C[C@H]1C(=O)CNC(C)(C)C,0
5187,CCS(=O)(=O)c1ccc(-c2ccc3cc(O)ccc3c2Oc2ccc(OCCN3CCCCC3)cc2)cc1,0
5188,Nc1cccc(CN2CCC(NC(=O)[C@](O)(c3ccccc3)[C@@H]3CCC(F)(F)C3)CC2)n1,0
5189,CC1CCN(CCC2CCN2S(=O)(=O)C2=CC(O)=CCC2)CC1,0
5190,Nc1ccccc1NC(=O)c1ccc(CNC(=O)OCc2ccccc2)cc1,0
5191,CS(=O)(=O)c1ccc(-c2ccc3cc(O)ccc3c2Oc2ccc(OCCN3CCCCC3)cc2)cc1,0
5192,C=C(C)C(=O)/C(=C/C(=O)O)OC,0
5193,CCn1nnc(NC(=O)C2c3ccccc3Oc3ccccc32)n1,0
5194,CN1CCN(Cc2ccc(Nc3ncc(Cl)c(Nc4ccccc4S(=O)(=O)N(C)C)n3)cc2)CC1,0
5195,C/C=C/C(C)C(O)C1C(=O)NC(CC)C(=O)N(C)CC(=O)N(C)C(CC(C)C)C(=O)NC(C(C)C)C(=O)N(C)C(CC(C)C)C(=O)NC(C)C(=O)NC(C)C(=O)N(C)C(CC(C)C)C(=O)N(C)C(CC(C)C)C(=O)N(C)C(CC(C)C)C(=O)N1C,0
5196,C/C=C/[C@@H](C)[C@@H](O)[C@@H]1C(=O)N[C@H](CC)C(=O)N(C)CC(=O)N(C)[C@H](CC(C)C)C(=O)N[C@H](C(C)C)C(=O)N(C)[C@H](CC(C)C)C(=O)N[C@H](C)C(=O)N[C@H](C)C(=O)N(C)[C@H](CC(C)C)C(=O)N(C)[C@H](CC(C)C)C(=O)N(C)[C@H](CC(C)C)C(=O)N1C,0
5197,C/C=C/[C@@H](C)[C@@H](O)[C@H]1C(=O)N[C@@H](CC)C(=O)N(C)CC(=O)N(C)[C@@H](CC(C)C)C(=O)N[C@@H](C(C)C)C(=O)N(C)[C@@H](CC(C)C)C(=O)N[C@@H](C)C(=O)N[C@H](C)C(=O)N(C)[C@@H](CC(C)C)C(=O)N(C)[C@@H](CC(C)C)C(=O)N(C)[C@@H](CC(C)C)C(=O)N1C,0
5198,Oc1ccc(-c2ccc3cc(O)ccc3c2Oc2ccc(OCCN3CCCCC3)cc2)cc1,0
5199,CN(C)Cc1ccc(CSCCNc2cc(Cc3ccccc3)c[nH]2)o1,0
5200,Cc1cn(C2CC(N[NH+]=[N-])C(CO)O2)c(=O)[nH]c1=O,0
5201,Cc1cn([C@@H]2C[C@H](N=[N+]=[N-])[C@H](CO)O2)c(=O)[nH]c1=O,0
5202,C/C=C/CC(C)C(O)C1C(=O)NC(CC)C(=O)N(C)CC(=O)N(C)C(CC(C)C)C(=O)NC(C(C)C)C(=O)N(C)C(CC(C)C)C(=O)NC(C)C(=O)NC(C)C(=O)N(C)C(CC(C)C)C(=O)N(C)C(CC(C)C)C(=O)N(C)C(C(C)C)C(=O)N1C,0
5203,COc1ccc(CCN(C)CCC[C@](C#N)(c2ccc(OC)c(OC)c2)C(C)C)cc1OC,0
5204,O=C1CC=[N+](C2CC(F)C(CO)O2)C(=O)N1,0
5205,NC(=O)c1cnn(C2OC(CO)C(O)C2O)n1,0
5206,Nc1cc(N)c(N)cc1N,0
5207,Cc1cccc(COc2cccc(/C=C3\C(=O)NN(c4ccccc4)C3=O)c2)c1,0
5208,O=C1NCC(c2ccccc2)C2(CCN(C(=O)c3cc(C(F)(F)F)cc(C(F)(F)F)c3)CC2)O1,0
5209,CC(=O)Cc1ccc(C(=O)Nc2cc(-c3cccs3)ccc2N)cc1,0
5210,COc1ccc2c3c1O[C@H]1[C@H](O)CC[C@@]4(O)C(C2)N(C)CC[C@]314,0
5211,Cc1nc(N2CCc3ccccc3CC2)c([N+](=O)[O-])c(=O)[nH]1,0
5212,O=C(Cc1ccc(OCc2ccccc2)cc1)Nc1ccc2ccn(CCN3CCCC3)c2c1,0
5213,CC(=O)Nc1ccc(C(=O)Nc2ccccc2N)cc1,0
5214,Oc1cccc(-c2ccc3cc(O)ccc3c2Oc2ccc(OCCN3CCCCC3)cc2)c1,0
5215,CC(=O)OC1C(=O)[C@@]2(C)[C@H](C(OC(=O)c3ccccc3)[C@]3(O)C[C@H](OC(=O)[C@H](O)C(NC(=O)c4ccccc4)c4ccccc4)C(C)=C1C3(C)C)C1(OC(C)=O)CO[C@@H]1C[C@@H]2O,0
5216,CN(C)c1ccc(O)c2c1C[C@H]1C[C@H]3[C@@H](N(C)C)C(=O)C(C(N)=O)=C(O)[C@@]3(O)C(=O)C1=C2O,0
5217,CN(C)c1ccc(O)c2c1C[C@H]1C[C@H]3[C@H](N(C)C)C(=O)C(C(N)=O)=C(O)[C@@]3(O)C(=O)C1=C2O,0
5218,COc1cc(/C=C/C(=O)NCCn2c(C)cc3ccccc32)cc(OC)c1OC,0
5219,O=c1[nH]c2ccc(S(=O)CCN3CCC(Cc4ccc(F)cc4)CC3)cc2o1,0
5220,O=C(CF)NCCCCCC(=O)Nc1ccccc1,0
5221,CC1=C(/C=C/C(C)=C/C=C/C(C)=C\C(=O)O)C(C)(C)CCC1,0
5222,CC1=C(/C=C/C(C)=C/C=C/C(C)=C/C(=O)O)C(C)(C)CCC1,0
5223,CC(C)(C)NC(=O)[C@@]1(c2c(C(=O)O)[nH]c3cc(Cl)ccc23)N2C(=O)[C@]21c1ccc(OCc2ccc(Cl)cc2)cc1,0
5224,CC1CN(Cc2ncccn2)CC1c1nc2c(cnn2C2CCOCC2)c(=O)[nH]1,0
5225,Cc1nc(NC(=O)C2c3ccccc3Oc3ccccc32)no1,0
5226,CC(C)(C)/[N+]([O-])=C/c1cc[n+]([O-])cc1,0
5227,CN(C)S(=O)(=O)c1ccc(-c2ccc3cc(O)ccc3c2Oc2ccc(OCCN3CCCCC3)cc2)cc1,0
5228,CC(=O)O[C@H]1Cc2ccccc2[C@@H](C(N)=O)c2ccccc21,0
5229,NC(=O)[C@H]1c2ccccc2[C@H]2O[C@H]2c2ccccc21,0
5230,CC(C)c1nc(-c2ncn3c2CNC(=O)c2c(Cl)cccc2-3)no1,0
5231,N#Cc1cc(C2=Nc3ccc(-c4ccccc4F)cc3NC(=O)C2)ccn1,0
5232,CN1C(=O)C2N=CN=C2N(C)C1=O,0
5233,CN1C(=O)C2NC=NC2N(C)C1=O,0
5234,CN(C)Cc1ccnc(-c2cccc(NC3NC=CC3[N+](=O)[O-])c2)c1,0
5235,CN1CN(c2ccccc2)C2(CCN(CCCC(=O)c3ccc([123I])s3)CC2)C1=O,0
5236,NC(=O)c1ccccc1,0
5237,COc1cc(N)c(Cl)cc1C(=O)N[C@@H]1CCNC[C@@H]1OC,0
5238,OCC(O)CO,0
5239,Clc1ccc(C(Cn2ccnc2)OCc2ccsc2Cl)c(Cl)c1,0
5240,CC(C)Cc1ccc([C@@H](C)C(=O)O)cc1,0
5241,CCC(=O)N[C@@H]1C(=O)NC(=O)NC1=NC[C@H](O)[C@H](O)[C@H](O)CO,0
5242,C=CCc1cccc(/C=N\NC(=O)CN2CCN(Cc3ccccc3)CC2)c1O,0
5243,CC(N)C(=O)O,0
5244,COC(=O)[C@@H]1C(=O)C=C(Nc2cccc(OC(F)(F)F)c2)C[C@H]1C,0
5245,Cn1nnc2ccc([C@H](c3ccc(Cl)cc3)n3cncn3)cc21,0
5246,N#Cc1ccsc1C1=Nc2ccc(Cl)cc2NC(=O)C1,0
5247,CC(C)NCCCOc1cccc(CN2CCCCC2)c1,0
5248,CC(C)n1nnc(NC(=O)C2c3ccccc3Oc3ccccc32)n1,0
5249,CN1C[C@H](CCn2c3c(c4ccccc42)C(=O)NCC3)CC1=O,0
5250,CN(C)C1CCN(Cc2ccc(C(=O)Nc3cc(-c4ccccc4)ccc3N)cc2)CC1,0
5251,Cc1cc(-c2cc(N)n3nc(-c4ccccn4)nc3c2)ccn1,0
5252,COC1/C=C\C=C(\C)C(=O)NC2=CC(=O)C(NCCN(C)C)=C(CC(C)CC(OC)C(O)C(C)/C=C(/C)C1OC(N)=O)C2=O,0
5253,CO[C@H]1/C=C\C=C(/C)C(=O)NC2=CC(=O)C(NCCN(C)C)=C(C[C@H](C)C[C@@H](OC)[C@@H](O)[C@H](C)/C=C(\C)[C@@H]1OC(N)=O)C2=O,0
5254,Cn1nc(CC(=O)NC2CC[N+]3(C)CCCC2C3)c2ccccc21,0
5255,CC1CCN(CCC2CCN2S(=O)(=O)c2cccc(O)c2)CC1,0
5256,COc1cc2c(cc1OC)[C@H]1Cc3ccc(OC)c(OC)c3CN1CC2,0
5257,Cn1cc(-c2ccncc2)c(-c2ccc(OCc3ccc4ccccc4n3)cc2)n1,0
5258,CN1C(=O)C2C(N=CN2C)N(C)C1=O,0
5259,CNCc1ccc(C(=O)Nc2cc(-c3ccccc3)ccc2N)cc1,0
5260,CC1C=[N+](C2CC(N=[N+]=N)C(CO)O2)C(=O)NC1=O,0
5261,CN1CCCC12CCN(Cc1ccc(C(=O)Nc3cc(-c4ccccc4)ccc3N)cc1)CC2,0
5262,CCN1CN(c2ccccc2)C2(CCN(CCCC(=O)c3ccc(F)cc3)CC2)C1=O,0
5263,CC(C)CC(N)C(=O)O,0
5264,N#Cc1c(COc2ccccn2)nc(N)nc1-c1ccco1,0
5265,N#Cc1c(N2CCc3ccccc3CC2)ncn(CCO)c1=O,0
5266,NC(=Nc1ccccc1)Nc1ccccc1,0
5267,C[C@H](Nc1cc(-c2c(-c3cccc(C(F)(F)F)c3)nc(C3CCNCC3)n2C)ccn1)c1ccccc1,0
5268,C=CCOc1ccccc1OCC(O)CNC(C)C,0
5269,O=C(CC1=NC2NN(c3ccccc3)C(=O)C2=C1CC(=O)c1cccc2ccccc12)c1cccc2ccccc12,0
5270,N#[N+]O,0
5271,CCn1c(C)nc(N2CCc3ccccc3CC2)c([N+](=O)[O-])c1=O,0
5272,N[C@@H](Cc1ccc(B(O)O)cc1)C(=O)O,0
5273,CCCN(CCC)c1cc(C)nc2c(-c3cnc(N(C)C)cc3C)c(C)nn12,0
5274,CC[C@@]1(O)C[C@@H]2C[N@@](CCc3c([nH]c4ccccc34)[C@](C(=O)OC)(c3cc4c(cc3OC)N(C)C3[C@]45CCN4CC=C[C@](CC)(C45)[C@@H](OC(C)=O)[C@]3(O)C(=O)OC)C2)C1,0
5275,CNC(=O)Oc1ccc2c(c1)[C@@]1(C)CCN(C)[C@@H]1N2C,0
5276,O=C(O)c1ccccc1C(=O)OC1CCc2ccccc2C1,0
5277,CN1C2=C3N=c4ccccc4=C3CCN2C(=O)c2ccccc21,0
5278,Clc1cccc(Cl)c1N[C@@H]1N=CCN1,0
5279,CCC[C@@H](C)C1(CC)C(=O)NC(=O)NC1=O,0
5280,F/C=C\O/C=C/F,0
5281,FC=COC=CF,0
5282,OC[C@H]1OC(OC2=C(c3ccc(O)c(O)c3)OC3C=C(O)C=C(O)C3=C2)[C@H](O)[C@@H](O)[C@@H]1O,0
5283,OC[C@H]1O[C@@H](Oc2cc3c(O)cc(O)cc3[o+]c2-c2ccc(O)c(O)c2)[C@H](O)[C@@H](O)[C@@H]1O,0
5284,CC(O)C(=O)O,0
5285,N#Cc1cccc(-c2ccc3cc(O)ccc3c2Oc2ccc(OCCN3CCCCC3)cc2)c1,0
5286,COc1ccc2c3c1O[C@H]1C[C@@H](O)C=C[C@@]31CCNC2,0
5287,CC(=O)O[C@H]1C(=O)[C@]2(C)[C@H]([C@@H](OC(=O)c3ccccc3)[C@]3(O)C[C@H](OC(=O)[C@@H](O)[C@H](NC(=O)c4ccc(F)cc4)c4ccccc4)C(C)=C1C3(C)C)[C@]1(OC(C)=O)CO[C@@H]1C[C@@H]2O,0
5288,CC(=O)O[C@H]1C(=O)[C@@]2(C)[C@H]([C@H](OC(=O)c3ccccc3)[C@]3(O)C[C@H](OC(=O)[C@H](O)[C@@H](NC(=O)c4ccc(F)cc4)c4ccccc4)C(C)=C1C3(C)C)[C@]1(OC(C)=O)CO[C@@H]1C[C@@H]2O,0
5289,CN(C)Cc1ccccc1Sc1cc(F)c(Cl)cc1N,0
5290,COCCn1c(C)nc(N2CCC(c3ccc(F)cc3)CC2)c([N+](=O)[O-])c1=O,0
5291,CN1[C@H]2CC(OC(=O)C(CO)c3ccccc3)C[C@H]1[C@H]1O[C@H]12,0
5292,COc1cc(/C=C/C(=O)NCCn2c(C(F)(F)F)cc3ccccc32)cc(OC)c1OC,0
5293,CCCN1CCC[C@@H]2Cc3nc(N)ncc3C[C@H]21,0
5294,F[C@H](Br)C(F)(F)F,0
5295,CC(C)=CCN1Cc2cc(Cl)cc3[nH]c(=S)n(c23)C[C@@H]1C,0
5296,CCC(NC(=O)c1c(C)c(-c2ccccc2)cc2ccccc12)c1ccccc1,0
5297,Cc1nc2sccn2c(=O)c1CCN1CCC(=C(c2ccc(F)cc2)c2ccc(F)cc2)CC1,0
5298,N#Cc1cccc(C2=Nc3ccc(C#Cc4ccccc4)cc3NC(=O)C2)c1,0
5299,CCc1cc2cc(C(=O)C3CCC(OC)CC3)ccc2nc1C,1
5300,Cc1ccccc1-c1ccc(N)cc1N(C)C(=O)C(C)(C)c1cc(C(F)(F)F)cc(C(F)(F)F)c1,1
5301,CN(C)c1ccc(O)c(CNc2cccc3ccc(CO)nc23)c1,1
5302,Clc1ccc2c(c1)[C@H]1CNC[C@@H]1c1ccccc1O2,1
5303,COc1cc2c(c(CN[C@H]3CCCN[C@@H]3c3ccccc3)c1)OCC2,1
5304,Cc1cccc2c1Oc1ccccc1C1(O)CNCC21,1
5305,CC[C@H](C)[C@H]1O[C@@]2(CC[C@H]1C)C[C@@H]1C[C@@H](CC=C(C)[C@@H](O[C@H]3C[C@H](OC)[C@@H](O[C@H]4C[C@H](OC)[C@H](O)[C@H](C)O4)[C@H](C)O3)[C@H](C)C=CC=C3COC4[C@H](O)C(C)=C[C@@H](C(=O)O1)[C@]34O)O2,1
5306,CCN(CCC#N)c1ccccc1,1
5307,N#CCCNCCc1ccccc1,1
5308,CN(C)c1ccnc2sc3c(=O)n(C4CCCCCC4)cnc3c12,1
5309,O=C(NCCCCN1CCC(Oc2cccc(C(F)(F)F)c2)CC1)c1ccnc2ccccc12,1
5310,CC(C)=CCN1CC[C@@]2(C)c3cc(O)ccc3CC1C2C,1
5311,C/C=C/C[C@@H](C)[C@@H](O)[C@H]1C(=O)N[C@@H](CC)C(=O)N(C)CC(=O)N(C)[C@@H](CC(C)C)C(=O)N[C@@H](C(C)C)C(=O)N(C)[C@@H](CC(C)C)C(=O)N[C@@H](C)C(=O)N[C@H](C)C(=O)N(C)[C@@H](CC(C)C)C(=O)N(C)[C@@H](CC(C)C)C(=O)N(C)[C@@H](C(C)C)C(=O)N1C,1
5312,C/C(=C(\CCOC(=O)C(N)Cc1ccc(OC(=O)C(C)(C)C)c(OC(=O)C(C)(C)C)c1)SSC(C)C)N(C)C=O,1
5313,COc1ccc2c3c1O[C@H]1[C@@H](O)C=C[C@H]4C(C2)N(C)CCC341,1
5314,COc1ccc2c3c1O[C@H]1[C@H](O)C=C[C@H]4[C@@H](C2)N(C)CC[C@@]341,1
5315,CCC1(O)CC(OC2CC(N3CCOCC3)C(O)C(C)O2)c2c(O)c3c(c(O)c2C1O)C(=O)c1cccc(O)c1C3=O,1
5316,CC[C@@]1(O)C[C@H](O[C@H]2C[C@H](N3CCOCC3)[C@H](O)[C@H](C)O2)c2c(O)c3c(c(O)c2[C@H]1O)C(=O)c1cccc(O)c1C3=O,1
5317,CN1CCN(Cc2ccc(C(=O)Nc3cc(-c4ccccc4)ccc3N)cc2)CC1,1
5318,COc1cccc(CN)c1O,1
5319,COC1=C2O[C@H]3C(=O)C=C[C@H]4[C@H]5CC(C=C1)C2[C@@]34CCN5C,1
5320,CN(c1nc2ccccc2s1)C1CCN(CC(O)COc2ccc(F)c(F)c2)CC1,1
5321,CN(c1nc2ccccc2s1)C1CCN(C[C@H](O)COc2ccc(F)c(F)c2)CC1,1
5322,CN(C)Cc1ccc(C(=O)Nc2ccccc2N)cc1,1
5323,Cc1nc(N2CCc3ccccc3CC2)c(C#N)c(=O)n1CC(F)(F)F,1
5324,Cc1ccc(O)c(Cn2c(NC3CCN(CCN)CC3)nc3c(C)cccc32)n1,1
5325,Cc1ccccc1-c1ccncc1C(=O)N(C)Cc1cc(C(F)(F)F)cc(C(F)(F)F)c1,1
5326,COc1ccc(-c2nc(-c3cccc(CN(C)C)c3)n(CCO)n2)cc1,1
5327,Oc1ccc2c(Oc3ccc(OCCN4CCCCC4)cc3)c(-c3cccc(F)c3)ccc2c1,1
5328,CCCCCCNC(=O)C(c1ccccc1)c1ccccc1,1
5329,CCCCN1C2CC[C@@H]1C[C@@H](OC(c1ccc(F)cc1)c1ccc(F)cc1)C2,1
5330,NCc1cccc(NC(=O)c2ccc3ccccc3c2)c1,1
5331,CCCCN1[C@@H]2CC[C@H]1CC(OC(c1ccc(F)cc1)c1ccc(F)cc1)C2,1
5332,CN(C)Cc1ccc(C(=O)Nc2cc(-c3cccs3)ccc2N)cc1,1
5333,Cc1ccc(/C(=C/CN2CCCC2)c2ccccn2)cc1,1
5334,COc1ccccc1N1CCN(CCCCNC(=O)c2ccc3ccccc3c2)CC1,1
5335,N[C@@H]1C[C@H]1c1ccc(F)cc1,1
5336,CN(C)CCCN1c2ccccc2CCC2CCCCCC21,1
5337,CN(C)CCCN1c2ccccc2Cc2ccccc21,1
5338,CC[C@H](C)C(=O)O[C@H]1C[C@H](C)C=C2C=C[C@H](C)[C@H](CC[C@@H]3C[C@@H](O)CC(=O)O3)[C@H]21,1
5339,CN(C)Cc1ccc(C(=O)Nc2cc(-c3ccccc3)ccc2N)cc1,1
5340,CN(Cc1cc(C(F)(F)F)cc(C(F)(F)F)c1)C(=O)c1cnccc1-c1ccccc1Cl,1
5341,CCC(=O)NC1CCC(CCN2CCN(c3cccc(Cl)c3Cl)CC2)CC1,1
5342,COc1ccc(-c2cc(NCCO)c3ccccc3n2)cc1,1
5343,COc1ccc(CCN2CCN(CCCc3ccccc3I)CC2)cc1OC,1
5344,Oc1ccc2c(Oc3ccc(OCCN4CCCCC4)cc3)c(-c3ccc(F)c(F)c3)ccc2c1,1
5345,O=[SH](O)(c1ccc2cc[nH]c2c1)N1CCCC1CCN1CCC(Oc2cccc(Cl)c2)CC1,1
5346,COc1ccc(C(C)(C)C)cc1CN[C@H]1CCCN[C@H]1c1ccccc1,1
5347,CS(=O)(=O)NC1CCC(CCN2CCN(c3cccc(Cl)c3Cl)CC2)CC1,1
5348,O=C(NCCCCN1CCC(Oc2cccc(C(F)(F)F)c2)CC1)c1ccc(Br)cc1,1
5349,CC(=O)NC1CCC(CCN2CCN(c3cccc(Cl)c3Cl)CC2)CC1,1
5350,COc1ccc(OC(F)(F)F)cc1CN[C@H]1CCCN[C@@H]1c1ccccc1,1
5351,COc1ccc(OC(F)(F)F)cc1CN[C@H]1CCCN[C@H]1c1ccccc1,1
5352,O=C(O)C=C1C=CC(=O)O1,1
5353,O=C(NCCCCN1CCC(Nc2cccc(C(F)(F)F)c2)CC1)c1ccc(Br)cc1,1
5354,Oc1ccc2c(Oc3ccc(OCCN4CCCCC4)cc3)c(-c3ccc(F)cc3)ccc2c1,1
5355,COc1ccc(-c2nc(-c3cccc(CN(C)C)c3)n(C)n2)cc1,1
5356,CC(C)N1CCN(c2ccc(I)cc2)CC1,1
5357,COCn1nc(-c2ccc(OC)cc2)nc1-c1cccc(CN(C)C)c1,1
5358,O=C(CCCN1CCCN(c2ccc(Cl)cc2)CC1)c1ccc(F)cc1,1
5359,CN(C)CCC(c1ccc(Cl)cc1)c1ccccn1,1
5360,CC(C)c1ccc(SCCCC2CCN2C)cc1,1
5361,c1ccc(NC2=NCCN2)cc1,0
5362,O=C1c2c(O)cc(O)cc2CC(c2ccc(O)c(O)c2)C1O,0
5363,NCC(CC(=O)O)c1ccc(Cl)cc1,0
5364,Nc1ccn([C@@H]2CC[C@@H](CO)O2)c(=O)n1,0
5365,CCCn1c(=O)c2[nH]c([C@H]3CCC(=O)C3)nc2n(CCC)c1=O,0
5366,COC(=O)Nc1nc2ccc(C(=O)N3CCN(c4ccccn4)CC3)cc2[nH]1,0
5367,Cc1ccccc1NC1=NCCN1,0
5368,COc1cccnc1CCCCNc1ncc(Cc2cccc(C)n2)c(=O)[nH]1,0
5369,Cc1ccc(NC2=NCCN2)c(C)c1,0
5370,N#CC(c1ccc(Cl)cc1)c1c(Cl)cc(-n2ncc(=O)[nH]c2=O)cc1Cl,0
5371,O=c1[nH]cnc2c1ncn2[C@H]1CC[C@@H](CO)O1,0
5372,COc1ccc2c(c1)C(CC(=O)O)C(C)N2C(=O)c1ccc(Cl)cc1,0
5373,COc1ccc2c(c1)[C@@H](CC(=O)O)[C@H](C)N2C(=O)c1ccc(Cl)cc1,0
5374,CN=C(C[N+](=O)[O-])NCCSCc1ccc(CN(C)C)o1,0
5375,CNC(C[N+](=O)[O-])=NCCSc1ccc(CN(C)C)o1,0
5376,C[C@H]1O[C@@H](O[C@H]2[C@@H](O)C[C@H](O[C@H]3[C@@H](O)C[C@H](O[C@H]4CC[C@@]5(C)[C@H](CC[C@@H]6[C@@H]5C[C@@H](O)[C@]5(C)C(C7=CC(=O)OC7)CC[C@]65O)C4)O[C@@H]3C)O[C@@H]2C)C[C@H](O)[C@@H]1O,0
5377,CCCCCCCCCCCCCCCCOP(=O)([O-])OCC[N+](C)(C)C,0
5378,CN(C)Cc1ccc(SCCNc2[nH]ccc2[N+](=O)[O-])o1,0
5379,CN1CC(C(=O)NC2(C)OC3(O)C4CCCN4C(=O)C(Cc4ccccc4)N3C2=O)CC2C3=CC=CC4NC=CC(=C34)CC21,0
5380,Cc1ccc(Cc2cnc(NCCSCc3ccc(CN(C)C)o3)[nH]c2=O)cn1,0
5381,CN(C)C(=O)Cn1nc(-c2c(-c3ccccc3)nn3ccccc23)ccc1=O,0
5382,COC(=O)C1C(=O)C=C(Nc2cccc([N+](=O)[O-])c2)CC1C,0
5383,COc1cc2c(cc1CNC1C3CCN(C3)C1C(c1ccccc1)c1ccccc1)N(S(C)(=O)=O)CC2,0
5384,Clc1cccc(C(c2ccc3nc[nH]c3c2)n2ccnc2)c1,0
5385,O=C(O)CCCCO/N=C(\c1cccnc1)c1cccc(C(F)(F)F)c1,0
5386,COC(=O)C1C(=O)C=C(Nc2ccc(Cl)cc2)CC1C,0
5387,COc1cc2nc(N3CCN(C(=O)c4ccco4)CC3)nc(N)c2cc1OC,0
5388,COc1ccc(C(C)(C)O)cc1CNC1C2CCN(CC2)C1C(c1ccccc1)c1ccccc1,0
5389,Cc1cc(Cl)ccc1NC1=NCCN1,0
5390,CCc1ccc(-n2cnc3c(sc4nccc(N(C)CCc5ccccn5)c43)c2=O)cc1,0
5391,N[C@H](Cc1ccccc1)C(=O)ON1CCC[C@H]1C(=O)O,0
5392,Nc1ccn(C2CC(CO)C(CO)O2)c(=O)n1,0
5393,C=C(C)C(=O)/C(=C\C(=O)O)OC,0
5394,Nc1ccn([C@@H]2CC(CO)C(CO)O2)c(=O)n1,0
5395,Cc1c(CCOC(=O)c2cc(=O)c3c(Cl)cc(Cl)cc3[nH]2)sc[n+]1C,0
5396,CN(C)Cc1ccc(SCCNc2[nH]cc(Cc3ccccc3)c2[N+](=O)[O-])o1,0
5397,Cc1cn(C2CC(N=[N+]=N)C(CO)O2)c(=O)[nH]c1=O,0
5398,CC1CN(C2CCC(C#N)(c3ccc(F)cc3)CC2)CCC1(C(=O)O)c1ccccc1,0
5399,CC1N=C(N)Nc2cccc(Cl)c21,0
5400,CCCCCCCCCCCCCCCCCCOCC(COP(=O)([O-])OCC[N+](C)(C)C)OC,0
5401,CC[C@@H](C)n1ncn(-c2ccc(N3CCN(c4ccc(OC[C@@H]5CO[C@@](CSc6nncn6C)(c6ccc(Cl)cc6)O5)cc4)CC3)cc2)c1=O,0
5402,O=C(O)c1cc[nH]c1NCCSCc1ncccc1Br,0
5403,Cc1ccc(NC2=NCCN2)c(Cl)c1,0
5404,CC(=O)N1CCN(c2ccc(OCC3CO[C@@](Cn4ccnc4)(c4ccc(Cl)cc4Cl)O3)cc2)CC1,0
5405,NC(=O)C(c1ccccc1)(c1ccccc1)[C@@H]1CCN(CCc2ccc3c(c2)CCO3)C1,0
5406,COc1ccc2c3c1O[C@@H]1C(O)CC[C@@]4(O)C(C2)NCC[C@]314,0
5407,C/C(=C(\CCOC(=O)c1cc(=O)c2c(Cl)cc(Cl)cc2[nH]1)SSC(C)C)N(C=O)Cc1cnc(C)nc1N,0
5408,CC(C)CN(CC(O)C(Cc1ccccc1)NC(=O)OC1CCOC1)S(=O)(=O)c1ccc(N)cc1,0
5409,CC(C)CN(C[C@@H](O)[C@H](Cc1ccccc1)NC(=O)O[C@@H]1CCOC1)S(=O)(=O)c1ccc(N)cc1,0
5410,CC(C)CN(C[C@@H](O)[C@H](Cc1ccccc1)NC(=O)O[C@H]1CCOC1)S(=O)(=O)c1ccc(N)cc1,0
5411,CN1CN(c2ccc(Br)cc2)C2(CCN(CCCC(=O)c3ccc(F)cc3)CC2)C1=O,0
5412,CC(=O)Nc1ccc(OC[C@@H](O)CNC(C)C)cc1,0
5413,CC1=CN2C(CC(=O)N(C)C)=C(c3ccc(C)cc3)NC2C=C1,0
5414,O=C(NCCN1CCN(c2cccc3c2OC[C@H](CO)O3)CC1)c1ccc(F)cc1,0
5415,NC(=O)N1c2ccccc2C2CC2c2ccccc21,0
5416,C[C@]12CC[C@@H]3c4ccc(O)cc4CC[C@H]3[C@@H]1C[C@H](F)[C@@H]2O,0
5417,CC1(C)SSC(C)(C)[C@@H](NC(=O)[C@@H](N)Cc2ccc(O)cc2)C(=O)NCC(=O)N[C@@H](Cc2ccccc2)C(=O)N[C@H]1C(=O)O,0
5418,Cc1cc(Br)cc(C)c1NC1=NCCN1,0
5419,C[C@@H]1NC(=O)C2(CCCC2)NC1=O,0
5420,C=C[C@H]1CN2CCC1C[C@@H]2[C@@H](O)c1ccnc2ccc(OC)cc12,0
5421,CCOC(=O)c1ncn2c1CN(CC[18F])C(=O)c1cc(F)ccc1-2,0
5422,CC[C@]1(O)C[C@@H]2CN(CCc3c([nH]c4ccccc34)[C@@](C(=O)OC)(c3cc4c(cc3OC)N(C)[C@H]3[C@@](O)(C(=O)OC)[C@H](OC(C)=O)[C@]5(CC)C=CCN6CC[C@]43[C@@H]65)C2)C1,0
5423,CN1[C@@H]2CC[C@H]1CC(OC(=O)C(CO)c1ccccc1)C2,0
5424,Cc1c([18F])c(=O)n(-c2ccccc2)n1C,0
5425,O=c1cccc2n1C[C@H]1CNC(Br)[C@@H]2C1,0
5426,Cc1ncc(-c2csc(N=C(N)N)n2)[nH]1,0
5427,NN,0
5428,CN1C(=O)NC2=NCN(C)C2C1=O,0
5429,COCCOC(=O)C1=C(C)NC(C)=C(C(=O)OC(C)C)C1c1cccc([N+](=O)[O-])c1,0
5430,FC(F)OC(F)(F)[C@H](F)Cl,0
5431,CC1=C(CC2CCc3c(c4ccccc4n3C)C2=O)CC=N1,0
5432,Cc1cnn(C2CCN(c3nc4ccccc4n3Cc3ccc(F)cc3)CC2)c1,1
5433,N#Cc1ccc2c(c1)CCN(CCC1CCC(NC(=O)c3ccnc4ccccc34)CC1)C2,1
5434,Cc1nnc2n1C1CCC(Cl)CC1C(c1ccccc1Cl)=NC2,1
5435,CC1NC(=NCC(F)F)Nc2cccc(Cl)c21,1
5436,C=C([CH]CC)CC,1
5437,O=C(CCN1CCC(O)(c2ccc(Br)cc2)CC1)c1ccc(F)cc1,1
5438,COc1cc([C@@H]2c3cc4c(cc3[C@@H](O[C@@H]3O[C@@H]5CO[C@@H](C)O[C@H]5[C@H](O)[C@H]3O)[C@H]3COC(=O)[C@H]23)OCO4)cc(OC)c1O,0
5439,CC(C)(C)/[N+]([O-])=C/c1ccccc1,0
5440,C[C@@H]1C[C@H]2[C@@H]3CCC4=CC(=O)C=C[C@]4(C)[C@@]3(F)[C@@H](O)C[C@]2(C)[C@@]1(O)C(=O)CO,0
5441,Cl/C=C\Cl,0
