SMILES,labels,InChI_Key,scaffold
COC1=CC=C2[C@H]3Cc4ccc(OC)c5c4[C@@]2(CCN3C)[C@H]1O5,1,FQXXSQDCDRQNQE-VMDGZTHMSA-N,C1=C[C@@H]2Oc3cccc4c3[C@@]23CCN[C@H](C4)C3=C1
CC(=O)OCC(=O)[C@@]12N=C(C)O[C@@H]1CC1C3CCC4=CC(=O)C=C[C@]4(C)C3[C@@H](O)C[C@@]12C,1,FBHSPRKOSMHSIF-JEHHHYCTSA-N,O=C1C=CC2C(=C1)CCC1C2CCC2C1C[C@H]1OC=NC21
CN1CC[C@@]2(C)c3cc(OC(=O)N4CCc5ccccc5C4)ccc3N(C)[C@@H]12,1,IIFRKALDATVOJE-GGAORHGYSA-N,O=C(Oc1ccc2c(c1)C1CCN[C@@H]1N2)N1CCc2ccccc2C1
COc1cc2c(c(CN[C@H]3CCCN[C@@H]3c3ccccc3)c1)OCC2,1,ZZYXQLUAWYPDEQ-VQTJNVASSA-N,c1ccc([C@H]2NCCC[C@@H]2NCc2cccc3c2OCC3)cc1
CNc1ccc(C(=O)CC(O)CCC(C)C2OC(=O)CC(O)CC(=O)CC(O)CC(O)CC(O)CC(O)CC3(O)CC(O)C(C(=O)OC)C(O3)C(OC3OC(C)C(O)C(N)C3O)CC=CC=CC=CC=CC=CC=CC=CC2C)cc1,0,GTBKZCQTNWWEIB-UHFFFAOYSA-N,O=C1CCCCCCCCCC2CCCC(O2)C(OC2CCCCO2)CC=CC=CC=CC=CC=CC=CC=CCC(CCCCCC(=O)c2ccccc2)OC(=O)CCC1
CN1CCCC1c1cccnc1,1,SNICXCGAKADSCV-UHFFFAOYSA-N,c1cncc(C2CCCN2)c1
c1cncc(C2CCCN2)c1,1,MYKUKUCHPMASKF-UHFFFAOYSA-N,c1cncc(C2CCCN2)c1
COC1=CC(=O)O[C@H]1[C@@H](O)c1ccccc1Cl,1,ICDNYWJQGWNLFP-NWDGAFQWSA-N,O=C1C=C[C@H](Cc2ccccc2)O1
COC1=CC(=O)O[C@H]1[C@H](O)c1ccccc1Cl,1,ICDNYWJQGWNLFP-VXGBXAGGSA-N,O=C1C=C[C@H](Cc2ccccc2)O1
CC(C)CC1NC(=O)C(CCCN)NC(=O)C(C(C)C)NC(=O)C2CCCN2C(=O)C(Cc2ccccc2)NC(=O)C(CC(C)C)NC(=O)C(CCCN)NC(=O)C(C(C)C)NC(=O)C2CCCN2C(=O)C(Cc2ccccc2)NC1=O,0,IUAYMJGZBVDSGL-UHFFFAOYSA-N,O=C1CNC(=O)CNC(=O)C2CCCN2C(=O)C(Cc2ccccc2)NC(=O)CNC(=O)CNC(=O)CNC(=O)C2CCCN2C(=O)C(Cc2ccccc2)NC(=O)CN1
CCC1NC(=O)C2CCCN2C(=O)C(Cc2ccccc2)NC(=O)C(CC(C)C)NC(=O)C(CCCN)NC(=O)C(C(C)C)NC(=O)C2CCCN2C(=O)C(Cc2ccccc2)NC(=O)C(CC(C)C)NC(=O)C(CCCN)NC1=O,0,OYZMGRXDYJEEOD-UHFFFAOYSA-N,O=C1CNC(=O)CNC(=O)C2CCCN2C(=O)C(Cc2ccccc2)NC(=O)CNC(=O)CNC(=O)CNC(=O)C2CCCN2C(=O)C(Cc2ccccc2)NC(=O)CN1
O=C1OCC[C@@H]1C1(O)CCN(CCCN2c3ccccc3Sc3ccc(Cl)cc32)CC1,1,PRGQOVDEZVJQJK-SFHVURJKSA-N,O=C1OCC[C@@H]1C1CCN(CCCN2c3ccccc3Sc3ccccc32)CC1
CCOc1ccccc1OC[C@@H]1CNCCO1,1,YWPHCCPCQOJSGZ-NSHDSACASA-N,c1ccc(OC[C@@H]2CNCCO2)cc1
CC1(C)S[C@H]2C(NC(=O)[C@@H](NC(=O)N3CCN(S(C)(=O)=O)C3=O)c3ccccc3)C(=O)N2[C@H]1C(=O)O,0,YPBATNHYBCGSSN-RYVMGNQUSA-N,O=C(NC1C(=O)N2CCS[C@@H]12)[C@@H](NC(=O)N1CCNC1=O)c1ccccc1
Cc1cccc(N(C)C(=S)Oc2ccc3ccccc3c2)c1,0,FUSNMLFNXJSCDI-UHFFFAOYSA-N,S=C(Nc1ccccc1)Oc1ccc2ccccc2c1
CCc1ccc(C(C)CCc2ccc([N+](C)(C)C)cc2)cc1,0,HGMSJMJPXGGEBP-UHFFFAOYSA-N,c1ccc(CCCc2ccccc2)cc1
O=C(O)CCCC[C@@H]1SC[C@H]2NC(=O)N[C@H]12,1,YBJHBAHKTGYVGT-FJXKBIBVSA-N,O=C1N[C@@H]2CSC[C@H]2N1
O=C(O)CCCC[C@H]1SC[C@H]2NC(=O)N[C@@H]21,1,YBJHBAHKTGYVGT-BHNWBGBOSA-N,O=C1N[C@@H]2CSC[C@H]2N1
CC(C)=CCCC(C)=CCCC(C)=CCCC(C)=CCC1=C(C)C(=O)c2ccccc2C1=O,0,DKHGMERMDICWDU-UHFFFAOYSA-N,O=C1C=CC(=O)c2ccccc21
CC(=CCC1=C(C)C(=O)c2ccccc2C1=O)CCCC(C)CCCC(C)CCCC(C)C,0,MBWXNTAXLNYFJB-UHFFFAOYSA-N,O=C1C=CC(=O)c2ccccc21
CC1=CC(=O)c2ccccc2C1=O,0,MJVAVZPDRWSRRC-UHFFFAOYSA-N,O=C1C=CC(=O)c2ccccc21
CON=C(C(=O)NC1C(=O)N2C(C(=O)O)=C(CN3C=CCC4=C3CCC4)CSC12)c1csc(N)n1,0,ADLJDTPEJOLPKY-UHFFFAOYSA-N,N=C(C(=O)NC1C(=O)N2C=C(CN3C=CCC4=C3CCC4)CSC12)c1cscn1
O=C1O[C@@H]([C@@H](O)CO)C(O)=C1O,1,CIWBSHSKHKDKBQ-VHUNDSFISA-N,O=C1C=CCO1
O=C1OC(C(O)CO)C(O)=C1O,1,CIWBSHSKHKDKBQ-UHFFFAOYSA-N,O=C1C=CCO1
O=C1O[C@H]([C@@H](O)CO)C(O)=C1O,1,CIWBSHSKHKDKBQ-JLAZNSOCSA-N,O=C1C=CCO1
C(=C/c1ccccc1)\CN1CCN(C(c2ccccc2)c2ccccc2)CC1,1,DERZBLKQOCDDDZ-JLHYYAGUSA-N,C(=C/c1ccccc1)\CN1CCN(C(c2ccccc2)c2ccccc2)CC1
Fc1ccc(C(c2ccc(F)cc2)N2CCN(C/C=C/c3ccccc3)CC2)cc1,1,SMANXXCATUTDDT-QPJJXVBHSA-N,C(=C/c1ccccc1)\CN1CCN(C(c2ccccc2)c2ccccc2)CC1
Cc1cc(C)c(=O)[nH]n1,1,ZPRPJXHUPKXCTE-UHFFFAOYSA-N,O=c1cccn[nH]1
CCc1ccc(-c2ccc(C(=O)N(C)C3CCN(C(=O)N4CCC(N5CCCCC5)C4)C3)cc2)cc1,1,CIPAOWLQTIPSII-UHFFFAOYSA-N,O=C(NC1CCN(C(=O)N2CCC(N3CCCCC3)C2)C1)c1ccc(-c2ccccc2)cc1
CCC[C@]1(O)[C@H]2C[C@]34C=C[C@@]2(OC)[C@H]1[C@@]31CCN(C)[C@@H]4Cc2ccc(OC(C)=O)c(OC)c21,1,PKOHTEKKIRXEHS-QXZYLKGQSA-N,C1=C[C@@]23C[C@@H]4C[C@@H](C14)[C@@]21CCN[C@@H]3Cc2ccccc21
CN(C)CCCn1c(=O)c2ccccc2c2ccccc21,1,TVPFRFLDGAWGAM-UHFFFAOYSA-N,O=c1[nH]c2ccccc2c2ccccc12
C=C1C(=CC=C2CCCC3(C)C2CCC3C(C)C=CC(O)C2CC2)CC(O)CC1O,0,LWQQLNNNIPYSNX-UHFFFAOYSA-N,C=C1CCCCC1=CC=C1CCCC2C(CC=CCC3CC3)CCC12
O=C(Cc1cccs1)NC1C(=O)N2C(C(=O)O)=C(CSc3ncn[nH]3)CS[C@@H]12,0,UQWYUAURRDNBKR-IAXJKZSUSA-N,O=C(Cc1cccs1)NC1C(=O)N2C=C(CSc3ncn[nH]3)CS[C@@H]12
COc1ccc2cc(C3CC(=O)Oc4cc(C)oc(=O)c43)c(=O)[nH]c2c1,1,USKMARSMBDFZLD-UHFFFAOYSA-N,O=C1CC(c2cc3ccccc3[nH]c2=O)c2c(ccoc2=O)O1
O=C(c1ccc(CSc2ccccn2)cc1)N1CCC[C@H]1c1ccccn1,1,HVESSFPFRWYMAG-FQEVSTJZSA-N,O=C(c1ccc(CSc2ccccn2)cc1)N1CCC[C@H]1c1ccccn1
c1ccc2oc(-c3ccncc3)cc2c1,1,LGTULKCVKOMQDR-UHFFFAOYSA-N,c1ccc2oc(-c3ccncc3)cc2c1
C[C@@H]1[C@H]2C(=O)c3ccc(O)cc3C1(C)CCN2CC1CC1,1,HQBZLVPZOGIAIQ-HJHRRKNKSA-N,O=C1c2ccccc2C2CCN(CC3CC3)[C@H]1C2
CC1[C@H]2C(=O)c3ccc(O)cc3[C@]1(C)CCN2CC1CC1,1,HQBZLVPZOGIAIQ-ULHBIWDBSA-N,O=C1c2ccccc2C2CCN(CC3CC3)[C@H]1C2
C[C@H]1[C@H]2C(=O)c3ccc(O)cc3[C@]1(C)CCN2CC1CC1,1,HQBZLVPZOGIAIQ-SDDDUWNISA-N,O=C1c2ccccc2C2CCN(CC3CC3)[C@H]1C2
C[C@H]1[C@H]2C(=O)c3ccc(O)cc3[C@@]1(C)CCN2CC1CC1,1,HQBZLVPZOGIAIQ-PBQZTSCYSA-N,O=C1c2ccccc2C2CCN(CC3CC3)[C@H]1C2
O=C(CCN1C(=O)CC2(CCCC2)C1=O)NC[C@@H]1C[C@H]2C=C[C@@H]1C2,1,YFEONNGHNCKWDH-ZNMIVQPWSA-N,O=C(CCN1C(=O)CC2(CCCC2)C1=O)NC[C@@H]1C[C@H]2C=C[C@@H]1C2
O=c1cccc2n1C[C@H]1CNC(Br)[C@@H]2C1,1,MCIAZDGRZFAFLS-KQUALDNSSA-N,O=c1cccc2n1C[C@H]1CNC[C@@H]2C1
O=C1NNC(=O)C1(c1ccccc1)c1ccccc1,1,MKZIACRHSJKRET-UHFFFAOYSA-N,O=C1NNC(=O)C1(c1ccccc1)c1ccccc1
O=C1CN(/N=C\c2ccc(-c3ccc([N+](=O)[O-])cc3)o2)C(=O)N1,1,OZOMQRBLCMDCEG-CHHVJCJISA-N,O=C1CN(/N=C\c2ccc(-c3ccccc3)o2)C(=O)N1
COc1ccc2c(c1OC)C(=O)O[C@H]2[C@@H]1c2c(cc3c(c2OC)OCO3)CCN1C,1,AKNNEGZIBPJZJG-ZWKOTPCHSA-N,O=C1O[C@@H]([C@H]2NCCc3cc4c(cc32)OCO4)c2ccccc21
CC[C@@H]1OC(=O)[C@H](C)[C@H](O[C@@H]2C[C@@](C)(OC)[C@@H](O)[C@H](C)O2)[C@@H](C)[C@H](O[C@@H]2O[C@@H](C)C[C@H](N(C)C)[C@@H]2O)[C@@](C)(O)C[C@@](C)(F)C(=O)[C@@H](C)[C@H](O)[C@@]1(C)O,0,XOEUHCONYHZURQ-SMBMNECRSA-N,O=C1CCCCOC(=O)C[C@H](O[C@@H]2CCCCO2)C[C@H](O[C@H]2CCCCO2)CCC1
CO/N=C(\C(=O)N[C@@H]1C(=O)N2C(C(=O)O)=C(CSc3cnns3)CS[C@H]12)c1csc(N)n1,0,CXHKZHZLDMQGFF-ZSDSSEDPSA-N,N=C(C(=O)N[C@@H]1C(=O)N2C=C(CSc3cnns3)CS[C@H]12)c1cscn1
CO/N=C(/C(=O)N[C@@H]1C(=O)N2C(C(=O)O)=C(CSc3cnns3)CS[C@H]12)c1csc(N)n1,0,CXHKZHZLDMQGFF-MVTUETPCSA-N,N=C(C(=O)N[C@@H]1C(=O)N2C=C(CSc3cnns3)CS[C@H]12)c1cscn1
CN1CCN2c3ncccc3Cc3ccccc3[C@H]2C1,1,RONZAEMNMFQXRA-MRXNPFEDSA-N,c1ccc2c(c1)Cc1cccnc1N1CCNC[C@H]21
CCO[C@@H]1CCN(C(=O)c2cc(-c3ccccc3)c(=O)n3c2-c2cc(Cl)ccc2CC3)C1,1,CBSWRAUYCIIUEI-HXUWFJFHSA-N,O=C(c1cc(-c2ccccc2)c(=O)n2c1-c1ccccc1CC2)N1CCCC1
CCO[C@H]1CCN(C(=O)c2cc(-c3ccccc3)c(=O)n3c2-c2cc(Cl)ccc2CC3)C1,1,CBSWRAUYCIIUEI-FQEVSTJZSA-N,O=C(c1cc(-c2ccccc2)c(=O)n2c1-c1ccccc1CC2)N1CCCC1
CCOC1CCN(C(=O)c2cc(-c3ccccc3)c(=O)n3c2-c2cc(Cl)ccc2CC3)C1,1,CBSWRAUYCIIUEI-UHFFFAOYSA-N,O=C(c1cc(-c2ccccc2)c(=O)n2c1-c1ccccc1CC2)N1CCCC1
C/C(=C(/CCOC(=O)c1ccccc1)SS/C(CCOC(=O)c1ccccc1)=C(\C)N(C=O)Cc1cnc(C)nc1N)N(C=O)Cc1cnc(C)nc1N,1,IWXAZSAGYJHXPX-BCEWYCLDSA-N,O=C(OCCC(=CNCc1cncnc1)SSC(=CNCc1cncnc1)CCOC(=O)c1ccccc1)c1ccccc1
CC(=C(CCOC(=O)c1ccccc1)SSC(CCOC(=O)c1ccccc1)=C(C)N(C=O)Cc1cnc(C)nc1N)N(C=O)Cc1cnc(C)nc1N,1,IWXAZSAGYJHXPX-UHFFFAOYSA-N,O=C(OCCC(=CNCc1cncnc1)SSC(=CNCc1cncnc1)CCOC(=O)c1ccccc1)c1ccccc1
CN(C(=O)Cc1ccc(Cl)c(Cl)c1)C1CCC2(CCCO2)CC1N1CCCC1,1,NYKCGQQJNVPOLU-UHFFFAOYSA-N,O=C(Cc1ccccc1)NC1CCC2(CCCO2)CC1N1CCCC1
CON=C(C(=O)NC1C(=O)N2C(C(=O)O)=C(CN3N=C(C)NN3)CSC12)c1csc(N)n1,0,DDWLZPXKNKZZDA-UHFFFAOYSA-N,N=C(C(=O)NC1C(=O)N2C=C(CN3N=CNN3)CSC12)c1cscn1
C=CCNc1nc(NCC=C)nc(N2CCN(C(c3ccc(F)cc3)c3ccc(F)cc3)CC2)n1,1,OBDOVFRMEYHSQB-UHFFFAOYSA-N,c1ccc(C(c2ccccc2)N2CCN(c3ncncn3)CC2)cc1
C[C@@H](O)c1cc2n(n1)CCN(C(=O)CC1=C(c3ccccc3)CCC1=O)C2,1,WHMZRMWVQGJONX-CQSZACIVSA-N,O=C1CCC(c2ccccc2)=C1CC(=O)N1CCn2nccc2C1
Cc1cccc(Cc2cnc[nH]2)c1C,1,RHDJRPPFURBGLQ-UHFFFAOYSA-N,c1ccc(Cc2cnc[nH]2)cc1
Cc1onc(-c2ccccc2)c1C(=O)N[C@H]1C(=O)N2[C@@H]1SC(C)(C)[C@@H]2C(=O)O,0,UWYHMGVUTGAWSP-GRDNDAEWSA-N,O=C(N[C@H]1C(=O)N2CCS[C@H]12)c1conc1-c1ccccc1
Cc1onc(-c2c(F)cccc2Cl)c1C(=O)N[C@H]1C(=O)N2[C@@H]1SC(C)(C)[C@@H]2C(=O)O,0,UIOFUWFRIANQPC-GRDNDAEWSA-N,O=C(N[C@H]1C(=O)N2CCS[C@H]12)c1conc1-c1ccccc1
Cc1cc(NC(=O)C2=C(O)c3ccccc3S(=O)(=O)[C@@H]2C)no1,1,IWZYXCYKIQGOGN-SECBINFHSA-N,O=C(Nc1ccon1)C1=Cc2ccccc2S(=O)(=O)C1
CC[C@@H](C)[C@@H](CO)NC(=O)c1cn[nH]c1-c1ccc2c(c1)OCCO2,1,HGMKXPGGFFNDRQ-BXUZGUMPSA-N,c1cc(-c2ccc3c(c2)OCCO3)[nH]n1
CCN(CC)c1nc2c(s1)c1c(O)c3c(O)c(C)c4c(c32)C(=O)C(C)(OC=CC(OC)C(C)C(OC(C)=O)C(C)C(O)C(C)C(O)C(C)=CC=CC(C)C(=O)N1)O4,0,HYVHXZXKAAKUDH-UHFFFAOYSA-N,O=C1CC=CC=CCCCCCCCC=COC2Oc3ccc4cc(c5scnc5c4c3C2=O)N1
COC1=C(C(=O)O)N2C(=O)[C@@H](NC(=O)[C@H](N)C3C=CCC=C3)[C@H]2SC1,0,QBHQOFVJNUQDCO-UEKVPHQBSA-N,O=C(CC1C=CCC=C1)N[C@@H]1C(=O)N2C=CCS[C@H]12
CCCCC1CCN(CCCN2C(=O)CCc3ccccc32)CC1,1,PHMGZAICAOYEAF-UHFFFAOYSA-N,O=C1CCc2ccccc2N1CCCN1CCCCC1
CN1c2cc(F)ccc2C(c2ccccc2)=NCC1CNC(=O)c1ccoc1,1,QJSCDZOUCFWCKD-UHFFFAOYSA-N,O=C(NCC1CN=C(c2ccccc2)c2ccccc2N1)c1ccoc1
c1ccc(-c2nnc(N3CCN(c4ncccn4)CC3)cc2-c2ccncc2)cc1,0,OAXXZZBGZDNSGE-UHFFFAOYSA-N,c1ccc(-c2nnc(N3CCN(c4ncccn4)CC3)cc2-c2ccncc2)cc1
C[C@H](O)[C@@H]1C(=O)N2C(C(=O)O)=C(SCCN=CN)C[C@@H]12,0,ZSKVGTPCRGIANV-ZKWXMUAHSA-N,O=C1C[C@@H]2CC=CN12
C[C@H](O)[C@H]1C(=O)N2C(C(=O)O)=C(SCCN=CN)C[C@@H]12,0,ZSKVGTPCRGIANV-ACLDMZEESA-N,O=C1C[C@@H]2CC=CN12
C[C@H](O)C1C(=O)N2C(C(=O)O)=C(SCC/N=C/N)C[C@@H]12,0,ZSKVGTPCRGIANV-ASLNEKEESA-N,O=C1C[C@@H]2CC=CN12
COc1ccc2c(c1)C(NC(=O)C(=Cc1ccco1)c1ccccc1)CC(C)(C)O2,1,TVRAQSPHWGYADT-UHFFFAOYSA-N,O=C(NC1CCOc2ccccc21)C(=Cc1ccco1)c1ccccc1
C[C@@H](O)[C@H]1C(=O)N2C(C(=O)O)=C(SC3CC[S+]([O-])C3)S[C@H]12,0,FLSUCZWOEMTFAQ-JNCILSLHSA-N,O=C1C[C@H]2SC(SC3CC[SH+]C3)=CN12
N[C@H]1N=C(Cl)Nc2c1ncn2[C@H]1C[C@@H](O)[C@@H](CO)O1,1,OIMIXJIYPLKPMV-UNGCPHIMSA-N,C1=NCc2ncn([C@H]3CCCO3)c2N1
CNCC[C@H](Oc1cccc2ccccc12)c1cccs1,1,ZEUITGRIYCTCEM-KRWDZBQOSA-N,c1csc(COc2cccc3ccccc23)c1
CNCCC(Oc1cccc2ccccc12)c1cccs1,1,ZEUITGRIYCTCEM-UHFFFAOYSA-N,c1csc(COc2cccc3ccccc23)c1
CNCC[C@@H](Oc1cccc2ccccc12)c1cccs1,1,ZEUITGRIYCTCEM-QGZVFWFLSA-N,c1csc(COc2cccc3ccccc23)c1
CNC1=CN(O)C(c2ccccc2)=c2cc(Cl)ccc2=N1,1,AGCFSBXXHKGFAI-UHFFFAOYSA-N,C1=CNC(c2ccccc2)=c2ccccc2=N1
OC(c1ccccc1)(c1ccccc1)C1CCNCC1,1,ZMISODWVFHHWNR-UHFFFAOYSA-N,c1ccc(C(c2ccccc2)C2CCNCC2)cc1
CC(=O)OC1CC2(C)C(CC(O)C3C4(C)CCC(O)C(C)C4CCC32C)C1=C(CCC=C(C)C)C(=O)O,0,IECPWNUMDGFDKC-UHFFFAOYSA-N,C=C1CCC2C1CCC1C3CCCCC3CCC21
CC(=O)OC1CC2(C)C(CC(O)C3C4(C)CCC(O)C(C)C4CCC32C)/C1=C(/CCC=C(C)C)C(=O)O,0,IECPWNUMDGFDKC-LHLOQNFPSA-N,C=C1CCC2C1CCC1C3CCCCC3CCC21
CC(=O)Oc1ccc(C=CC(=O)NCCc2ccccc2)cc1OC(C)=O,0,GARHCDOTUULBOQ-UHFFFAOYSA-N,O=C(C=Cc1ccccc1)NCCc1ccccc1
OCC1OC(OC2(CO)OC(CO)C(O)C2O)C(O)C(O)C1O,0,CZMRCDWAGMRECN-UHFFFAOYSA-N,C1CCC(OC2CCCO2)OC1
O=S(=O)(O)OCC1OC(OC2(COS(=O)(=O)O)OC(OS(=O)(=O)O)C(OS(=O)(=O)O)C2OS(=O)(=O)O)C(OS(=O)(=O)O)C(OS(=O)(=O)O)C1OS(=O)(=O)O,0,DOSTXGNEHLRCCN-UHFFFAOYSA-N,C1CCC(OC2CCCO2)OC1
COc1ccc2c3c1O[C@H]1C(=O)CC[C@H]4[C@@H](C2)N(C)CC[C@@]314,1,LLPOLZWFYMWNKH-PUTMMCKPSA-N,O=C1CC[C@H]2[C@H]3Cc4cccc5c4[C@]2(CCN3)[C@H]1O5
CN1CC[C@@]23c4c5ccc(O)c4O[C@H]2C(=O)CC[C@H]3[C@H]1C5,1,WVLOADHCBXTIJK-SKZFOKARSA-N,O=C1CC[C@H]2[C@H]3Cc4cccc5c4[C@]2(CCN3)[C@H]1O5
O=C1C(c2[nH]c3ccc(S(=O)(=O)O)cc3c2O)=Nc2ccc(S(=O)(=O)O)cc21,0,JMEVHYCNAPFOAB-UHFFFAOYSA-N,O=C1C(c2cc3ccccc3[nH]2)=Nc2ccccc21
CCCCCCCCCCCCCC(=O)O[C@H]1C=C[C@@H]2C3Cc4ccc(OCc5ccccc5)c5c4C2(CCN3C)[C@@H]1O5,1,GODGZZGKTZQSAL-IEZGSSDLSA-N,C1=C[C@@H]2C3Cc4ccc(OCc5ccccc5)c5c4C2(CCN3)[C@@H](C1)O5
COC(=O)[C@H]1[C@H]2C[C@@H]3c4[nH]c5cc(OC)ccc5c4CCN3C[C@H]2C[C@@H](OC(=O)c2cc(OC)c(OC)c(OC)c2)[C@@H]1OC,1,QEVHRUUCFGRFIF-MDEJGZGSSA-N,O=C(O[C@H]1CC[C@H]2C[C@@H]3c4[nH]c5ccccc5c4CCN3C[C@H]2C1)c1ccccc1
COC(=O)[C@H]1[C@H]2C[C@@H]3c4[nH]c5ccccc5c4CCN3C[C@H]2C[C@@H](OC(=O)c2cc(OC)c(OC)c(OC)c2)[C@@H]1OC,1,CVBMAZKKCSYWQR-WCGOZPBSSA-N,O=C(O[C@H]1CC[C@H]2C[C@@H]3c4[nH]c5ccccc5c4CCN3C[C@H]2C1)c1ccccc1
COC(=O)[C@H]1[C@H]2C[C@@H]3c4[nH]c5ccc(Cl)cc5c4CCN3C[C@H]2C[C@@H](OC(=O)c2cc(OC)c(OC)c(OC)c2)[C@@H]1OC,1,FQUMWACBNIURCJ-RWZVGCGMSA-N,O=C(O[C@H]1CC[C@H]2C[C@@H]3c4[nH]c5ccccc5c4CCN3C[C@H]2C1)c1ccccc1
CC(C)(C)NCC(O)COc1ccc(NC(=O)NC2CCCCC2)cc1,0,MXFWWQICDIZSOA-UHFFFAOYSA-N,O=C(Nc1ccccc1)NC1CCCCC1
CCCC(=O)N1CCCN(c2nc(N)c3cc(OC)c(OC)cc3n2)CC1,0,RHLJLALHBZGAFM-UHFFFAOYSA-N,c1ccc2nc(N3CCCNCC3)ncc2c1
O=C(CCN1CCC(O)(c2ccc(Br)cc2)CC1)c1ccc(F)cc1,1,WBOHJBUFDCLXSE-UHFFFAOYSA-N,O=C(CCN1CCC(c2ccccc2)CC1)c1ccccc1
CCC1NC(=O)C(NC(=O)c2ncccc2O)C(C)OC(=O)C(c2ccccc2)NC(=O)C2CC(=O)CCN2C(=O)C(Cc2ccc(N(C)C)cc2)N(C)C(=O)C2CCCN2C1=O,0,YGXCETJZBDTKRY-UHFFFAOYSA-N,O=C1CCN2C(=O)C(Cc3ccccc3)NC(=O)C3CCCN3C(=O)CNC(=O)C(NC(=O)c3ccccn3)COC(=O)C(c3ccccc3)NC(=O)C2C1
CC1NC(=O)C(NC(=O)c2ncccc2O)C(C)OC(=O)C(c2ccccc2)NC(=O)C2CC(=O)CCN2C(=O)C(Cc2ccc(N(C)C)cc2)N(C)C(=O)C2CCCN2C1=O,0,BYRKDHSWMQLYJB-UHFFFAOYSA-N,O=C1CCN2C(=O)C(Cc3ccccc3)NC(=O)C3CCCN3C(=O)CNC(=O)C(NC(=O)c3ccccn3)COC(=O)C(c3ccccc3)NC(=O)C2C1
CCC1NC(=O)C(NC(=O)c2ncccc2O)C(C)OC(=O)C(c2ccccc2)NC(=O)C2CC(=O)CCN2C(=O)C(Cc2ccccc2)N(C)C(=O)C2CCCN2C1=O,0,FEPMHVLSLDOMQC-UHFFFAOYSA-N,O=C1CCN2C(=O)C(Cc3ccccc3)NC(=O)C3CCCN3C(=O)CNC(=O)C(NC(=O)c3ccccn3)COC(=O)C(c3ccccc3)NC(=O)C2C1
N=C(N)N=c1[nH]c(-c2ccccc2)cs1,1,GENKQMMVXFFZPC-UHFFFAOYSA-N,N=c1[nH]c(-c2ccccc2)cs1
CC(=O)Nc1cccc(-c2csc(=NC(=N)N)[nH]2)c1,0,BVPYPYSWYGKYAG-UHFFFAOYSA-N,N=c1[nH]c(-c2ccccc2)cs1
CN=C(NC#N)Nc1cccc(-c2csc(=NC(=N)N)[nH]2)c1,0,QAJXFAVPCJPZCT-UHFFFAOYSA-N,N=c1[nH]c(-c2ccccc2)cs1
N=C(N)N=c1[nH]c(-c2ccc(O)c(O)c2)cs1,0,PQHOEQGYFYWQLL-UHFFFAOYSA-N,N=c1[nH]c(-c2ccccc2)cs1
Cc1ccc(O)c(Cn2c(NC3CCN(CCN)CC3)nc3c(C)cccc32)n1,1,RDQSNNMSDOHAPG-UHFFFAOYSA-N,c1ccc(Cn2c(NC3CCNCC3)nc3ccccc32)nc1
CN[C@@H](CC(C)C)C(=O)N[C@H]1C(=O)N[C@@H](CC(N)=O)C(=O)N[C@@H]2C(=O)N[C@@H]3C(=O)N[C@@H](C(=O)N[C@@H](C(=O)O)c4cc(O)cc(O)c4-c4cc3ccc4O)[C@@H](O)c3ccc(c(Cl)c3)Oc3cc2cc(c3O[C@H]2O[C@@H](CO)[C@H](O)[C@H](O)[C@H]2O[C@H]2C[C@@](C)(N)[C@H](O)[C@H](C)O2)Oc2ccc(cc2Cl)[C@@H]1O,0,MYPYJXKWCTUITO-PQXDCHRVSA-N,O=C1CCc2ccc(cc2)Oc2cc3cc(c2O[C@H]2OCCC[C@H]2O[C@H]2CCCCO2)Oc2ccc(cc2)C[C@H]2NC(=O)[C@@H](NC(=O)[C@H]3NC(=O)CN1)c1cccc(c1)-c1ccccc1CNC2=O
CC#C[C@]1(O)CC[C@H]2[C@@H]3CCC4=CC(=O)CCC4=C3[C@@H](c3ccc(N(C)C)cc3)C[C@@]21C,0,VKHAHZOOUSRJNA-GCNJZUOMSA-N,O=C1C=C2CC[C@@H]3C(=C2CC1)[C@@H](c1ccccc1)CC1CCC[C@H]13
COc1ccc(-c2nccs2)cc1CN[C@H]1CCCN[C@H]1c1ccccc1,1,IEOZIHFWECPTLH-FPOVZHCZSA-N,c1ccc([C@@H]2NCCC[C@@H]2NCc2cccc(-c3nccs3)c2)cc1
N[C@@H](C(=O)N[C@@H]1C(=O)N2C(C(=O)O)=C(CSc3c[nH]nn3)CS[C@H]12)c1ccc(O)cc1,0,UOCJDOLVGGIYIQ-PBFPGSCMSA-N,O=C(Cc1ccccc1)N[C@@H]1C(=O)N2C=C(CSc3c[nH]nn3)CS[C@H]12
CCCC(=O)N(C)Cc1c(-c2ccc(Cl)cc2)nc2ccccn12,1,LIFDPEORUVTOCP-UHFFFAOYSA-N,c1ccc(-c2cn3ccccc3n2)cc1
CCCN(CCC)C(=O)Cc1c(-c2ccc(Cl)cc2)nc2ccc(Cl)cn12,1,JRTIDHTUMYMPRU-UHFFFAOYSA-N,c1ccc(-c2cn3ccccc3n2)cc1
Cc1ccc(-c2nc3ccc(C)cn3c2CC(=O)N(C)C)cc1,1,ZAFYATHCZYHLPB-UHFFFAOYSA-N,c1ccc(-c2cn3ccccc3n2)cc1
CCCN(CCC)C(=O)Cc1c(-c2ccc(C)cc2)nc2ccc(C)cn12,1,OGZMBUZELHMEHR-UHFFFAOYSA-N,c1ccc(-c2cn3ccccc3n2)cc1
CC(=O)C1CCC2C3CC=C4CC(O)CCC4(C)C3CCC12C,1,ORNBQBCIOKFOEO-UHFFFAOYSA-N,C1=C2CCCCC2C2CCC3CCCC3C2C1
CC(C)CCCC(C)C1CCC2C3CC=C4CC(O)CCC4(C)C3CCC12C,1,HVYWMOMLDIMFJA-UHFFFAOYSA-N,C1=C2CCCCC2C2CCC3CCCC3C2C1
CC(=O)C1CCC2C3CC=C4CC(OC(=O)CCC(=O)O)CCC4(C)C3CCC12C,1,OZZAYJQNMKMUSD-UHFFFAOYSA-N,C1=C2CCCCC2C2CCC3CCCC3C2C1
CCCC(=O)O[C@@]1(C(C)=O)CCC[C@@H]2[C@H]3CCC4=CC(=O)C=C[C@@]4(C)[C@@H]3[C@@H](O)C[C@]21C,1,IYBYNRHXGXDDDS-TVMADPLASA-N,O=C1C=CC2C(=C1)CC[C@@H]1[C@H]3CCCCC3CC[C@@H]21
CN1CC[C@@]23NC(=O)C[C@@H](c4cc(Cl)ccc4O2)[C@H]3C1,1,MJRPHRMGEKCADU-JVLSTEMRSA-N,O=C1C[C@H]2c3ccccc3O[C@@]3(CCNC[C@H]23)N1
CC(=O)OCC(=O)[C@@]1(O)CC[C@@H]2[C@@H]3CCC4=CC(=O)CC[C@]4(C)[C@]3(F)[C@@H](O)C[C@@]21C,1,SYWHXTATXSMDSB-VLBJDTNOSA-N,O=C1C=C2CC[C@@H]3C(CCC4CCC[C@@H]43)C2CC1
C[C@@]12CCC(=O)C=C1CC[C@H]1[C@H]3CC[C@@](O)(C(=O)CO)[C@]3(C)C[C@H](O)[C@@]12F,1,AAXVEMMRQDVLJB-IIDSPLMYSA-N,O=C1C=C2CC[C@@H]3C(CCC4CCC[C@@H]43)C2CC1
COc1ccccc1N1CCN(CCCCN2C(=O)C3C(=O)N(C(C)(C)C)C(=O)C(C2=O)C3(C)C)CC1,1,XOUUASFVIPGONU-UHFFFAOYSA-N,O=C1NC(=O)C2CC1C(=O)N(CCCCN1CCN(c3ccccc3)CC1)C2=O
CCCCN1C(=O)C2C(=O)N(CCCCN3CCN(c4ccccc4OC)CC3)C(=O)C(C1=O)C2(C)C,1,BXNRTMZZILHVNJ-UHFFFAOYSA-N,O=C1NC(=O)C2CC1C(=O)N(CCCCN1CCN(c3ccccc3)CC1)C2=O
Cc1cc(-c2cc(N)n3nc(-c4ccccn4)nc3c2)ccn1,1,UCQLAKMCVDNCTN-UHFFFAOYSA-N,c1ccc(-c2nc3cc(-c4ccncc4)ccn3n2)nc1
CC(=Cc1ccccc1)C=C1SC(=S)N(CC(=O)O)C1=O,0,CHNUOJQWGUIOLD-UHFFFAOYSA-N,O=C1NC(=S)SC1=CC=Cc1ccccc1
Cc1nc(=O)c2cc(CN(C)c3ccc(C(=O)NC(CCC(=O)O)C(=O)O)s3)ccc2[nH]1,0,IVTVGDXNLFLDRM-UHFFFAOYSA-N,O=c1nc[nH]c2ccc(CNc3cccs3)cc12
CN(C)CCC1(C)OCCC2=C1Cc1ccccc12,1,AMJPIGOYWBNJLP-UHFFFAOYSA-N,c1ccc2c(c1)CC1=C2CCOC1
CN(C)CC[C@@]1(C)OCCC2=C1Cc1ccccc12,1,AMJPIGOYWBNJLP-QGZVFWFLSA-N,c1ccc2c(c1)CC1=C2CCOC1
Cc1ccc(C(=O)NC2C(=O)NC(C(C)C)C(=O)N3CCCC3C(=O)N(C)CC(=O)N(C)C(C(C)C)C(=O)OC2C)c2c1Oc1c(C)c(O)c(N)c(=C(O)N=C3C(=O)NC(C(C)C)C(=O)N4CCCC4C(=O)N(C)CC(=O)N(C)C(C(C)C)C(=O)OC3C)c1=N2,0,GQBHKSFHNFMVES-UHFFFAOYSA-N,O=C1CNC(=O)C2CCCN2C(=O)CNC(=O)C(=NC=c2cccc3c2=Nc2c(cccc2C(=O)NC2COC(=O)CNC(=O)CNC(=O)C4CCCN4C(=O)CNC2=O)O3)COC(=O)CN1
COC12C(COC(N)=O)C3=C(C(=O)C(C)=C(N)C3=O)N1CC1NC12,0,NWIBSHFKIJFRCO-UHFFFAOYSA-N,O=C1C=CC(=O)C2=C1CC1C3NC3CN21
Cn1nnnc1SCC1=C(C(=O)O)N2C(=O)C(NC(=O)CS/C=C\C#N)[C@@H]2SC1,0,JXHWKLWIYBATLL-WCUMKXIZSA-N,O=C1C[C@@H]2SCC(CSc3nnn[nH]3)=CN12
Cn1nnnc1SCC1=C(C(=O)O)N2C(=O)C(NC(=O)CSC(F)(F)F)[C@@H]2SC1,0,HGXLJRWXCXSEJO-MHPPCMCBSA-N,O=C1C[C@@H]2SCC(CSc3nnn[nH]3)=CN12
Cn1nnnc1SCC1=C(C(=O)O)N2C(=O)C(NC(=O)CS/C=C/C#N)[C@@H]2SC1,0,JXHWKLWIYBATLL-LCGHSBRLSA-N,O=C1C[C@@H]2SCC(CSc3nnn[nH]3)=CN12
COC1(NC(=O)CSCC#N)C(=O)N2C(C(=O)O)=C(CSc3nnnn3C)CS[C@H]21,0,SNBUBQHDYVFSQF-CFMCSPIPSA-N,O=C1C[C@@H]2SCC(CSc3nnn[nH]3)=CN12
COC1(NC(=O)CSC[C@@H](N)C(=O)O)C(=O)N2C(C(=O)O)=C(CSc3nnnn3C)CS[C@H]21,0,JSDXOWVAHXDYCU-HDGHARFNSA-N,O=C1C[C@@H]2SCC(CSc3nnn[nH]3)=CN12
CO[C@@]1(NC(=O)CSCC#N)C(=O)N2C(C(=O)O)=C(CSc3nnnn3C)CS[C@H]21,0,SNBUBQHDYVFSQF-ZFWWWQNUSA-N,O=C1C[C@@H]2SCC(CSc3nnn[nH]3)=CN12
CO[C@@]1(NC(=O)CSC[C@H](N)C(=O)O)C(=O)N2C(C(=O)O)=C(CSc3nnnn3C)CS[C@H]21,0,JSDXOWVAHXDYCU-QZOJXLDYSA-N,O=C1C[C@@H]2SCC(CSc3nnn[nH]3)=CN12
Cn1nnnc1SCC1=C(C(=O)O)N2C(=O)[C@@H](NC(=O)CSC(F)(F)F)[C@@H]2SC1,0,HGXLJRWXCXSEJO-XCBNKYQSSA-N,O=C1C[C@@H]2SCC(CSc3nnn[nH]3)=CN12
CCCC(=O)C1(c2ccccc2)CCC=CC1N(C)C,1,YGFVSJCYOZNDMW-UHFFFAOYSA-N,C1=CCC(c2ccccc2)CC1
CCOC(=O)C1(c2ccccc2)CCC=C[C@@H]1N(C)C,1,WDEFBBTXULIOBB-MYJWUSKBSA-N,C1=CCC(c2ccccc2)CC1
CCOC(=O)C1(c2ccccc2)CCC=CC1N(C)C,1,WDEFBBTXULIOBB-UHFFFAOYSA-N,C1=CCC(c2ccccc2)CC1
CCCC(=O)[C@]1(c2ccccc2)CCC=C[C@@H]1N(C)C,1,YGFVSJCYOZNDMW-WMZOPIPTSA-N,C1=CCC(c2ccccc2)CC1
CCOC(=O)[C@]1(c2ccccc2)CCC=C[C@H]1N(C)C,1,WDEFBBTXULIOBB-WBVHZDCISA-N,C1=CCC(c2ccccc2)CC1
CCOC(=O)[C@@]1(c2ccccc2)CCC=C[C@H]1N(C)C,1,WDEFBBTXULIOBB-NVXWUHKLSA-N,C1=CCC(c2ccccc2)CC1
CC(C)=CCN1CC[C@@]23c4c5ccc(O)c4O[C@H]2C(=O)CC[C@@]3(O)[C@H]1C5,1,OHKCLOQPSLQCQR-UMSONDCASA-N,O=C1CCC2[C@H]3Cc4cccc5c4[C@]2(CCN3)[C@H]1O5
COc1ccc2c3c1O[C@H]1C(=O)CC[C@@]4(O)[C@@H](C2)N(C)CC[C@@]314,1,BRUQQQPBMZOVGD-BVPBIZIASA-N,O=C1CCC2[C@H]3Cc4cccc5c4[C@]2(CCN3)[C@H]1O5
CN1CC[C@@]23c4c5ccc(O)c4O[C@H]2C(=O)CC[C@@]3(O)[C@H]1C5,1,UQCNKQCJZOAFTQ-VJUNAUMWSA-N,O=C1CCC2[C@H]3Cc4cccc5c4[C@]2(CCN3)[C@H]1O5
COCCN1CC[C@@]23c4c5ccc(O)c4O[C@H]2C(=O)CC[C@@]3(O)[C@H]1C5,1,PBGIBLLOMGURPS-ZWQIFLOQSA-N,O=C1CCC2[C@H]3Cc4cccc5c4[C@]2(CCN3)[C@H]1O5
C=CCN1CC[C@@]23c4c5ccc(O)c4O[C@H]2C(=O)CC[C@@]3(O)[C@H]1C5,1,UZHSEJADLWPNLE-ZWQIFLOQSA-N,O=C1CCC2[C@H]3Cc4cccc5c4[C@]2(CCN3)[C@H]1O5
C=C(C(=O)COC(=O)c1ccncc1)[C@]1(C)C[C@@H](O)[C@H]2[C@@H](CCC3=CC(=O)CC[C@@]32C)[C@]12CO[C@H](/C=C/C)O2,1,SFRLMIVVALFNBJ-MTFFTRNESA-N,C=C(C(=O)COC(=O)c1ccncc1)C1CC[C@@H]2C3CCC(=O)C=C3CC[C@H]2[C@]12COCO2
CC1(C)NC(=O)N(c2ccc([N+](=O)[O-])c(C(F)(F)F)c2)C1=O,1,XWXYUMMDTVBTOU-UHFFFAOYSA-N,O=C1CNC(=O)N1c1ccccc1
COC(=O)CC(c1ccc(O)cc1)c1c(O)[nH]cc(C(=O)OC)c1=O,1,AWXRVWZEUSWBLQ-UHFFFAOYSA-N,O=c1cc[nH]cc1Cc1ccccc1
COC(=O)CC(c1ccccc1)c1c(O)[nH]cc(C(=O)OC)c1=O,0,NSEGJSYCSNIOHK-UHFFFAOYSA-N,O=c1cc[nH]cc1Cc1ccccc1
CO/N=C(\C(=O)N[C@@H]1C(=O)N2C(C(=O)O)=C(/C=C\c3scnc3C)CS[C@H]12)c1csc(N)n1,0,KMIPKYQIOVAHOP-YLGJWRNMSA-N,N=C(C(=O)N[C@@H]1C(=O)N2C=C(/C=C\c3cncs3)CS[C@H]12)c1cscn1
CO/N=C(/C(=O)N[C@@H]1C(=O)N2C(C(=O)O)=C(/C=C\c3scnc3C)CS[C@H]12)c1csc(N)n1,0,KMIPKYQIOVAHOP-LWJMVPTMSA-N,N=C(C(=O)N[C@@H]1C(=O)N2C=C(/C=C\c3cncs3)CS[C@H]12)c1cscn1
CN(C)Cc1ccnc(-c2cccc(N[C@H]3N=CC=C3[N+](=O)[O-])c2)c1,1,JTVAVCUEZQNBKG-GOSISDBHSA-N,C1=C[C@@H](Nc2cccc(-c3ccccn3)c2)N=C1
COc1ccc2c(c1)C(N1CCN(C)CC1)=Cc1ccccc1O2,1,GXGQMMZHTFRNBT-UHFFFAOYSA-N,C1=C(N2CCNCC2)c2ccccc2Oc2ccccc21
CC(=O)OC1C(=O)C2(C)C(O)CC3OCC3(OC(C)=O)C2C(OC(=O)c2ccccc2)C2(O)CC(OC(=O)C(O)C(NC(=O)c3ccccc3)c3ccccc3)C(C)C1C2(C)C,0,FUACKCUXESSQLT-UHFFFAOYSA-N,O=C(CC(NC(=O)c1ccccc1)c1ccccc1)OC1CC2CC(=O)C3CCC4OCC4C3C(OC(=O)c3ccccc3)C(C2)C1
CC12CCCCCC(Cc3ccc(O)cc31)C2N,1,VTMVHDZWSFQSQP-UHFFFAOYSA-N,c1ccc2c(c1)CC1CCCCCC2C1
C[C@@]12CCCCCC(Cc3ccc(O)cc31)[C@@H]2N,1,VTMVHDZWSFQSQP-FFPFEORLSA-N,c1ccc2c(c1)CC1CCCCCC2C1
CC(C(=O)O)c1ccc(C2CCCC(=NO)C2)cc1,1,IQPPOXSMSDPZKU-UHFFFAOYSA-N,N=C1CCCC(c2ccccc2)C1
COC(=O)[C@@H]1[C@@H](OC(=O)c2ccccc2)C[C@@H]2CC[C@@H]1N2C,1,ZPUCINDJVBIVPJ-AJNGGQMLSA-N,O=C(OC1C[C@@H]2CC[C@@H](C1)N2)c1ccccc1
CN1[C@H]2CC[C@H]1[C@@H](CC(=O)O)[C@@H](OC(=O)c1ccccc1)C2,0,CFEAIVJTMABOIJ-XGUBFFRZSA-N,O=C(OC1C[C@@H]2CC[C@@H](C1)N2)c1ccccc1
CC(C)c1ccc(SCCCC2CCN2C)cc1,1,PLBRMAXDKBRCEL-UHFFFAOYSA-N,c1ccc(SCCCC2CCN2)cc1
CC1(C)S[C@@H]2[C@H](N3C(=O)[C@H](c4ccccc4)NC3(C)C)C(=O)N2[C@H]1C(=O)O,0,DXVUYOAEDJXBPY-RSUWNVLCSA-N,O=C1[C@@H](N2CN[C@@H](c3ccccc3)C2=O)[C@H]2SCCN12
COCOC(=O)[C@H]1N2C(=O)[C@@H](N3C(=O)[C@H](c4ccc(O)cc4)NC3(C)C)[C@H]2SC1(C)C,0,XMNFWSAYWSUJMH-LUXYFRNMSA-N,O=C1[C@@H](N2CN[C@@H](c3ccccc3)C2=O)[C@H]2SCCN12
COCOC(=O)[C@H]1N2C(=O)[C@@H](N3C(=O)[C@H](c4ccccc4)NC3(C)C)[C@H]2SC1(C)C,0,QTQPGZVDUCMVLK-LUXYFRNMSA-N,O=C1[C@@H](N2CN[C@@H](c3ccccc3)C2=O)[C@H]2SCCN12
CC1(C)S[C@@H]2[C@H](N3C(=O)[C@H](c4ccc(O)cc4)NC3(C)C)C(=O)N2[C@H]1C(=O)O,0,MFSKHDSIPVDCDE-RSUWNVLCSA-N,O=C1[C@@H](N2CN[C@@H](c3ccccc3)C2=O)[C@H]2SCCN12
CN(CCOc1ccc(Cc2sc(=O)[nH]c2O)cc1)c1ccccn1,0,FLDPBMANMDLQTH-UHFFFAOYSA-N,O=c1[nH]cc(Cc2ccc(OCCNc3ccccn3)cc2)s1
O=C1CN=C(c2ccccc2)c2cc(Cl)ccc2N1CCOCC1CC1,1,PLRHQQPBNXIHAZ-UHFFFAOYSA-N,O=C1CN=C(c2ccccc2)c2ccccc2N1CCOCC1CC1
COc1cc2sc(-c3ccccc3)nc2cc1CN[C@H]1CCCN[C@H]1c1ccccc1,1,DNQVBZDJQYZSDX-OFVILXPXSA-N,c1ccc(-c2nc3cc(CN[C@H]4CCCN[C@H]4c4ccccc4)ccc3s2)cc1
CC1CC(OC(=O)C(O)c2ccccc2)CC(C)(C)C1,0,WZHCOOQXZCIUNC-UHFFFAOYSA-N,O=C(Cc1ccccc1)OC1CCCCC1
Nc1ccc(S(=O)(=O)N2CC3CCC(CC3)C2)cc1,1,RQBNXPJPWKUTOG-UHFFFAOYSA-N,O=S(=O)(c1ccccc1)N1CC2CCC(CC2)C1
CC1(C)S[C@H]2[C@@H](N3C(=O)[C@@H](c4ccc(O)cc4)NC3(C)C)C(=O)N2[C@H]1C(=O)O,0,MFSKHDSIPVDCDE-DVZHBHJUSA-N,O=C1[C@H](N2CN[C@H](c3ccccc3)C2=O)[C@@H]2SCCN12
COCOC(=O)[C@@H]1N2C(=O)[C@H](N3C(=O)[C@@H](c4ccc(O)cc4)NC3(C)C)[C@@H]2SC1(C)C,0,XMNFWSAYWSUJMH-LLDVTBCESA-N,O=C1[C@H](N2CN[C@H](c3ccccc3)C2=O)[C@@H]2SCCN12
OC1CCN(c2ccnc(N[C@H](c3ccccn3)C3CC(O)C3)n2)CC1,1,JQOSBLDEFITSAB-RWKZGTHUSA-N,c1ccc([C@@H](Nc2nccc(N3CCCCC3)n2)C2CCC2)nc1
CCc1ccc(-n2cnc3c(sc4nccc(N(C)C)c43)c2=O)cc1,0,VCUKKMIXURRDKL-UHFFFAOYSA-N,O=c1c2sc3ncccc3c2ncn1-c1ccccc1
CCCCCc1cc(O)c2c(c1)OC(C)(C)C1CCC(C)=CC21,1,CYQFCXCEBYINGO-UHFFFAOYSA-N,C1=CC2c3ccccc3OCC2CC1
O=C(CN1CCOC1=O)N1CCCC(Cc2nc(-c3ccsc3)no2)C1,0,FLEBKIALLMMJEZ-UHFFFAOYSA-N,O=C(CN1CCOC1=O)N1CCCC(Cc2nc(-c3ccsc3)no2)C1
CSc1c(Cl)nc(NC(C)C)nc1N1CCN(C)CC1,1,UMMYPDFDLDVDCZ-UHFFFAOYSA-N,c1cc(N2CCNCC2)ncn1
CNc1nc(Cl)c(SC)c(N2CCN(C)CC2)n1,1,ITYXRJDDBZMFAY-UHFFFAOYSA-N,c1cc(N2CCNCC2)ncn1
CC(C)(Oc1ccc(Cl)cc1)C(=O)NC(C(=O)NC1C(=O)N2C1SC(C)(C)C2C(=O)O)c1ccccc1,0,BSIJLJGDLNRGBY-UHFFFAOYSA-N,O=C(COc1ccccc1)NC(C(=O)NC1C(=O)N2CCSC12)c1ccccc1
O=[N+]([O-])c1c(Cc2ccccc2)c[nH]c1NCCSCc1ccccn1,1,JRFXCOPGCQLSLL-UHFFFAOYSA-N,c1ccc(Cc2c[nH]c(NCCSCc3ccccn3)c2)cc1
CCNC(Cc1ccccc1)[C@@H]1CCCO1,1,DOFCLOLKFGSRTG-KZUDCZAMSA-N,c1ccc(CC[C@@H]2CCCO2)cc1
CCN[C@@H](Cc1ccccc1)[C@@H]1CCCO1,1,DOFCLOLKFGSRTG-KBPBESRZSA-N,c1ccc(CC[C@@H]2CCCO2)cc1
C=C[C@H]1O[C@@H]2C[C@@H]3[C@@H]4CCC5=CC(=O)C=C[C@@]5(C)[C@@]4(F)[C@@H](O)C[C@@]3(C)[C@]2(C(=O)CO)O1,1,JGSKXHVNDZFORI-NYRLXMKLSA-N,O=C1C=CC2C(=C1)CC[C@@H]1C2CCC2C3OCO[C@@H]3C[C@@H]21
COCOC(=O)[C@@H]1N2C(=O)[C@H](N3C(=O)C(c4ccc(O)cc4)NC3(C)C)[C@@H]2SC1(C)C,0,XMNFWSAYWSUJMH-FRVKYBTCSA-N,O=C1[C@H](N2CNC(c3ccccc3)C2=O)[C@@H]2SCCN12
O=C(COc1ccc(Cl)cc1)N1CCN(Cc2ccc3c(c2)OCO3)CC1,1,BFUJHVVEMMWLHC-UHFFFAOYSA-N,O=C(COc1ccccc1)N1CCN(Cc2ccc3c(c2)OCO3)CC1
C=C1C[C@@H]2[C@H]3CCC4=CC(=O)C=C[C@@]4(C)[C@]3(F)[C@@H](O)C[C@@]2(C)[C@]1(O)C(=O)CO,1,YVHXHNGGPURVOS-GHZJMGJXSA-N,C=C1CC2CCC3C4C=CC(=O)C=C4CC[C@@H]3[C@H]2C1
C1=C(CC2=NCNC2)CCc2ccccc21,1,DZUCCHIIOCXBTD-UHFFFAOYSA-N,C1=C(CC2=NCNC2)CCc2ccccc21
COC(=O)C[C@H](C1=C(O)C(=O)C([C@H](CC(=O)OC)c2ccsc2)=C(O)C1=O)c1ccsc1,0,URUKTTLKBTYEFK-OKILXGFUSA-N,O=C1C=C(Cc2ccsc2)C(=O)C=C1Cc1ccsc1
CC(C)CCC[C@H](C)[C@@H]1CC[C@@H]2[C@@H]3CC=C4C[C@@H](O)CC[C@]4(C)[C@@H]3CC[C@@]21C,1,HVYWMOMLDIMFJA-ROJYRTSDSA-N,C1=C2CCCCC2[C@@H]2CCC3CCC[C@@H]3[C@@H]2C1
CC(=O)[C@@H]1CC[C@@H]2[C@@H]3CC=C4C[C@H](OC(=O)CCC(=O)O)CC[C@]4(C)[C@@H]3CC[C@]21C,1,OZZAYJQNMKMUSD-IRFKLBOSSA-N,C1=C2CCCCC2[C@@H]2CCC3CCC[C@@H]3[C@@H]2C1
CC1(C)S[C@H]2C(NC(=O)c3nc4ccccc4nc3C(=O)O)C(=O)N2[C@H]1C(=O)O,0,GPMSLJIYNWBYEL-LBBQAWJBSA-N,O=C(NC1C(=O)N2CCS[C@@H]12)c1cnc2ccccc2n1
COc1cc2ncnc(Nc3ccc(F)c(Cl)c3)c2cc1OCCCN1CCOCC1,0,XGALLCVXEZPNRQ-UHFFFAOYSA-N,c1ccc(Nc2ncnc3ccc(OCCCN4CCOCC4)cc23)cc1
CC(=O)OCC(=O)C12OC3(CCCC3)OC1CC1C3CC=C4CC(=O)C=CC4(C)C3(F)C(O)CC12C,1,QUYIFTUJECZGBB-UHFFFAOYSA-N,O=C1C=CC2C(=CCC3C2CCC2C3CC3OC4(CCCC4)OC32)C1
CC[C@@H]1OC(=O)[C@@H](C)[C@@H](O[C@@H]2CC(C)(OC)[C@@H](O)[C@H](C)O2)[C@H](C)[C@H](O[C@@H]2O[C@@H](C)C[C@H](N(C)C)[C@@H]2O)C(C)(O)C[C@H](C)/C(=N/OCOCCOC)[C@H](C)[C@H](O)C1(C)O,0,RXZBMPWDPOLZGW-MYWKZQBCSA-N,N=C1CCCCOC(=O)C[C@@H](O[C@@H]2CCCCO2)C[C@H](O[C@H]2CCCCO2)CCC1
CC[C@@H]1OC(=O)[C@@H](C)[C@@H](O[C@@H]2CC(C)(OC)[C@@H](O)[C@H](C)O2)[C@H](C)[C@H](O[C@@H]2O[C@@H](C)C[C@H](N(C)C)[C@@H]2O)C(C)(O)C[C@H](C)/C(=N\OC)[C@H](C)[C@H](O)C1(C)O,0,HPZGUSZNXKOMCQ-KMXPGTGBSA-N,N=C1CCCCOC(=O)C[C@@H](O[C@@H]2CCCCO2)C[C@H](O[C@H]2CCCCO2)CCC1
CC[C@@H]1OC(=O)[C@@H](C)[C@@H](O[C@@H]2CC(C)(OC)[C@@H](O)[C@H](C)O2)[C@H](C)[C@H](O[C@@H]2O[C@@H](C)C[C@H](N(C)C)[C@@H]2O)C(C)(O)C[C@H](C)/C(=N\OCOCCOC)[C@H](C)[C@H](O)C1(C)O,0,RXZBMPWDPOLZGW-TZSIRRPISA-N,N=C1CCCCOC(=O)C[C@@H](O[C@@H]2CCCCO2)C[C@H](O[C@H]2CCCCO2)CCC1
COc1ccc2c(c1OC)C(=O)O[C@H]2Nc1ccc2c(c1)COC2=O,1,YWQNMTXOGRSFBP-MRXNPFEDSA-N,O=C1OCc2cc(N[C@@H]3OC(=O)c4ccccc43)ccc21
CN1CCC23c4c5ccc(O)c4OC2(C)C(=O)CC[C@@H]3C1C5,1,NPZXCTIHHUUEEJ-KUOVCXEPSA-N,O=C1CC[C@@H]2C3Cc4cccc5c4C2(CCN3)C1O5
COc1ccc2c3c1OC1C(=O)CC[C@@H]4C(C2)N(C)CCC314,1,LLPOLZWFYMWNKH-KUOVCXEPSA-N,O=C1CC[C@@H]2C3Cc4cccc5c4C2(CCN3)C1O5
CN1CCC23c4c5ccc(O)c4OC2C(=O)CC[C@@H]3C1C5,1,WVLOADHCBXTIJK-UORFYUKNSA-N,O=C1CC[C@@H]2C3Cc4cccc5c4C2(CCN3)C1O5
CCC(=O)N(c1ccc(Cl)c(Cl)c1)[C@H]1CCC[C@@H]1N(C)C,1,YCRFSKUCDBJWLX-GJZGRUSLSA-N,c1ccc(NC2CCCC2)cc1
CCC(=O)N(c1ccc(Cl)c(Cl)c1)C1CCCC1N(C)C,1,YCRFSKUCDBJWLX-UHFFFAOYSA-N,c1ccc(NC2CCCC2)cc1
CCC(=O)N(c1ccc(Cl)c(Cl)c1)[C@@H]1CCC[C@H]1N(C)C,1,YCRFSKUCDBJWLX-HUUCEWRRSA-N,c1ccc(NC2CCCC2)cc1
CCC(=O)N(c1ccc(Cl)c(Cl)c1)[C@H]1CCC[C@H]1N(C)C,1,YCRFSKUCDBJWLX-CABCVRRESA-N,c1ccc(NC2CCCC2)cc1
COC1C=COC2(C)Oc3c(C)c(O)c4c(c3C2=O)C2=NC3(CCN(CC(C)C)CC3)NC2=C(NC(=O)C(C)=CC=CC(C)C(O)C(C)C(O)C(C)C(OC(C)=O)C1C)C4=O,0,ATEBXHFBFRCZMA-UHFFFAOYSA-N,O=C1C=CC=CCCCCCCCCC=COC2Oc3ccc4c(c3C2=O)C2=NC3(CCNCC3)NC2=C(N1)C4=O
CO[C@H]1C=CO[C@@]2(C)Oc3c(C)c(O)c4c(c3C2=O)C2=NC3(CCN(CC(C)C)CC3)NC2=C(NC(=O)C(C)=CC=C[C@H](C)[C@H](O)[C@H](C)[C@H](O)[C@H](C)[C@@H](OC(C)=O)[C@@H]1C)C4=O,0,ATEBXHFBFRCZMA-JNGITZSXSA-N,O=C1C=CC=CCCCCCCCCC=COC2Oc3ccc4c(c3C2=O)C2=NC3(CCNCC3)NC2=C(N1)C4=O
CO[C@H]1C=CO[C@@]2(C)Oc3c(C)c(O)c4c(c3C2=O)C2=NC3(CCN(CC(C)C)CC3)NC2=C(NC(=O)C(C)=CC=C[C@H](C)[C@H](O)[C@@H](C)[C@@H](O)[C@@H](C)[C@H](OC(C)=O)[C@@H]1C)C4=O,0,ATEBXHFBFRCZMA-OZFKZPMASA-N,O=C1C=CC=CCCCCCCCCC=COC2Oc3ccc4c(c3C2=O)C2=NC3(CCNCC3)NC2=C(N1)C4=O
C[C@H](C(=O)O)c1ccc([C@@H]2CCCC(=NO)C2)cc1,1,IQPPOXSMSDPZKU-GXFFZTMASA-N,N=C1CCC[C@@H](c2ccccc2)C1
NCC1(Cc2nc(=O)o[nH]2)CCCCC1,0,MOEZPHHJIZLEKX-UHFFFAOYSA-N,O=c1nc(CC2CCCCC2)[nH]o1
CC(C)COCC(CN1CCCC1)N(Cc1ccccc1)c1ccccc1,1,PNIJGKVOHIQFBR-UHFFFAOYSA-N,c1ccc(CN(CCN2CCCC2)c2ccccc2)cc1
CC(C)COC[C@H](CN(Cc1ccccc1)c1ccccc1)N1CCCC1,0,UIEATEWHFDRYRU-DEOSSOPVSA-N,c1ccc(CN(CCN2CCCC2)c2ccccc2)cc1
CC(C)COCC(CN(Cc1ccccc1)c1ccccc1)N1CCCC1,0,UIEATEWHFDRYRU-UHFFFAOYSA-N,c1ccc(CN(CCN2CCCC2)c2ccccc2)cc1
CC(C)COC[C@@H](CN1CCCC1)N(Cc1ccccc1)c1ccccc1,1,PNIJGKVOHIQFBR-XMMPIXPASA-N,c1ccc(CN(CCN2CCCC2)c2ccccc2)cc1
CC(C)COC[C@@H](CN(Cc1ccccc1)c1ccccc1)N1CCCC1,0,UIEATEWHFDRYRU-XMMPIXPASA-N,c1ccc(CN(CCN2CCCC2)c2ccccc2)cc1
CC1(C)O[C@H]2C[C@H]3[C@@H]4CCC5=CC(=O)C=CC5(C)C4(F)C(O)CC3(C)C2(C(=O)COC(=O)c2cc3ccccc3o2)O1,1,OSWKQSQWSQSPQH-QSTOEWKVSA-N,O=C1C=CC2C(=C1)CC[C@@H]1C2CCC2[C@H]1C[C@@H]1OCOC21C(=O)COC(=O)c1cc2ccccc2o1
Cc1ccc(CS(=O)(=O)NC(c2ccccn2)C2CC(O)C2)cc1,1,FMNKYPFZTDILJJ-UHFFFAOYSA-N,O=S(=O)(Cc1ccccc1)NC(c1ccccn1)C1CCC1
N=C1CCN(C2CSC(CO)O2)C(=O)N1,1,AMOPFYYMAQCKEB-UHFFFAOYSA-N,N=C1CCN(C2CSCO2)C(=O)N1
O=C1CN=C(c2ccccc2)c2c(Cl)cccc2N1,1,GZLROLJNGZSEDS-UHFFFAOYSA-N,O=C1CN=C(c2ccccc2)c2ccccc2N1
CN1C(=O)[C@H](O)N=C(c2ccccc2)c2cc(Cl)ccc21,1,SEQDDYPDSLOBDC-HNNXBMFYSA-N,O=C1CN=C(c2ccccc2)c2ccccc2N1
O=C1CN=C(c2ccccc2Cl)c2cc([N+](=O)[O-])ccc2N1,1,DGBIGWXXNGSACT-UHFFFAOYSA-N,O=C1CN=C(c2ccccc2)c2ccccc2N1
CCN(CC)CCN1C(=O)CN=C(c2ccccc2F)c2cc(Cl)ccc21,1,SAADBVWGJQAEFS-UHFFFAOYSA-N,O=C1CN=C(c2ccccc2)c2ccccc2N1
O=C1CN=C(c2ccccc2)c2cc([N+](=O)[O-])ccc2N1,1,KJONHKAYOJNZEC-UHFFFAOYSA-N,O=C1CN=C(c2ccccc2)c2ccccc2N1
CN(C)C(=O)O[C@@H]1N=C(c2ccccc2)c2cc(Cl)ccc2N(C)C1=O,1,PXBVEXGRHZFEOF-KRWDZBQOSA-N,O=C1CN=C(c2ccccc2)c2ccccc2N1
N#CCCN1C(=O)[C@H](O)N=C(c2ccccc2F)c2cc(Cl)ccc21,1,XAXMYHMKTCNRRZ-KRWDZBQOSA-N,O=C1CN=C(c2ccccc2)c2ccccc2N1
CCS(=O)(=O)CCN1C(=O)CN=C(c2ccccc2F)c2cc(Cl)ccc21,1,BSPSXMXQKZZNFP-UHFFFAOYSA-N,O=C1CN=C(c2ccccc2)c2ccccc2N1
CN1C(=O)[C@H](O)N=C(c2ccccc2F)c2cc(Cl)ccc21,1,RMFYWNFETXNTIQ-HNNXBMFYSA-N,O=C1CN=C(c2ccccc2)c2ccccc2N1
CP(C)(=O)CN1C(=O)CN=C(c2ccccc2)c2cc(Cl)ccc21,1,JMYCGCXYZZHWMO-UHFFFAOYSA-N,O=C1CN=C(c2ccccc2)c2ccccc2N1
CN1C(=O)[C@H](O)N=C(c2ccccc2Cl)c2cc(Cl)ccc21,1,FJIKWRGCXUCUIG-HNNXBMFYSA-N,O=C1CN=C(c2ccccc2)c2ccccc2N1
C[C@@H]1N=C(c2ccccc2Cl)c2cc([N+](=O)[O-])ccc2NC1=O,1,LMUVYJCAFWGNSY-VIFPVBQESA-N,O=C1CN=C(c2ccccc2)c2ccccc2N1
COCN1C(=O)CN=C(c2ccccc2)c2cc([N+](=O)[O-])ccc21,1,CWCAUFWLFIUQHP-UHFFFAOYSA-N,O=C1CN=C(c2ccccc2)c2ccccc2N1
CN1C(=O)CN=C(c2ccccc2)c2cc([N+](=O)[O-])ccc21,1,GWUSZQUVEVMBPI-UHFFFAOYSA-N,O=C1CN=C(c2ccccc2)c2ccccc2N1
CC(C)(C)C(=O)O[C@@H]1N=C(c2ccccc2)c2cc(Cl)ccc2NC1=O,1,FTJLKTBLZOULCL-SFHVURJKSA-N,O=C1CN=C(c2ccccc2)c2ccccc2N1
O=C1CN=C(c2ccccc2F)c2cc(Cl)ccc2N1C[C@H](O)CO,1,RCDQRWWSKKYAJG-LBPRGKRZSA-N,O=C1CN=C(c2ccccc2)c2ccccc2N1
O=C1CN=C(c2ccccc2Cl)c2cc(Cl)ccc2N1,1,CHIFCDOIPRCHCF-UHFFFAOYSA-N,O=C1CN=C(c2ccccc2)c2ccccc2N1
O=C1[C@H](O)N=C(c2ccccc2F)c2cc(Cl)ccc2N1CCO,1,VOJLELRQLPENHL-INIZCTEOSA-N,O=C1CN=C(c2ccccc2)c2ccccc2N1
CCOC(=O)[C@H]1N=C(c2ccccc2F)c2cc(Cl)ccc2NC1=O,1,CUCHJCMWNFEYOM-INIZCTEOSA-N,O=C1CN=C(c2ccccc2)c2ccccc2N1
CN1C(=O)CN=C(c2ccccc2F)c2cc(Cl)ccc21,1,ROYOYTLGDLIGBX-UHFFFAOYSA-N,O=C1CN=C(c2ccccc2)c2ccccc2N1
O=C1CN=C(c2ccccc2)c2cc(Cl)ccc2N1CC(F)(F)F,1,WYCLKVQLVUQKNZ-UHFFFAOYSA-N,O=C1CN=C(c2ccccc2)c2ccccc2N1
C#CCN1C(=O)CN=C(c2ccccc2)c2cc(Cl)ccc21,1,MFZOSKPPVCIFMT-UHFFFAOYSA-N,O=C1CN=C(c2ccccc2)c2ccccc2N1
O=C1CN=C(c2ccccc2)c2cc(Cl)ccc2N1,1,AKPLHCDWDRPJGD-UHFFFAOYSA-N,O=C1CN=C(c2ccccc2)c2ccccc2N1
CN1C(=O)CN=C(c2ccccc2)c2cc(Cl)ccc21,1,AAOVKJBEBIDNHE-UHFFFAOYSA-N,O=C1CN=C(c2ccccc2)c2ccccc2N1
CN1C(=O)CN=C(c2ccccc2F)c2cc([N+](=O)[O-])ccc21,1,PPTYJKAXVCCBDU-UHFFFAOYSA-N,O=C1CN=C(c2ccccc2)c2ccccc2N1
O=C1Nc2ccc(Cl)cc2C(c2ccccc2Cl)=N[C@H]1O,1,DIWRORZWFLOCLC-HNNXBMFYSA-N,O=C1CN=C(c2ccccc2)c2ccccc2N1
O=C1Nc2ccc(Cl)cc2C(c2ccccc2)=N[C@H]1O,1,ADIMAYPTOBDMTL-HNNXBMFYSA-N,O=C1CN=C(c2ccccc2)c2ccccc2N1
O=C1Nc2ccc(Cl)cc2C(c2ccccc2Cl)=NC1O,1,DIWRORZWFLOCLC-UHFFFAOYSA-N,O=C1CN=C(c2ccccc2)c2ccccc2N1
O=C1Nc2ccc(Cl)cc2C(c2ccccc2)=NC1O,1,ADIMAYPTOBDMTL-UHFFFAOYSA-N,O=C1CN=C(c2ccccc2)c2ccccc2N1
CN(C)C(=O)OC1N=C(c2ccccc2)c2cc(Cl)ccc2N(C)C1=O,1,PXBVEXGRHZFEOF-UHFFFAOYSA-N,O=C1CN=C(c2ccccc2)c2ccccc2N1
N#CCCN1C(=O)C(O)N=C(c2ccccc2F)c2cc(Cl)ccc21,1,XAXMYHMKTCNRRZ-UHFFFAOYSA-N,O=C1CN=C(c2ccccc2)c2ccccc2N1
CCOC(=O)C1N=C(c2ccccc2F)c2cc(Cl)ccc2NC1=O,1,CUCHJCMWNFEYOM-UHFFFAOYSA-N,O=C1CN=C(c2ccccc2)c2ccccc2N1
CN1C(=O)C(O)N=C(c2ccccc2F)c2cc(Cl)ccc21,1,RMFYWNFETXNTIQ-UHFFFAOYSA-N,O=C1CN=C(c2ccccc2)c2ccccc2N1
CN1C(=O)C(O)N=C(c2ccccc2Cl)c2cc(Cl)ccc21,1,FJIKWRGCXUCUIG-UHFFFAOYSA-N,O=C1CN=C(c2ccccc2)c2ccccc2N1
CC1N=C(c2ccccc2Cl)c2cc([N+](=O)[O-])ccc2NC1=O,1,LMUVYJCAFWGNSY-UHFFFAOYSA-N,O=C1CN=C(c2ccccc2)c2ccccc2N1
CC(C)(C)C(=O)OC1N=C(c2ccccc2)c2cc(Cl)ccc2NC1=O,1,FTJLKTBLZOULCL-UHFFFAOYSA-N,O=C1CN=C(c2ccccc2)c2ccccc2N1
O=C1CN=C(c2ccccc2F)c2cc(Cl)ccc2N1CC(O)CO,1,RCDQRWWSKKYAJG-UHFFFAOYSA-N,O=C1CN=C(c2ccccc2)c2ccccc2N1
O=C1C(O)N=C(c2ccccc2F)c2cc(Cl)ccc2N1CCO,1,VOJLELRQLPENHL-UHFFFAOYSA-N,O=C1CN=C(c2ccccc2)c2ccccc2N1
CN1C(=O)C(O)N=C(c2ccccc2)c2cc(Cl)ccc21,1,SEQDDYPDSLOBDC-UHFFFAOYSA-N,O=C1CN=C(c2ccccc2)c2ccccc2N1
CN1C(=O)[C@@H](O)N=C(c2ccccc2Cl)c2cc(Cl)ccc21,1,FJIKWRGCXUCUIG-OAHLLOKOSA-N,O=C1CN=C(c2ccccc2)c2ccccc2N1
CN1C(=O)[C@@H](O)N=C(c2ccccc2)c2cc(Cl)ccc21,1,SEQDDYPDSLOBDC-OAHLLOKOSA-N,O=C1CN=C(c2ccccc2)c2ccccc2N1
CN(C)C(=O)O[C@H]1N=C(c2ccccc2)c2cc(Cl)ccc2N(C)C1=O,1,PXBVEXGRHZFEOF-QGZVFWFLSA-N,O=C1CN=C(c2ccccc2)c2ccccc2N1
N#CCCN1C(=O)[C@@H](O)N=C(c2ccccc2F)c2cc(Cl)ccc21,1,XAXMYHMKTCNRRZ-QGZVFWFLSA-N,O=C1CN=C(c2ccccc2)c2ccccc2N1
C[C@H]1N=C(c2ccccc2Cl)c2cc([N+](=O)[O-])ccc2NC1=O,1,LMUVYJCAFWGNSY-SECBINFHSA-N,O=C1CN=C(c2ccccc2)c2ccccc2N1
O=C1Nc2ccc(Cl)cc2C(c2ccccc2)=N[C@@H]1O,1,ADIMAYPTOBDMTL-OAHLLOKOSA-N,O=C1CN=C(c2ccccc2)c2ccccc2N1
CC(C)(C)C(=O)O[C@H]1N=C(c2ccccc2)c2cc(Cl)ccc2NC1=O,1,FTJLKTBLZOULCL-GOSISDBHSA-N,O=C1CN=C(c2ccccc2)c2ccccc2N1
O=C1CN=C(c2ccccc2F)c2cc(Cl)ccc2N1C[C@@H](O)CO,1,RCDQRWWSKKYAJG-GFCCVEGCSA-N,O=C1CN=C(c2ccccc2)c2ccccc2N1
O=C1Nc2ccc(Cl)cc2C(c2ccccc2Cl)=N[C@@H]1O,1,DIWRORZWFLOCLC-OAHLLOKOSA-N,O=C1CN=C(c2ccccc2)c2ccccc2N1
CN1C(=O)[C@@H](O)N=C(c2ccccc2F)c2cc(Cl)ccc21,1,RMFYWNFETXNTIQ-OAHLLOKOSA-N,O=C1CN=C(c2ccccc2)c2ccccc2N1
O=C(O)C1N=C(c2ccccc2)c2cc(Cl)ccc2NC1=O,1,XDDJGVMJFWAHJX-UHFFFAOYSA-N,O=C1CN=C(c2ccccc2)c2ccccc2N1
CCOC(=O)[C@@H]1N=C(c2ccccc2F)c2cc(Cl)ccc2NC1=O,1,CUCHJCMWNFEYOM-MRXNPFEDSA-N,O=C1CN=C(c2ccccc2)c2ccccc2N1
Cc1nc(=O)c(C#N)c(NCc2cccnc2)[nH]1,1,NZXHFDXOCVIYLO-UHFFFAOYSA-N,O=c1cc(NCc2cccnc2)[nH]cn1
CC[C@@H](C(N)=O)N1CCCC1=O,1,HPHUVLMMVZITSG-LURJTMIESA-N,O=C1CCCN1
NC(=O)CN1C[C@@H](O)CC1=O,1,IHLAQQPQKRMGSS-BYPYZUCNSA-N,O=C1CCCN1
CC(C)N(CCNC(=O)CN1CCCC1=O)C(C)C,1,ZULJGOSFKWFVRX-UHFFFAOYSA-N,O=C1CCCN1
CCC(C(N)=O)N1CCCC1=O,1,HPHUVLMMVZITSG-UHFFFAOYSA-N,O=C1CCCN1
NC(=O)CN1CC(O)CC1=O,1,IHLAQQPQKRMGSS-UHFFFAOYSA-N,O=C1CCCN1
NC(=O)CN1CCCC1=O,1,GMZVRMREEHBGGF-UHFFFAOYSA-N,O=C1CCCN1
CC[C@H](C(N)=O)N1CCCC1=O,1,HPHUVLMMVZITSG-ZCFIWIBFSA-N,O=C1CCCN1
NC(=O)CN1C[C@H](O)CC1=O,1,IHLAQQPQKRMGSS-SCSAIBSYSA-N,O=C1CCCN1
CN1CCC(NC(=O)c2ccc(C3SCC(=O)N3Cc3ccccc3)cc2)CC1,0,HTYXQXXSJBKBER-UHFFFAOYSA-N,O=C(NC1CCNCC1)c1ccc(C2SCC(=O)N2Cc2ccccc2)cc1
Cc1c2oc3c(C)ccc(C(=O)N[C@@H]4C(=O)N[C@H](C(C)C)C(=O)N5CCC[C@@H]5C(=O)N(C)CC(=O)N(C)[C@@H](C(C)C)C(=O)O[C@H]4C)c3nc-2c(C(=O)N[C@H]2C(=O)N[C@H](C(C)C)C(=O)N3CCC[C@H]3C(=O)N(C)CC(=O)N(C)[C@H](C(C)C)C(=O)O[C@@H]2C)c(N)c1=O,0,RJURFGZVJUQBHK-JKBNFEELSA-N,O=C1CNC(=O)[C@H]2CCCN2C(=O)CNC(=O)[C@@H](NC(=O)c2cccc3oc4cc(=O)cc(C(=O)N[C@@H]5COC(=O)CNC(=O)CNC(=O)[C@@H]6CCCN6C(=O)CNC5=O)c-4nc23)COC(=O)CN1
CC1CC2C3CCC4=CC(=O)C=CC4(C)C3(F)C(O)CC2(C)C1(OC(=O)c1ccccc1)C(=O)CO,1,SOQJPQZCPBDOMF-UHFFFAOYSA-N,O=C1C=CC2C(=C1)CCC1C2CCC2C(OC(=O)c3ccccc3)CCC21
COc1cc(C2c3cc4c(cc3C(OC3OC5COC(C)OC5C(O)C3O)C3COC(=O)C23)OCO4)cc(OC)c1O,0,VJJPUSNTGOMMGY-UHFFFAOYSA-N,O=C1OCC2C(OC3CCC4OCOCC4O3)c3cc4c(cc3C(c3ccccc3)C12)OCO4
CCOC(=O)C(CCc1ccccc1)NC(C)C(=O)N1CC2(CC1C(=O)O)SCCS2,0,HRWCVUIFMSZDJS-UHFFFAOYSA-N,O=C(CNCCCc1ccccc1)N1CCC2(C1)SCCS2
O=C(CCCN1CCN(C(=O)OC2CCCCC2)CC1)c1ccc(F)cc1,1,OCHNIEZVJROLLV-UHFFFAOYSA-N,O=C(CCCN1CCN(C(=O)OC2CCCCC2)CC1)c1ccccc1
N[C@@H](C(=O)N[C@@H]1C(=O)N2C(C(=O)O)=C(CSc3cn[nH]n3)CS[C@@H]12)c1ccc(O)cc1,0,UOCJDOLVGGIYIQ-XNJGSVPQSA-N,O=C(Cc1ccccc1)N[C@@H]1C(=O)N2C=C(CSc3cn[nH]n3)CS[C@@H]12
C[n+]1c2n(c(=O)c3ccccc31)CCC1c3ccccc3NC21,1,KFASAPQSLORVRQ-UHFFFAOYSA-N,O=c1c2ccccc2[nH+]c2n1CCC1c3ccccc3NC21
NC(=O)C(c1ccccc1)(c1ccccc1)C1CCN(CCc2ccc3c(c2)CCO3)C1,1,HXGBXQDTNZMWGS-UHFFFAOYSA-N,c1ccc(C(c2ccccc2)C2CCN(CCc3ccc4c(c3)CCO4)C2)cc1
O=C(N/N=C/c1ccc([N+](=O)[O-])o1)c1ccc(O)cc1,0,YCWSUKQGVSGXJO-NTUHNPAUSA-N,O=C(N/N=C/c1ccco1)c1ccccc1
CON=C(C(=O)NC1C(=O)N2C(C(=O)O)=CCSC12)c1csc(=N)[nH]1,0,NNULBSISHYWZJU-UHFFFAOYSA-N,N=C(C(=O)NC1C(=O)N2C=CCSC12)c1csc(=N)[nH]1
CC(C)(C)NC[C@H](O)COc1ccccc1C1CCCC1,1,KQXKVJAGOJTNJS-HNNXBMFYSA-N,c1ccc(C2CCCC2)cc1
NC1CCCC1c1ccccc1,1,VNGYTYNUZHDMPP-UHFFFAOYSA-N,c1ccc(C2CCCC2)cc1
N[C@H]1CCC[C@H]1c1ccccc1,1,VNGYTYNUZHDMPP-QWRGUYRKSA-N,c1ccc(C2CCCC2)cc1
CCN(CC)CCOCCOC(=O)C1(c2ccccc2)CCCC1,0,CFJMRBQWBDQYMK-UHFFFAOYSA-N,c1ccc(C2CCCC2)cc1
N[C@H]1CCC[C@@H]1c1ccccc1,1,VNGYTYNUZHDMPP-MNOVXSKESA-N,c1ccc(C2CCCC2)cc1
COC1=CC=C2C3Cc4ccc(OC)c5c4C2(CCN3C)C1O5,1,FQXXSQDCDRQNQE-UHFFFAOYSA-N,C1=CC2Oc3cccc4c3C23CCNC(C4)C3=C1
O=C(NC(Cc1ccccn1)C1CC(O)C1)c1[nH]nc2ccccc12,1,LXLLOWDNIDCOFB-UHFFFAOYSA-N,O=C(NC(Cc1ccccn1)C1CCC1)c1[nH]nc2ccccc12
CC(C)CC1C(=O)N2CCC[C@H]2C2O[C@](NC(=O)[C@@H]3C=C4c5cccc6[nH]c(Br)c(c56)C[C@H]4N(C)C3)(C(C)C)C(=O)N12,0,ZOBUOKPWCAUBFK-QVGYSKHXSA-N,O=C(NC1OC2[C@@H]3CCCN3C(=O)CN2C1=O)[C@@H]1C=C2c3cccc4[nH]cc(c34)C[C@H]2NC1
CC(C)C[C@H]1C(=O)N2CCC[C@H]2[C@]2(O)O[C@](NC(=O)[C@@H]3C=C4c5cccc6[nH]c(Br)c(c56)C[C@H]4N(C)C3)(C(C)C)C(=O)N12,0,OZVBMTJYIDMWIL-AYFBDAFISA-N,O=C(NC1OC2[C@@H]3CCCN3C(=O)CN2C1=O)[C@@H]1C=C2c3cccc4[nH]cc(c34)C[C@H]2NC1
CC(=O)OCC1=C(C(=O)O)N2C(=O)[C@H](NC(=O)c3c(-c4ccccc4Cl)noc3C)[C@H]2SC1,0,OCLRGULJISNUQS-OXJNMPFZSA-N,O=C(N[C@H]1C(=O)N2C=CCS[C@H]12)c1conc1-c1ccccc1
S=c1[nH]cnc2[nH]cnc12,1,GLVAUDGFNGKCSF-UHFFFAOYSA-N,S=c1[nH]cnc2[nH]cnc12
O=C(CCCN1CCC(O)(c2ccc(Br)cc2)CC1)c1ccc(F)cc1,1,RKLNONIVDFXQRX-UHFFFAOYSA-N,O=C(CCCN1CCC(c2ccccc2)CC1)c1ccccc1
O=C(CCCN1CCC(O)(c2cccc(C(F)(F)F)c2)CC1)c1ccc(F)cc1,1,GPMXUUPHFNMNDH-UHFFFAOYSA-N,O=C(CCCN1CCC(c2ccccc2)CC1)c1ccccc1
CC(=O)NCC1(c2ccccc2)CCN(CCCC(=O)c2ccc(F)cc2)CC1,1,VDGZERMDPAAZEJ-UHFFFAOYSA-N,O=C(CCCN1CCC(c2ccccc2)CC1)c1ccccc1
O=C(CCCN1CCC(O)(c2ccc(Cl)c(C(F)(F)F)c2)CC1)c1ccc(F)cc1,1,LZFSKNPPWIFMFL-UHFFFAOYSA-N,O=C(CCCN1CCC(c2ccccc2)CC1)c1ccccc1
CCCCCCCCCC(=O)OC1(c2ccc(Cl)cc2)CCN(CCCC(=O)c2ccc(F)cc2)CC1,1,GUTXTARXLVFHDK-UHFFFAOYSA-N,O=C(CCCN1CCC(c2ccccc2)CC1)c1ccccc1
CN(C)C(=O)C1(c2ccc(Cl)cc2)CCN(CCCC(=O)c2ccc(F)cc2)CC1,1,WMVSIGOLIQMRHF-UHFFFAOYSA-N,O=C(CCCN1CCC(c2ccccc2)CC1)c1ccccc1
CCCCCCCCCC(=O)OC1(c2ccc(Br)cc2)CCN(CCCC(=O)c2ccc(F)cc2)CC1,1,ZINCPWWBSRSXBH-UHFFFAOYSA-N,O=C(CCCN1CCC(c2ccccc2)CC1)c1ccccc1
O=C(CCCN1CCC(O)(c2ccc(Cl)cc2)CC1)c1ccc(F)cc1,1,LNEPOXFFQSENCJ-UHFFFAOYSA-N,O=C(CCCN1CCC(c2ccccc2)CC1)c1ccccc1
Cc1ccc(C2(O)CCN(CCCC(=O)c3ccc(F)cc3)CC2)cc1,1,AGAHNABIDCTLHW-UHFFFAOYSA-N,O=C(CCCN1CCC(c2ccccc2)CC1)c1ccccc1
O=C(CCCN1CCC(O)(c2cccc(Cl)c2)CC1)c1ccc(F)cc1,1,DSUPVFQPRMPPAD-UHFFFAOYSA-N,O=C(CCCN1CCC(c2ccccc2)CC1)c1ccccc1
CCC1(C2=CCCCCC2)C(=O)NC(=O)NC1=O,1,PAZQYDJGLKSCSI-UHFFFAOYSA-N,O=C1NC(=O)C(C2=CCCCCC2)C(=O)N1
CC(=O)O[C@H]1C=CC(C)=CC[C@H](O)C=CC(C)=C[C@@H](NC(=O)C(C)=O)[C@]2(C)C(=O)O[C@@H](C1)[C@@H](C)C2=O,0,LSNBAGMWJRMBEO-FYAREFNMSA-N,O=C1C[C@@H]2CCC=CC=CCCC=CC=CCC1C(=O)O2
Cc1cccc(C)c1NC(=O)CN1CCCC1=O,1,NGHTXZCKLWZPGK-UHFFFAOYSA-N,O=C(CN1CCCC1=O)Nc1ccccc1
CC1(C)O[C@@H]2C[C@H]3[C@@H]4CCC5=CC(=O)C=C[C@]5(C)[C@@]4(F)[C@@H](O)C[C@]3(C)[C@]2(C(=O)COC(=O)c2cc3ccccc3o2)O1,1,OSWKQSQWSQSPQH-GNFRAIDCSA-N,O=C1C=CC2C(=C1)CC[C@@H]1C2CCC2[C@H]1C[C@H]1OCO[C@@]21C(=O)COC(=O)c1cc2ccccc2o1
OCCOCCOCCN1CCN([C@@H](c2ccccc2)c2ccc(Cl)cc2)CC1,1,VUFOCTSXHUWGPW-QHCPKHFHSA-N,c1ccc(C(c2ccccc2)N2CCNCC2)cc1
CN1CCN([C@@H](c2ccccc2)c2ccc(Cl)cc2)CC1,1,WFNAKBGANONZEQ-SFHVURJKSA-N,c1ccc(C(c2ccccc2)N2CCNCC2)cc1
O=C(O)COCCN1CCN([C@@H](c2ccccc2)c2ccc(Cl)cc2)CC1,0,ZKLPARSLTMPFCP-NRFANRHFSA-N,c1ccc(C(c2ccccc2)N2CCNCC2)cc1
OCCOCCN1CCN([C@@H](c2ccccc2)c2ccc(Cl)cc2)CC1,1,ZQDWXGKKHFNSQK-NRFANRHFSA-N,c1ccc(C(c2ccccc2)N2CCNCC2)cc1
O=C(O)/C=C/C(=O)O.OCCOCCOCCN1CCN(C(c2ccccc2)c2ccc(Cl)cc2)CC1,1,XVIRSZGSFLTRJL-WLHGVMLRSA-N,c1ccc(C(c2ccccc2)N2CCNCC2)cc1
OCCOCCN1CCN(C(c2ccccc2)c2ccc(Cl)cc2)CC1,1,ZQDWXGKKHFNSQK-UHFFFAOYSA-N,c1ccc(C(c2ccccc2)N2CCNCC2)cc1
O=C(O)COCCN1CCN(C(c2ccccc2)c2ccc(Cl)cc2)CC1,0,ZKLPARSLTMPFCP-UHFFFAOYSA-N,c1ccc(C(c2ccccc2)N2CCNCC2)cc1
OCCOCCOCCN1CCN(C(c2ccccc2)c2ccc(Cl)cc2)CC1,1,VUFOCTSXHUWGPW-UHFFFAOYSA-N,c1ccc(C(c2ccccc2)N2CCNCC2)cc1
CN1CCN(C(c2ccccc2)c2ccc(Cl)cc2)CC1,1,WFNAKBGANONZEQ-UHFFFAOYSA-N,c1ccc(C(c2ccccc2)N2CCNCC2)cc1
O=C(O)COCCN1CCN([C@H](c2ccccc2)c2ccc(Cl)cc2)CC1,0,ZKLPARSLTMPFCP-OAQYLSRUSA-N,c1ccc(C(c2ccccc2)N2CCNCC2)cc1
OCCOCCN1CCN([C@H](c2ccccc2)c2ccc(Cl)cc2)CC1,1,ZQDWXGKKHFNSQK-OAQYLSRUSA-N,c1ccc(C(c2ccccc2)N2CCNCC2)cc1
CN1CCN(C(c2ccccc2)c2ccccc2)CC1,1,UVKZSORBKUEBAZ-UHFFFAOYSA-N,c1ccc(C(c2ccccc2)N2CCNCC2)cc1
CN1CCN([C@H](c2ccccc2)c2ccc(Cl)cc2)CC1,1,WFNAKBGANONZEQ-GOSISDBHSA-N,c1ccc(C(c2ccccc2)N2CCNCC2)cc1
OCCOCCOCCN1CCN([C@H](c2ccccc2)c2ccc(Cl)cc2)CC1,1,VUFOCTSXHUWGPW-HSZRJFAPSA-N,c1ccc(C(c2ccccc2)N2CCNCC2)cc1
CCC1(O)C[C@H](O[C@@H]2C[C@H](N(C)C)[C@H](O[C@H]3C[C@@H]4O[C@H]5CC(=O)[C@H](C)O[C@@H]5O[C@H]4[C@H](C)O3)[C@H](C)O2)c2c(O)c3c(c(O)c2[C@@H]1O[C@H]1C[C@H](N(C)C)[C@H](O)[C@H](C)O1)C(=O)c1cccc(O)c1C3=O,0,JXVAMODRWBNUSF-ZBGWGASOSA-N,O=C1CO[C@@H]2O[C@H]3CO[C@@H](O[C@H]4CC[C@@H](O[C@H]5CC[C@@H](O[C@H]6CCCCO6)c6cc7c(cc65)C(=O)c5ccccc5C7=O)OC4)C[C@@H]3O[C@H]2C1
COC1=C2OC3C(=O)C=CC4C5CC(C=C1)C2C34CCN5C,1,UUXKJWSSCUHNOY-UHFFFAOYSA-N,O=C1C=CC2C3CC4C=CC=C5OC1C2(CCN3)C54
CC[C@H](NC(=O)c1c(OCCNC(=O)[C@@H]2CCCN2)c(-c2ccccc2)nc2ccccc12)c1ccccc1,0,ORPZVEATXOARKK-BDYUSTAISA-N,O=C(NCc1ccccc1)c1c(OCCNC(=O)[C@@H]2CCCN2)c(-c2ccccc2)nc2ccccc12
Cc1ccc(Cn2c(C3CNCCO3)nc3ccccc32)cc1,1,IGUBZXXWVQQSPY-UHFFFAOYSA-N,c1ccc(Cn2c(C3CNCCO3)nc3ccccc32)cc1
Fc1ccc(Cn2c(C3CNCCO3)nc3ccccc32)cc1,1,XFQZALCRWJDNNK-UHFFFAOYSA-N,c1ccc(Cn2c(C3CNCCO3)nc3ccccc32)cc1
NCC1OC(COC2C(CO)OC(OC3C(O)C(N)CC(N)C3OC3OC(CN)C(O)C(O)C3N)C2O)C(N)C(O)C1O,0,QTBDRQPGZGFBSD-UHFFFAOYSA-N,C1CCC(COC2COC(OC3CCCCC3OC3CCCCO3)C2)OC1
C1=CCc2c([nH]c3c2C(Cc2ccccc2)NCC3)C1,1,YPKXPFWZSGRPMN-UHFFFAOYSA-N,C1=CCc2c([nH]c3c2C(Cc2ccccc2)NCC3)C1
CO[C@@H]1[C@@H](OC2O[C@H](C)[C@@H](O[C@H]3C[C@@](C)(O)[C@@H](O)[C@H](C)O3)[C@H](N(C)C)[C@H]2O)[C@@H](CC=O)C[C@@H](C)[C@@H](OC2CC[C@H](N(C)C)[C@@H](C)O2)C=CC=CC[C@@H](C)OC(=O)C[C@H]1O,0,ACTOXUHEUCPTEW-NORKPRQUSA-N,O=C1CCC[C@@H](OC2CC[C@H](O[C@H]3CCCCO3)CO2)CCC[C@@H](OC2CCCCO2)C=CC=CCCO1
NC(=O)C1c2ccccc2C2OC2c2ccccc21,1,NMQDLHGETBRRJD-UHFFFAOYSA-N,c1ccc2c(c1)Cc1ccccc1C1OC21
CCc1cc2c(cc1CC)CC(NCC(O)c1ccc(O)c3[nH]c(=O)ccc13)C2,0,QZZUEBNBZAPZLX-UHFFFAOYSA-N,O=c1ccc2c(CCNC3Cc4ccccc4C3)cccc2[nH]1
CC(=O)C12OC(C)(C)OC1CC1C3CC=C4CC(=O)CCC4(C)C3CCC12C,1,NPVHYCFCXBTGEB-UHFFFAOYSA-N,O=C1CCC2C(=CCC3C2CCC2C3CC3OCOC32)C1
CC1(C)OC2CC3C4CC=C5CC(=O)CCC5(C)C4(F)C(O)CC3(C)C2(C(=O)CCl)O1,1,SRFSUDHTQQJJIN-UHFFFAOYSA-N,O=C1CCC2C(=CCC3C2CCC2C3CC3OCOC32)C1
CN1CCN(/C=C2\N=C3CN=C(c4ccccc4Cl)c4cc([N+](=O)[O-])ccc4N3C2=O)CC1,1,UTEFBSAVJNEPTR-RGEXLXHISA-N,O=C1/C(=C/N2CCNCC2)N=C2CN=C(c3ccccc3)c3ccccc3N12
CC(C(=O)O)c1cccc(Oc2ccccc2)c1,1,RDJGLLICXDHJDY-UHFFFAOYSA-N,c1ccc(Oc2ccccc2)cc1
O=C(O)c1ccccc1Oc1ccccc1,1,PKRSYEPBQPFNRB-UHFFFAOYSA-N,c1ccc(Oc2ccccc2)cc1
O=C([O-])c1ccccc1Oc1ccccc1,1,PKRSYEPBQPFNRB-UHFFFAOYSA-M,c1ccc(Oc2ccccc2)cc1
O=C(O)Cc1ccccc1Oc1ccc(Cl)cc1Cl,1,IDKAXRLETRCXKS-UHFFFAOYSA-N,c1ccc(Oc2ccccc2)cc1
CCCCNc1cc(C(=O)O)cc(S(N)(=O)=O)c1Oc1ccccc1,1,MAEIEVLCKWDQJH-UHFFFAOYSA-N,c1ccc(Oc2ccccc2)cc1
C[C@H](C(=O)O)c1cccc(Oc2ccccc2)c1,1,RDJGLLICXDHJDY-NSHDSACASA-N,c1ccc(Oc2ccccc2)cc1
CS(=O)(=O)Nc1ccc([N+](=O)[O-])cc1Oc1ccccc1,0,HYWYRSMBCFDLJT-UHFFFAOYSA-N,c1ccc(Oc2ccccc2)cc1
NC(Cc1cc(I)c(Oc2cc(I)c(O)c(I)c2)c(I)c1)C(=O)O,0,XUIIKFGFIJCVMT-UHFFFAOYSA-N,c1ccc(Oc2ccccc2)cc1
NC(Cc1cc(I)c(Oc2ccc(O)c(I)c2)c(I)c1)C(=O)O,0,AUYYCJSJGJYCDS-UHFFFAOYSA-N,c1ccc(Oc2ccccc2)cc1
N[C@@H](Cc1cc(I)c(Oc2cc(I)c(O)c(I)c2)c(I)c1)C(=O)O,0,XUIIKFGFIJCVMT-LBPRGKRZSA-N,c1ccc(Oc2ccccc2)cc1
N[C@@H](Cc1cc(I)c(Oc2ccc(O)c(I)c2)c(I)c1)C(=O)O,0,AUYYCJSJGJYCDS-LBPRGKRZSA-N,c1ccc(Oc2ccccc2)cc1
Oc1cc(Cl)ccc1Oc1ccc(Cl)cc1Cl,1,XEFQLINVKFYRCS-UHFFFAOYSA-N,c1ccc(Oc2ccccc2)cc1
CN1CCN2c3cc(F)ccc3C(c3cccs3)=NCC2C1,1,ICHHTOMWWAMJQP-UHFFFAOYSA-N,c1csc(C2=NCC3CNCCN3c3ccccc32)c1
NS(=O)(=O)c1cc2c(cc1Cl)N[C@H](CN1CCCC1)NS2(=O)=O,1,BTTINANDDGKPNA-LBPRGKRZSA-N,O=S1(=O)N[C@@H](CN2CCCC2)Nc2ccccc21
Cc1ccc2[nH]c(CCC(=O)NC(C)Cc3cnccn3)nc2c1C,0,VMPFDSFMYROYPV-UHFFFAOYSA-N,O=C(CCc1nc2ccccc2[nH]1)NCCc1cnccn1
Cc1ccc2[nH]c(CCC(=O)N[C@H](C)Cc3cnccn3)nc2c1C,0,VMPFDSFMYROYPV-CYBMUJFWSA-N,O=C(CCc1nc2ccccc2[nH]1)NCCc1cnccn1
CS(=O)(=O)c1ccc(C2=C(c3ccccc3)C(=O)OC2)cc1,0,RZJQGNCSTQAWON-UHFFFAOYSA-N,O=C1OCC(c2ccccc2)=C1c1ccccc1
CC12CCC(=O)C=C1CCC1C2C(O)CC2(C)C1CCC2(O)C(=O)COC(=O)CCC1CCCC1,1,DLVOSEUFIRPIRM-UHFFFAOYSA-N,O=C1C=C2CCC3C(CCC4C(C(=O)COC(=O)CCC5CCCC5)CCC43)C2CC1
C=C1c2cccc(O)c2C(O)=C2C(=O)[C@]3(O)C(=O)/C(=C(/N)O)C(=O)[C@@H](N(C)C)[C@@H]3[C@@H](O)[C@H]12,0,GLFJCEVWKWQSJP-ISFNZQQKSA-N,C=C1C(=O)C[C@@H]2C[C@@H]3C(=C)c4ccccc4C=C3C(=O)C2C1=O
CO/N=C(/C(=O)N[C@H]1C(=O)N2C(C(=O)OCOC(=O)C(C)(C)C)=CCS[C@H]12)c1csc(NC(=O)[C@@H](C)N)n1,0,VOPANQNVVCPHQR-WFGYAVLOSA-N,N=C(C(=O)N[C@H]1C(=O)N2C=CCS[C@H]12)c1cscn1
C=CC1=C(C(=O)O)N2C(=O)[C@H](NC(=O)/C(=N\OCC(=O)O)c3csc(N)n3)[C@H]2SC1,0,OKBVVJOGVLARMR-WVIRHPHLSA-N,N=C(C(=O)N[C@H]1C(=O)N2C=CCS[C@H]12)c1cscn1
O=C(Cc1ccc(Cl)c(Cl)c1)N1CCc2sccc2C1CN1CCCC1,1,HTWGECPQHCRGFE-UHFFFAOYSA-N,O=C(Cc1ccccc1)N1CCc2sccc2C1CN1CCCC1
CC12CCC3C(CCC45OC4C(=O)C(C#N)CC35C)C1CCC2O,0,RLQVKDVIBJCQGE-UHFFFAOYSA-N,O=C1CCC2C3CCC4CCCC4C3CCC23OC13
CC1(C)S[C@H]2C(NC(=O)[C@@H](N)c3ccccc3)C(=O)N2[C@H]1C(=O)OCOC(=O)[C@@H]1N2C(=O)C[C@@H]2S(=O)(=O)C1(C)C,0,OPYGFNJSCUDTBT-VTNRRRORSA-N,O=C(Cc1ccccc1)NC1C(=O)N2[C@@H](C(=O)OCOC(=O)[C@H]3CS(=O)(=O)[C@H]4CC(=O)N34)CS[C@@H]12
CC1(C)O[C@H]2C[C@H]3[C@@H]4C[C@H](F)C5=CC(=O)CCC5(C)[C@H]4[C@@H](O)CC3(C)C2(C(=O)CO)O1,1,POPFMWWJOGLOIF-ICROZCASSA-N,O=C1C=C2CC[C@@H]3[C@H](CCC4C5OCO[C@H]5C[C@H]43)C2CC1
CC(C)(Oc1ccc(Cl)cc1)C(=O)N[C@@H](C(=O)N[C@@H]1C(=O)N2[C@@H]1SC(C)(C)[C@@H]2C(=O)O)c1ccccc1,0,BSIJLJGDLNRGBY-NXWNEQKCSA-N,O=C(COc1ccccc1)N[C@@H](C(=O)N[C@@H]1C(=O)N2CCS[C@H]12)c1ccccc1
CCn1nnc(NC(=O)C2c3ccccc3Oc3ccccc32)n1,1,HVTLYEBQNBWUIT-UHFFFAOYSA-N,O=C(Nc1nn[nH]n1)C1c2ccccc2Oc2ccccc21
CC(C)n1nnc(NC(=O)C2c3ccccc3Oc3ccccc32)n1,1,RSZVCJLSWBLJAI-UHFFFAOYSA-N,O=C(Nc1nn[nH]n1)C1c2ccccc2Oc2ccccc21
CN1C[C@H]2Cc3ccc(Cl)cc3[C@@H](c3ccccc3)[C@H]2C1,1,ZHKXDUQRKZQCQV-AYOQOUSVSA-N,c1ccc([C@@H]2c3ccccc3C[C@@H]3CNC[C@@H]32)cc1
CC(Cc1ccccc1)(NC(=O)CN)c1ccccc1,1,YSGASDXSLKIKOD-UHFFFAOYSA-N,c1ccc(CCc2ccccc2)cc1
CCC(=O)OC(Cc1ccccc1)(c1ccccc1)C(C)CN(C)C,1,XLMALTXPSGQGBX-UHFFFAOYSA-N,c1ccc(CCc2ccccc2)cc1
CCC(=O)OC(Cc1ccccc1)(c1ccccc1)[C@H](C)CN(C)C,1,XLMALTXPSGQGBX-ZZWBGTBQSA-N,c1ccc(CCc2ccccc2)cc1
CCC(=O)O[C@](Cc1ccccc1)(c1ccccc1)[C@H](C)CN(C)C,1,XLMALTXPSGQGBX-GCJKJVERSA-N,c1ccc(CCc2ccccc2)cc1
CCC(=O)O[C@@](Cc1ccccc1)(c1ccccc1)[C@@H](C)CN(C)C,1,XLMALTXPSGQGBX-PGRDOPGGSA-N,c1ccc(CCc2ccccc2)cc1
C[C@@](Cc1ccccc1)(NC(=O)CN)c1ccccc1,1,YSGASDXSLKIKOD-KRWDZBQOSA-N,c1ccc(CCc2ccccc2)cc1
CCC(=O)O[C@@](Cc1ccccc1)(c1ccccc1)[C@H](C)CN(C)C,1,XLMALTXPSGQGBX-XMSQKQJNSA-N,c1ccc(CCc2ccccc2)cc1
COc1cccc(CCc2ccccc2OCC(CN(C)C)OC(=O)CCC(=O)O)c1,0,FFYNAVGJSYHHFO-UHFFFAOYSA-N,c1ccc(CCc2ccccc2)cc1
CCC(=O)O[C@](Cc1ccccc1)(c1ccccc1)[C@@H](C)CN(C)C,1,XLMALTXPSGQGBX-AVRDEDQJSA-N,c1ccc(CCc2ccccc2)cc1
CCC1CC(OC(=O)C(O)(c2ccccc2)c2ccccc2)CC(C)[N+]12CCCC2,0,LDOHOYHGBRMYHI-UHFFFAOYSA-N,O=C(OC1CC[N+]2(CCCC2)CC1)C(c1ccccc1)c1ccccc1
CC[C@@H]1C[C@H](OC(=O)C(O)(c2ccccc2)c2ccccc2)C[C@H](C)[N+]12CCCC2,0,LDOHOYHGBRMYHI-TUACAJSNSA-N,O=C(OC1CC[N+]2(CCCC2)CC1)C(c1ccccc1)c1ccccc1
C/C=C\C1O[C@]2(C(=O)COC(=O)c3ccncc3)CC[C@@]3(O1)[C@@H]1CCC4=CC(=O)CC[C@]4(C)[C@H]1[C@@H](O)C[C@]23C,1,LZHLAFIPUJPCBN-ZTOAAZPKSA-N,O=C1C=C2CC[C@@H]3[C@H](CCC4[C@@]5(C(=O)COC(=O)c6ccncc6)CC[C@]43OCO5)C2CC1
COC(=O)C1NC(=O)C2NC(=O)C(NC(=O)C3NC(=O)C4NC(=O)C(NC(=O)C(N)c5ccc(O)c(c5)Oc5cc4cc(O)c5C)C(O)c4ccc(c(Cl)c4)Oc4cc3cc(c4O)Oc3ccc(cc3Cl)C2OC2OC(CO)C(O)C(O)C2NC(C)=O)c2ccc(O)c(c2)-c2c(O)cc(O)cc21,0,SDRZHRQWMYQSBH-UHFFFAOYSA-N,O=C1Cc2cccc(c2)Oc2cccc(c2)C2NC(=O)C(Cc3ccc(cc3)Oc3cc4cc(c3)C(NC2=O)C(=O)NC2C(=O)NC(C(=O)NCc3ccccc3-c3cccc2c3)C(OC2CCCCO2)c2ccc(cc2)O4)N1
CC1(C)S[C@H]2[C@H](NC(=O)[C@@H](C(=O)Oc3ccc4c(c3)CCC4)c3ccccc3)C(=O)N2[C@@H]1C(=O)O,0,JIRBAUWICKGBFE-VAWZGJIGSA-N,O=C(N[C@@H]1C(=O)N2CCS[C@@H]12)[C@@H](C(=O)Oc1ccc2c(c1)CCC2)c1ccccc1
CCNCc1ccc(C(=O)Nc2cc(C)n(Cc3cc(Cl)ccc3OCC(C)C)n2)cc1,0,VOXFFQMJGOMJED-UHFFFAOYSA-N,O=C(Nc1ccn(Cc2ccccc2)n1)c1ccccc1
CN1CCC2=C(CC1)c1ccccc1Oc1ccccc12,1,RLYFYCIACXEKPZ-UHFFFAOYSA-N,c1ccc2c(c1)Oc1ccccc1C1=C2CCNCC1
CC[C@H](C)[C@@H]1NC(=O)[C@H](Cc2ccc(O)cc2)NC(=O)[C@@H](N)CSSC[C@@H](C(=O)N2CCC[C@H]2C(=O)N[C@@H](CC(C)C)C(=O)NCC(N)=O)NC(=O)[C@H](CC(N)=O)NC(=O)[C@H](CCC(N)=O)NC1=O,0,XNOPRXBHLZRZKH-DSZYJQQASA-N,O=C1CNC(=O)CNC(=O)[C@H](Cc2ccccc2)NC(=O)CCSSC[C@@H](C(=O)N2CCCC2)NC(=O)CN1
COc1ccc([C@@H]2CC(=O)Oc3ccc4c(c32)O/C(=C/c2cc(OC)c(OC)cc2OC)C4=O)cc1,0,NUVFVGKJFZEAQZ-OGBFJMLUSA-N,O=C1C[C@@H](c2ccccc2)c2c(ccc3c2O/C(=C/c2ccccc2)C3=O)O1
COc1cc(OC)c(OC)cc1/C=C1/Oc2c(ccc3c2[C@H](c2cc(OC)c(OC)c(OC)c2)CC(=O)O3)C1=O,0,OQBYZXCGMICQKD-KCDOPAPYSA-N,O=C1C[C@@H](c2ccccc2)c2c(ccc3c2O/C(=C/c2ccccc2)C3=O)O1
CC1=C(C(=O)O)N2C(=O)[C@@H](NC(=O)[C@H](N)C3=CCC=CC3)[C@@H]2SC1,0,RDLPVSKMFDYCOR-HFAKWTLXSA-N,O=C(CC1=CCC=CC1)N[C@@H]1C(=O)N2C=CCS[C@@H]12
CN[C@H]1C(=O)N[C@@H]2Cc3ccc(cc3)Oc3cc4cc(c3O[C@@H]3O[C@H](CO)[C@@H](O)[C@H](O)[C@H]3NC(=O)CCCCCCCCC(C)C)Oc3ccc(cc3Cl)[C@@H](O)[C@@H]3NC(=O)[C@H](NC(=O)[C@@H]4NC(=O)[C@@H](NC2=O)c2cc(cc(O)c2Cl)Oc2cc1ccc2O)c1ccc(O)c(c1)-c1c(O[C@H]2O[C@H](CO)[C@@H](O)[C@H](O)[C@@H]2O)cc(O)cc1[C@@H](C(=O)NCCCN(C)C)NC3=O,0,YBHCRKSNNGPNKG-QEQRGNDBSA-N,O=C1Cc2cccc(c2)Oc2cccc(c2)[C@@H]2NC(=O)[C@@H](Cc3ccc(cc3)Oc3cc4cc(c3O[C@H]3CCCCO3)Oc3ccc(cc3)C[C@@H]3NC(=O)[C@H](NC(=O)[C@@H]4NC2=O)c2cccc(c2)-c2c(cccc2O[C@@H]2CCCCO2)CNC3=O)N1
Cc1ccc(S(=O)(=O)NC(=O)NC2C3CCC(C)(C2O)C3(C)C)cc1,1,RMTYNAPTNBJHQI-UHFFFAOYSA-N,O=C(NC1CC2CCC1C2)NS(=O)(=O)c1ccccc1
Cc1cccc(/C=N/N2CCN(C(c3ccccc3)c3ccccc3)CC2)n1,1,UZDGLRYWBSKLQY-NCELDCMTSA-N,C(=N/N1CCN(C(c2ccccc2)c2ccccc2)CC1)\c1ccccn1
O=C(O)C1OC(Oc2cc3oc(-c4ccccc4)cc(=O)c3c(O)c2O)C(O)C(O)C1O,0,IKIIZLYTISPENI-UHFFFAOYSA-N,O=c1cc(-c2ccccc2)oc2cc(OC3CCCCO3)ccc12
NC(=O)C1(N2CCCCC2)CCN(CCCC(=O)c2ccc(F)cc2)CC1,1,AXKPFOAXAHJUAG-UHFFFAOYSA-N,O=C(CCCN1CCC(N2CCCCC2)CC1)c1ccccc1
CCC(=O)C1(N2CCCCC2)CCN(CCCC(=O)c2ccc(F)cc2)CC1,1,JMIUUTJADPMZTQ-UHFFFAOYSA-N,O=C(CCCN1CCC(N2CCCCC2)CC1)c1ccccc1
C1=CCC2=C3C(=NC2=C1)CCNC3Cc1ccccc1,1,KYXCGOVTLUCXAM-UHFFFAOYSA-N,C1=CCC2=C3C(=NC2=C1)CCNC3Cc1ccccc1
CC1(C)S[C@@H]2[C@H](NC(=O)[C@H](N)c3ccccc3)C(=O)N2[C@H]1C(=O)O.CC1(C)[C@H](C(=O)O)N2C(=O)C[C@H]2S1(=O)=O,0,XBKAJGGBQLRIFJ-OUPOZMNRSA-N,O=C(Cc1ccccc1)N[C@@H]1C(=O)N2CCS[C@H]12.O=C1C[C@@H]2N1CCS2(=O)=O
N#Cc1ccc2c(c1)CCN(CCC1CCC(NC(=O)c3ccnc4ccccc34)CC1)C2,1,OLWRVVHPJFLNPW-UHFFFAOYSA-N,O=C(NC1CCC(CCN2CCc3ccccc3C2)CC1)c1ccnc2ccccc12
CN1[C@@H]2C[C@@H](OC(=O)[C@@H](CO)c3ccccc3)C[C@H]1[C@@H]1O[C@H]12,1,STECJAGHUSJQJN-CMXYNOPPSA-N,O=C(Cc1ccccc1)O[C@H]1C[C@@H]2N[C@H](C1)[C@@H]1O[C@H]12
c1ccc(C2CCN(CC3CCCc4c3ccc3c4OCO3)C2)cc1,1,HAEPGZUGYMHCJE-UHFFFAOYSA-N,c1ccc(C2CCN(CC3CCCc4c3ccc3c4OCO3)C2)cc1
Cc1cc(C(=O)N(C)C(C)c2ccncn2)ccc1Cl,0,XALYYZFQKZYJOI-UHFFFAOYSA-N,O=C(NCc1ccncn1)c1ccccc1
Cc1cc(C(=O)N(C)[C@@H](C)c2ccncn2)ccc1Cl,0,XALYYZFQKZYJOI-NSHDSACASA-N,O=C(NCc1ccncn1)c1ccccc1
CSc1ccc2c(c1)N(CC[C@@H]1CCCCN1)c1ccccc1S2,1,UFDCSHQNNVQXAS-HNNXBMFYSA-N,c1ccc2c(c1)Sc1ccccc1N2CC[C@@H]1CCCCN1
COc1ccc2c(c1)N(CC[C@@H]1CCCCN1C)c1ccccc1S2,1,QOJDAWZHQLNKDR-INIZCTEOSA-N,c1ccc2c(c1)Sc1ccccc1N2CC[C@@H]1CCCCN1
CN1CCCC[C@H]1CCN1c2ccccc2Sc2ccc(S(C)=O)cc21,1,SLVMESMUVMCQIY-AJWVYOOVSA-N,c1ccc2c(c1)Sc1ccccc1N2CC[C@@H]1CCCCN1
CSc1ccc2c(c1)N(CC[C@@H]1CCCCN1C)c1ccccc1S2,1,KLBQZWRITKRQQV-INIZCTEOSA-N,c1ccc2c(c1)Sc1ccccc1N2CC[C@@H]1CCCCN1
CN1CCCC[C@H]1CCN1c2ccccc2Sc2ccc(S(C)(=O)=O)cc21,1,FLGCRGJDQJIJAW-INIZCTEOSA-N,c1ccc2c(c1)Sc1ccccc1N2CC[C@@H]1CCCCN1
CN1CCCC[C@H]1CCN1c2ccccc2Sc2ccc([S@@+](C)[O-])cc21,1,SLVMESMUVMCQIY-YHAMSUFESA-N,c1ccc2c(c1)Sc1ccccc1N2CC[C@@H]1CCCCN1
CCN(CC)CCOC(=O)C1(C2CCCCC2)CCCCC1,0,CURUTKGFNZGFSE-UHFFFAOYSA-N,C1CCC(C2CCCCC2)CC1
CN(C)CCCn1c(=O)n(-c2ccccc2)c2cc(Cl)ccc21,1,VWXGRWMELBPMCU-UHFFFAOYSA-N,O=c1[nH]c2ccccc2n1-c1ccccc1
CCCCCN[C@]12C=CC(=O)[C@@H]3Oc4c(O)ccc5c4[C@@]31CCN(C)[C@@H]2C5,1,NRPCWSUJMWEFOK-MNAPGUCWSA-N,O=C1C=CC2[C@H]3Cc4cccc5c4[C@@]2(CCN3)[C@H]1O5
CCCCCN[C@@]12C=CC(=O)[C@@H]3Oc4c(O)ccc5c4[C@@]31CCN(C)[C@@H]2C5,1,NRPCWSUJMWEFOK-KDXIVRHGSA-N,O=C1C=CC2[C@H]3Cc4cccc5c4[C@@]2(CCN3)[C@H]1O5
CN1CC[C@]23c4c5ccc(O)c4O[C@H]2C(=O)C=C[C@@]3(CCCCCN)[C@H]1C5,1,MSDWJSMXRKVAIJ-MNAPGUCWSA-N,O=C1C=CC2[C@H]3Cc4cccc5c4[C@@]2(CCN3)[C@H]1O5
CC(=O)Oc1ccc(C(=C2CCCCC2)c2ccc(OC(C)=O)cc2)cc1,0,GVOUFPWUYJWQSK-UHFFFAOYSA-N,c1ccc(C(=C2CCCCC2)c2ccccc2)cc1
S=C1NCCC(COc2ccccc2)O1,1,NIPRGEWHJUTVQK-UHFFFAOYSA-N,S=C1NCCC(COc2ccccc2)O1
CC(O)C1C(=O)N2C(C(=O)OCOC(=O)C(C)(C)C)=C(SC3CN(C4=NCCS4)C3)C(C)C12,0,SNUDIPVBUUXCDG-UHFFFAOYSA-N,O=C1CC2CC(SC3CN(C4=NCCS4)C3)=CN12
Oc1cccc(-c2c3nc(c(-c4cccc(O)c4)c4ccc([nH]4)c(-c4cccc(O)c4)c4nc(c(-c5cccc(O)c5)c5ccc2[nH]5)CC4)C=C3)c1,0,LYPFDBRUNKHDGX-UHFFFAOYSA-N,C1=Cc2nc1c(-c1ccccc1)c1ccc([nH]1)c(-c1ccccc1)c1nc(c(-c3ccccc3)c3ccc([nH]3)c2-c2ccccc2)CC1
O=C(O)c1cc(=O)c2cc(OC[C@H](O)COc3cccc4oc(C(=O)O)cc(=O)c34)ccc2o1,0,FSINDHDHRQZTPH-NSHDSACASA-N,O=c1ccoc2ccc(OCCCOc3cccc4occc(=O)c34)cc12
O=C(O)c1cc(=O)c2cc(OCC(O)COc3cccc4oc(C(=O)O)cc(=O)c34)ccc2o1,0,FSINDHDHRQZTPH-UHFFFAOYSA-N,O=c1ccoc2ccc(OCCCOc3cccc4occc(=O)c34)cc12
CN1C[C@H](C(=O)N[C@]2(C)O[C@@]3(O)[C@@H]4CCCN4C(=O)[C@H](Cc4ccccc4)N3C2=O)C[C@@H]2c3cccc4[nH]cc(c34)C[C@H]21,0,LUZRJRNZXALNLM-JGRZULCMSA-N,O=C(NC1OC2[C@@H]3CCCN3C(=O)[C@H](Cc3ccccc3)N2C1=O)[C@H]1CN[C@@H]2Cc3c[nH]c4cccc(c34)[C@H]2C1
CN1C[C@H](C(=O)NC2(C)O[C@@]3(O)[C@@H]4CCCN4C(=O)[C@H](Cc4ccccc4)N3C2=O)C[C@@H]2c3cccc4[nH]cc(c34)C[C@H]21,0,LUZRJRNZXALNLM-WHVQCBEUSA-N,O=C(NC1OC2[C@@H]3CCCN3C(=O)[C@H](Cc3ccccc3)N2C1=O)[C@H]1CN[C@@H]2Cc3c[nH]c4cccc(c34)[C@H]2C1
OC(c1ccccc1)(c1ccccc1)[C@H]1CCCCN1,1,XSWHNYGMWWVAIE-QGZVFWFLSA-N,c1ccc(C(c2ccccc2)[C@H]2CCCCN2)cc1
CN1CCC23c4c5ccc(OC(=O)c6cccnc6)c4OC2C(OC(=O)c2cccnc2)C=CC3C1C5,1,HNDXBGYRMHRUFN-UHFFFAOYSA-N,O=C(Oc1ccc2c3c1OC1C(OC(=O)c4cccnc4)C=CC4C(C2)NCCC341)c1cccnc1
C=CC[C@@]1([C@@H](C)CCC)C(=C)NC(O)=NC1=O,1,NWFXVIODKCPIRN-TVQRCGJNSA-N,C=C1CC(=O)N=CN1
CCC1(CC)O[C@H]2C[C@H]3[C@H]4CCC5=CC(=O)C=C[C@@]5(C)[C@@]4(F)[C@H](O)C[C@@]3(C)[C@]2(C(=O)CO)O1,1,NSZFBGIRFCHKOE-YBEUNEJZSA-N,O=C1C=CC2C(=C1)CC[C@H]1C2CCC2C3OCO[C@H]3C[C@H]21
CC(=O)[C@@]12OC(C)(C)O[C@H]1C[C@H]1[C@H]3CCC4=CC(=O)C=C[C@@]4(C)[C@@]3(F)[C@H](O)C[C@]12C,1,BSHYASCHOGHGHW-CFCZDOKCSA-N,O=C1C=CC2C(=C1)CC[C@H]1C2CCC2C3OCO[C@H]3C[C@H]21
CC1(C)O[C@H]2C[C@H]3[C@H]4C[C@H](F)C5=CC(=O)C=C[C@@]5(C)[C@@]4(Cl)[C@H](Cl)C[C@@]3(C)[C@]2(C(=O)CO)O1,1,NJNWEGFJCGYWQT-LUDONPTQSA-N,O=C1C=CC2C(=C1)CC[C@H]1C2CCC2C3OCO[C@H]3C[C@H]21
COC(OC)C(=O)[C@@]12OC(C)(C)O[C@H]1C[C@H]1[C@H]3C[C@H](F)C4=CC(=O)C=C[C@@]4(C)[C@@]3(F)[C@H](O)C[C@]12C,1,IUIYEHXOIMMQJY-AXRMMDGUSA-N,O=C1C=CC2C(=C1)CC[C@H]1C2CCC2C3OCO[C@H]3C[C@H]21
CC(=O)OCC(=O)[C@@]12OC(C)(C)O[C@H]1C[C@H]1[C@H]3C[C@H](F)C4=CC(=O)C=C[C@@]4(C)[C@@]3(F)[C@H](O)C[C@]12C,1,WJOHZNCJWYWUJD-HAKHEWLESA-N,O=C1C=CC2C(=C1)CC[C@H]1C2CCC2C3OCO[C@H]3C[C@H]21
CCC[C@H]1O[C@H]2C[C@H]3[C@H]4C[C@H](F)C5=CC(=O)C=C[C@@]5(C)[C@@]4(F)[C@H](O)C[C@@]3(C)[C@]2(C(=O)O[C@H](C)OC(=O)OCC)O1,1,GCELVROFGZYBHY-AGEPCNOBSA-N,O=C1C=CC2C(=C1)CC[C@H]1C2CCC2C3OCO[C@H]3C[C@H]21
CC1(C)O[C@H]2C[C@H]3[C@H]4C[C@H](F)C5=CC(=O)C=C[C@@]5(C)[C@@]4(Cl)[C@H](Cl)C[C@@]3(C)[C@]2(C(=O)CF)O1,1,OGZHZYVCWDUIJV-LUDONPTQSA-N,O=C1C=CC2C(=C1)CC[C@H]1C2CCC2C3OCO[C@H]3C[C@H]21
CC1(C)O[C@H]2C[C@H]3[C@H]4C[C@H](F)C5=CC(=O)C=C[C@@]5(C)[C@@]4(Cl)[C@H](Cl)C[C@@]3(C)[C@]2(C(=O)CCl)O1,1,VSVSLEMVVAYTQW-LUDONPTQSA-N,O=C1C=CC2C(=C1)CC[C@H]1C2CCC2C3OCO[C@H]3C[C@H]21
CC1(C)O[C@H]2C[C@H]3[C@H]4C[C@H](F)C5=CC(=O)C=C[C@@]5(C)[C@@]4(F)[C@H](O)C[C@@]3(C)[C@]2(C(=O)CO)O1,1,FEBLZLNTKCEFIT-LUDONPTQSA-N,O=C1C=CC2C(=C1)CC[C@H]1C2CCC2C3OCO[C@H]3C[C@H]21
CCC(=O)OCC(=O)[C@@]12OC(C)(C)O[C@H]1C[C@H]1[C@H]3C[C@H](F)C4=CC(=O)C=C[C@@]4(C)[C@@]3(F)[C@H](O)C[C@]12C,1,UBOIMZIXNXGQOH-HVPJFVEESA-N,O=C1C=CC2C(=C1)CC[C@H]1C2CCC2C3OCO[C@H]3C[C@H]21
CC1(C)O[C@H]2C[C@H]3[C@H]4CCC5=CC(=O)C=C[C@@]5(C)[C@@]4(F)[C@H](O)C[C@@]3(C)[C@]2(C(=O)CO)O1,1,YNDXUCZADRHECN-LVTPUENUSA-N,O=C1C=CC2C(=C1)CC[C@H]1C2CCC2C3OCO[C@H]3C[C@H]21
O=C(CCc1nc(-c2ccncc2)no1)NC[C@@H]1C[C@@H]2C=C[C@@H]1C2,1,KHOMWBVSOOWTDS-YUELXQCFSA-N,O=C(CCc1nc(-c2ccncc2)no1)NC[C@@H]1C[C@@H]2C=C[C@@H]1C2
CCC(C(=O)OCCN1CCOC(c2ccccc2)C1C)c1ccccc1,1,BAQKJENAVQLANS-UHFFFAOYSA-N,O=C(Cc1ccccc1)OCCN1CCOC(c2ccccc2)C1
CCCC[C@H](NC(C)=O)C(=O)N[C@H]1CC(=O)NCCCC[C@@H](C(=O)O)NC(=O)[C@H](CC2=CNC3C=CC=CC23)NC(=O)[C@H](CCCN=C(N)N)NC(=O)[C@@H](Cc2ccccc2)NC(=O)[C@H](Cc2c[nH]cn2)NC1=O,0,OGQRCNLCNGDACE-AJERITESSA-N,O=C1CCC(=O)N[C@@H](Cc2c[nH]cn2)C(=O)N[C@H](Cc2ccccc2)C(=O)NCC(=O)N[C@@H](CC2=CNC3C=CC=CC23)C(=O)NCCCCCN1
CN(C)[C@@H]1C(=O)C(C(N)=O)=C(O)C2(O)C(=O)C3=C(O)c4c(O)ccc([N+](=O)[O-])c4C[C@@H]3C[C@@H]12,0,ICIDIYCNVITODC-NKVPDAPKSA-N,O=C1C=CC2C(=O)C3=Cc4ccccc4C[C@@H]3C[C@H]2C1
CN(C)[C@@H]1C(=O)C(C(N)=O)=C(O)C2(O)C(=O)C3=C(O)c4c(ccc(N)c4O)C[C@@H]3C[C@@H]12,0,ZZLPMVKBERHMQN-MSLHZKKVSA-N,O=C1C=CC2C(=O)C3=Cc4ccccc4C[C@@H]3C[C@H]2C1
CN(C)[C@H]1C(=O)C(C(N)=O)=C(O)[C@@]2(O)C(=O)C3=C(O)c4c(O)cccc4[C@@](C)(O)[C@@H]3[C@H](O)[C@@H]12,1,OWFJMIVZYSDULZ-JQYGQSIBSA-N,O=C1C=CC2C(=O)C3=Cc4ccccc4C[C@@H]3C[C@H]2C1
COc1cc2c(c(OC)c1OC)[C@H](c1ccc3ncccc3c1)CC(=O)O2,1,CRIHIVVYGRKVIB-AWEZNQCLSA-N,O=C1C[C@@H](c2ccc3ncccc3c2)c2ccccc2O1
CCCN1CC=C(c2c[nH]c3ccc(Cl)cc23)CC1,1,ZRCUMOBNOPSLKM-UHFFFAOYSA-N,C1=C(c2c[nH]c3ccccc23)CCNC1
CO/N=C(/C(=O)N[C@@H]1C(=O)N2C(C(=O)[O-])=C(C[n+]3cccc4c3CCCC4)CS[C@H]12)c1csc(N)n1,0,YWKJNRNSJKEFMK-KJXIDEHUSA-N,N=C(C(=O)N[C@@H]1C(=O)N2C=C(C[n+]3cccc4c3CCCC4)CS[C@H]12)c1cscn1
CO/N=C(\C(=O)N[C@@H]1C(=O)N2C(C(=O)O)=C(C[n+]3cccc4c3CCCC4)CS[C@H]12)c1csc(N)n1,0,YWKJNRNSJKEFMK-PQFQYKRASA-O,N=C(C(=O)N[C@@H]1C(=O)N2C=C(C[n+]3cccc4c3CCCC4)CS[C@H]12)c1cscn1
CC(=O)C1=C(O)[C@H](N)[C@@H]2Cc3c(c(O)c4c(O)c(C)ccc4c3C)C(=O)[C@]2(O)C1=O,0,IRCLZBUBOWPFCH-ONJZCGHCSA-N,O=C1C=CC[C@@H]2Cc3cc4ccccc4cc3C(=O)C12
Cc1ccc(N(CC2=NCCN2)c2cccc(O)c2)cc1,0,MRBDMNSDAVCSSF-UHFFFAOYSA-N,c1ccc(N(CC2=NCCN2)c2ccccc2)cc1
CC[C@H]1OC(=O)[C@@H](C)[C@H](O[C@@H]2C[C@@](C)(OC)[C@@H](O)[C@H](C)O2)[C@@H](C)[C@H](O[C@@H]2O[C@H](C)C[C@H](N(C)C)[C@H]2O)[C@](C)(O)C[C@@H](C)CN(C)[C@H](C)C(O)[C@@]1(C)O,0,MQTOSJVFKKJCRP-KGEVOQJASA-N,O=C1C[C@H](O[C@@H]2CCCCO2)C[C@H](O[C@H]2CCCCO2)CCCCNCCCCO1
Cc1nnc(SCC2=C(C(=O)O)N3C(=O)C(NC(=O)[C@@H](N)c4ccc(O)cc4)[C@@H]3SC2)s1,0,SBUCDZYLTRYMFG-NKGYKZILSA-N,O=C(Cc1ccccc1)NC1C(=O)N2C=C(CSc3nncs3)CS[C@@H]12
Cc1nnc(SCC2=C(C(=O)O)N3C(=O)C(NC(=O)[C@@H](O)c4ccccc4)[C@@H]3SC2)s1,0,VDFFPBOAOLQAJV-HJOYEKEDSA-N,O=C(Cc1ccccc1)NC1C(=O)N2C=C(CSc3nncs3)CS[C@@H]12
CN=C1C[N+]([O-])=C(c2ccccc2)c2cc(Cl)ccc2N1,1,ANTSCNMPPGJYLG-UHFFFAOYSA-N,N=C1C[NH+]=C(c2ccccc2)c2ccccc2N1
CC1(C)NC(=O)[C@H](/C=C/c2ccccc2)O1,1,VEZXEOWXHFHYHC-FBOQAHMBSA-N,O=C1NCO[C@H]1/C=C/c1ccccc1
CC(=O)c1c2c(c3oc(=O)cc(C)c3c1O)[C@@H](c1cc(F)c(F)c(F)c1)CC(=O)O2,0,ORPMXJQZAUSTTR-SNVBAGLBSA-N,O=C1C[C@H](c2ccccc2)c2c(ccc3ccc(=O)oc23)O1
C=C(C)C1CCC(C)=CC1c1c(O)cc(CCCCC)cc1O,1,QHMBSVQNZZTUGM-UHFFFAOYSA-N,C1=CC(c2ccccc2)CCC1
C=C(C)[C@@H]1CCC(C)=CC1c1c(O)cc(CCCCC)cc1O,1,QHMBSVQNZZTUGM-ZENAZSQFSA-N,C1=CC(c2ccccc2)CCC1
CCOC[C@@]1(C(N)=S)[C@@H](c2ccc(OC)cc2)[C@@H]1S(=O)(=O)c1ccccc1,1,YZDYEVBBUQQBDF-CMKODMSKSA-N,O=S(=O)(c1ccccc1)[C@@H]1C[C@H]1c1ccccc1
CCOC(=O)[C@@]1(N)[C@@H](c2ccccc2)[C@@H]1S(=O)(=O)c1ccc(C)cc1,0,WUDWCYMAKWHYLQ-JENIJYKNSA-N,O=S(=O)(c1ccccc1)[C@@H]1C[C@H]1c1ccccc1
CCOC[C@]1(N)[C@@H](c2ccc(OC)cc2)[C@@H]1S(=O)(=O)c1ccccc1,0,RBAFYCGFHZOGBJ-FHWLQOOXSA-N,O=S(=O)(c1ccccc1)[C@@H]1C[C@H]1c1ccccc1
CCOC[C@@]1(C#N)[C@@H](c2ccccc2)[C@@H]1S(=O)(=O)c1ccc(Cl)cc1,1,NAJCPNJCFQUMKQ-FHWLQOOXSA-N,O=S(=O)(c1ccccc1)[C@@H]1C[C@H]1c1ccccc1
CCOC[C@@]1(N)[C@@H](c2ccc(OC)cc2)[C@@H]1S(=O)(=O)c1ccccc1,0,RBAFYCGFHZOGBJ-GBESFXJTSA-N,O=S(=O)(c1ccccc1)[C@@H]1C[C@H]1c1ccccc1
COC[C@]1(CN)[C@@H](c2ccc(OC)cc2)[C@@H]1S(=O)(=O)c1ccc(Cl)cc1,1,JIDSSZFALXRQKC-GBESFXJTSA-N,O=S(=O)(c1ccccc1)[C@@H]1C[C@H]1c1ccccc1
COC[C@@]1(C(=O)O)[C@@H](c2ccc(OC)cc2)[C@@H]1S(=O)(=O)c1ccc(C)cc1,0,VMLXYKQNDWKYQR-CMKODMSKSA-N,O=S(=O)(c1ccccc1)[C@@H]1C[C@H]1c1ccccc1
COc1ccc([C@H]2[C@H](S(=O)(=O)c3ccc(Cl)cc3)[C@@]2(CN)CO)cc1,1,QEVPLGPWNUTDKU-BZSNNMDCSA-N,O=S(=O)(c1ccccc1)[C@@H]1C[C@H]1c1ccccc1
COc1ccc([C@H]2[C@H](S(=O)(=O)c3ccc(Cl)cc3)[C@@]2(N)C#N)cc1,1,QNSADAPKWAPAFK-YESZJQIVSA-N,O=S(=O)(c1ccccc1)[C@@H]1C[C@H]1c1ccccc1
COc1ccc([C@H]2[C@H](S(=O)(=O)c3ccc(Cl)cc3)[C@@]2(N)C(=O)O)cc1,0,HIKHPTMUUGBXQG-YQQAZPJKSA-N,O=S(=O)(c1ccccc1)[C@@H]1C[C@H]1c1ccccc1
COc1ccc([C@H]2[C@H](S(=O)(=O)c3ccc(Cl)cc3)[C@]2(C#N)CO)cc1,0,XVJPUTVSDLCXFJ-OKZBNKHCSA-N,O=S(=O)(c1ccccc1)[C@@H]1C[C@H]1c1ccccc1
COc1ccc([C@H]2[C@H](S(=O)(=O)c3ccc(Cl)cc3)[C@]2(C=O)NC(=O)OC(C)(C)C)cc1,1,IBPSWPNOIPLOEP-CNNODRBYSA-N,O=S(=O)(c1ccccc1)[C@@H]1C[C@H]1c1ccccc1
COc1ccc([C@H]2[C@H](S(=O)(=O)c3ccccc3)[C@@]2(N)CO)cc1,0,ALWJDKVZIBLYRE-YESZJQIVSA-N,O=S(=O)(c1ccccc1)[C@@H]1C[C@H]1c1ccccc1
Cc1ccc(S(=O)(=O)[C@H]2[C@H](c3ccccc3)[C@@]2(N)CO)cc1,1,JXBFZNILVDCIJW-ULQDDVLXSA-N,O=S(=O)(c1ccccc1)[C@@H]1C[C@H]1c1ccccc1
NC(=S)[C@@H]1[C@@H](c2ccccc2)[C@@H]1S(=O)(=O)c1ccc(Cl)cc1,0,CMLXZLDNMHUCHZ-KFWWJZLASA-N,O=S(=O)(c1ccccc1)[C@@H]1C[C@H]1c1ccccc1
N[C@@]1(CO)[C@@H](c2ccccc2)[C@@H]1S(=O)(=O)c1ccc(Cl)cc1,0,CPMGZWJFQHDAPZ-JYJNAYRXSA-N,O=S(=O)(c1ccccc1)[C@@H]1C[C@H]1c1ccccc1
O=S(=O)(c1ccc(Cl)cc1)[C@@H]1[C@H](CO)[C@H]1c1ccccc1,1,LWUQMQUMQLZFBY-BZUAXINKSA-N,O=S(=O)(c1ccccc1)[C@@H]1C[C@H]1c1ccccc1
COc1ccc2[nH]c(=O)c([C@H]3CC(=O)Oc4ccc5c(c43)O/C(=C\c3cccc(OC)c3OC)C5=O)cc2c1,1,KCEYIZTZECKBGE-RIMPEIONSA-N,O=C1C[C@H](c2cc3ccccc3[nH]c2=O)c2c(ccc3c2O/C(=C\c2ccccc2)C3=O)O1
O=C1CC[C@H]2[C@@H]3Cc4cccc(O)c4[C@]2(CCN3CC2CC2)C1,1,ORMBBVGVPWUEMQ-ABSDTBQOSA-N,O=C1CC[C@H]2[C@@H]3Cc4ccccc4[C@]2(CCN3CC2CC2)C1
NCCC(O)C(=O)NC1CC(N)C(OC2OC(CN)C(O)C(O)C2O)C(O)C1OC1OC(CO)C(O)C(N)C1O,0,LKCWBDHBTVXHDL-UHFFFAOYSA-N,C1CCC(OC2CCCC(OC3CCCCO3)C2)OC1
CC(=O)NCC1OC(OC2C(N)CC(N)C(OC3OC(CO)C(O)C(N)C3O)C2O)C(O)C(O)C1O,0,XHVUNXUZIATXNF-UHFFFAOYSA-N,C1CCC(OC2CCCC(OC3CCCCO3)C2)OC1
CCC1CCC(N)C(OC2C(N)CC(N)C(OC3OCC(C)(O)C(NC)C3O)C2O)O1,0,BNUBDUMYBATHHL-UHFFFAOYSA-N,C1CCC(OC2CCCC(OC3CCCCO3)C2)OC1
NCCC(O)C(=O)NC1CC(N)C(OC2OC(CN)CCC2N)C(O)C1OC1OC(CO)C(O)C(N)C1O,0,MKKYBZZTJQGVCD-UHFFFAOYSA-N,C1CCC(OC2CCCC(OC3CCCCO3)C2)OC1
NCC1OC(OC2C(N)CC(N)C(OC3OC(CO)C(O)C(N)C3O)C2O)C(N)C(O)C1O,0,SKKLOUVUUNMCJE-UHFFFAOYSA-N,C1CCC(OC2CCCC(OC3CCCCO3)C2)OC1
NCC1CCC(N)C(OC2C(N)CC(N)C(OC3OC(CO)C(O)C(N)C3O)C2O)O1,0,JJCQSGDBDPYCEO-UHFFFAOYSA-N,C1CCC(OC2CCCC(OC3CCCCO3)C2)OC1
CNC1C(O)C(OC2C(NC(=O)C(O)CN)CC(N)C(OC3OC(CN)C(O)C(O)C3O)C2O)OCC1(C)O,0,UDIIBEDMEYAVNG-UHFFFAOYSA-N,C1CCC(OC2CCCC(OC3CCCCO3)C2)OC1
NCC1OC(OC2C(N)CC(NC(CO)CO)C(OC3OC(CO)C(O)C(N)C3O)C2O)C(N)C(O)C1O,0,ZEFUFVWPRPISAD-UHFFFAOYSA-N,C1CCC(OC2CCCC(OC3CCCCO3)C2)OC1
NCC1OC(OC2C(N)CC(N)C(OC3OC(CO)C(O)C(N)C3O)C2O)C(N)CC1O,0,NLVFBUXFDBBNBW-UHFFFAOYSA-N,C1CCC(OC2CCCC(OC3CCCCO3)C2)OC1
NCCC(O)CNC1CC(N)C(OC2OC(CN)C(O)C(O)C2O)C(O)C1OC1OC(CO)C(O)C(N)C1O,0,OCFOTEIMZBKQFS-UHFFFAOYSA-N,C1CCC(OC2CCCC(OC3CCCCO3)C2)OC1
NCC1OC(OC2C(N)CC(N)C(OC3OC(CO)C(O)C(N)C3O)C2O)C(O)C(O)C1O,0,SBUJHOSQTJFQJX-UHFFFAOYSA-N,C1CCC(OC2CCCC(OC3CCCCO3)C2)OC1
CNC(C)C1CCC(N)C(OC2C(N)CC(N)C(OC3OCC(C)(O)C(NC)C3O)C2O)O1,0,CEAZRRDELHUEMR-UHFFFAOYSA-N,C1CCC(OC2CCCC(OC3CCCCO3)C2)OC1
CNC1C(O)C(OC2C(N)CC(N)C(OC3OC(CN)CCC3N)C2O)OCC1(C)O,0,VEGXETMJINRLTH-UHFFFAOYSA-N,C1CCC(OC2CCCC(OC3CCCCO3)C2)OC1
Nc1ncnc2[nH]cnc12,0,GFFGJBXGBJISGV-UHFFFAOYSA-N,c1ncc2nc[nH]c2n1
Nc1ncc2ncn(COCCO)c2n1,1,OKQHSIGMOWQUIK-UHFFFAOYSA-N,c1ncc2nc[nH]c2n1
CC(=O)OCC(CCn1cnc2cnc(N)nc21)COC(C)=O,1,GGXKWVWZWMLJEH-UHFFFAOYSA-N,c1ncc2nc[nH]c2n1
CC(C)OCC(COC(C)C)OCn1cnc2cnc(N)nc21,1,FBHWXSOQXQBXER-UHFFFAOYSA-N,c1ncc2nc[nH]c2n1
CC(Cn1cnc2c(N)ncnc21)OCP(=O)(O)O,0,SGOIRFVFHAKUTI-UHFFFAOYSA-N,c1ncc2nc[nH]c2n1
CC(C)(C)C(=O)OCOP(=O)(COCCn1cnc2c(N)ncnc21)OCOC(=O)C(C)(C)C,0,WOZSCQDILHKSGG-UHFFFAOYSA-N,c1ncc2nc[nH]c2n1
Nc1ncnc2c1ncn2CCOCP(=O)(O)O,0,SUPKOOSCJHTBAH-UHFFFAOYSA-N,c1ncc2nc[nH]c2n1
C[C@@]12C=CC(=O)C=C1CC[C@H]1[C@@H]3C[C@@H]4Cc5ccccc5C[C@]4(C(=O)CO)[C@]3(C)C[C@H](O)[C@]12F,1,IAHHOCLLSLZUNW-GJFPLRFXSA-N,O=C1C=CC2C(=C1)CC[C@@H]1C2CCC2C3Cc4ccccc4C[C@H]3C[C@H]21
COc1ccc(N(c2nc(C)c(C)s2)S(C)(=O)=O)cc1CNC1CCCNC1c1ccccc1,0,XVUGPUBFELWEAK-UHFFFAOYSA-N,c1ccc(C2NCCCC2NCc2cccc(Nc3nccs3)c2)cc1
C[C@H]1CN(CCCn2c3ccccc3c3ccccc32)C[C@H](C)N1,1,GUDVQJXODNJRIJ-IRXDYDNUSA-N,c1ccc2c(c1)c1ccccc1n2CCCN1CCNCC1
CC1CN(CCCn2c3ccccc3c3ccccc32)CC(C)N1,1,GUDVQJXODNJRIJ-UHFFFAOYSA-N,c1ccc2c(c1)c1ccccc1n2CCCN1CCNCC1
C[C@@H]1CN(CCCn2c3ccccc3c3ccccc32)C[C@H](C)N1,1,GUDVQJXODNJRIJ-CALCHBBNSA-N,c1ccc2c(c1)c1ccccc1n2CCCN1CCNCC1
CC(C)Oc1cccc(CC(=O)N2CCC[C@](CC[N+]34CCC(c5ccccc5)(CC3)CC4)(c3ccc(Cl)c(Cl)c3)C2)c1.[Cl-],0,NQHFSECYQAQZBN-LSYPWIJNSA-M,O=C(Cc1ccccc1)N1CCC[C@](CC[N+]23CCC(c4ccccc4)(CC2)CC3)(c2ccccc2)C1
CC(C)Oc1cccc(CC(=O)N2CCC[C@](CC[N+]34CCC(c5ccccc5)(CC3)CC4)(c3ccc(Cl)c(Cl)c3)C2)c1,1,RPDFDSQFBCJTDY-GAQXSTBRSA-N,O=C(Cc1ccccc1)N1CCC[C@](CC[N+]23CCC(c4ccccc4)(CC2)CC3)(c2ccccc2)C1
CCCCN1C2CC[C@@H]1C[C@@H](OC(c1ccc(F)cc1)c1ccc(F)cc1)C2,1,HZEVDVGPBUFIAW-OJVMETQDSA-N,c1ccc(C(O[C@H]2CC3CC[C@H](C2)N3)c2ccccc2)cc1
O=C1C[C@H]2SC(C3(O)CN4C(=O)C[C@H]4S3)CN12,1,WBHZLVMIBFDJPD-GSUUGLOGSA-N,O=C1C[C@H]2SC(C3CN4C(=O)C[C@H]4S3)CN12
COCn1nc(-c2ccc(OC)cc2)nc1-c1cccc(CN(C)C)c1,1,NGSYQSAXPSGYTQ-UHFFFAOYSA-N,c1ccc(-c2n[nH]c(-c3ccccc3)n2)cc1
COc1ccc(-c2nc(-c3cccc(CN(C)C)c3)n(C)n2)cc1,1,RDSWQLNPZUFDSH-UHFFFAOYSA-N,c1ccc(-c2n[nH]c(-c3ccccc3)n2)cc1
COc1ccc(-c2nc(-c3cccc(CN(C)C)c3)n(CCO)n2)cc1,1,ZIRKMFCHPQTWIU-UHFFFAOYSA-N,c1ccc(-c2n[nH]c(-c3ccccc3)n2)cc1
C[C@H](O)C1C(=O)N2C(C(=O)O)=C(S[C@@H]3CN[C@H](C(=O)N(C)C)C3)[C@H](C)C12.O.O.O,0,CTUAQTBUVLKNDJ-TXBRDXQXSA-N,O=C1CC2CC(S[C@H]3CCNC3)=CN12
C[C@H](O)C1C(=O)N2C(C(=O)O)=C(S[C@@H]3CN[C@H](C(=O)N(C)C)C3)[C@H](C)C12,0,DMJNNHOOLUXYBV-FHLMHDLWSA-N,O=C1CC2CC(S[C@H]3CCNC3)=CN12
C[C@H](O)C1C(=O)N2C(C(=O)O)=C(S[C@H]3CC[S+]([O-])C3)S[C@@H]12,0,FLSUCZWOEMTFAQ-ABPXYAABSA-N,O=C1C[C@@H]2SC(S[C@H]3CC[SH+]C3)=CN12
NC(C(=O)N[C@@H]1C(=O)N2C(C(=O)O)=C(CSc3cn[nH]n3)CS[C@H]12)c1ccc(O)cc1,0,UOCJDOLVGGIYIQ-QQGYXAEISA-N,O=C(Cc1ccccc1)N[C@@H]1C(=O)N2C=C(CSc3cn[nH]n3)CS[C@H]12
CC(C)(C)OC(=O)NC1(C=O)CC1S(=O)(=O)c1ccc(Cl)cc1,1,HGKCKJHNKGKERB-UHFFFAOYSA-N,O=S(=O)(c1ccccc1)C1CC1
O=C(O)C1CC1S(=O)(=O)c1ccc(Cl)cc1,0,ULVYOCNOCGILRF-UHFFFAOYSA-N,O=S(=O)(c1ccccc1)C1CC1
CC(C)(C)OC(=O)N[C@]1(C=O)C[C@H]1S(=O)(=O)c1ccc(Cl)cc1,1,HGKCKJHNKGKERB-DOMZBBRYSA-N,O=S(=O)(c1ccccc1)C1CC1
O=C(O)[C@H]1C[C@H]1S(=O)(=O)c1ccc(Cl)cc1,0,ULVYOCNOCGILRF-DTWKUNHWSA-N,O=S(=O)(c1ccccc1)C1CC1
COc1cc(C2c3cc4c(cc3C(O)C3COC(=O)C23)OCO4)cc(OC)c1OC,0,YJGVMLPVUAXIQN-UHFFFAOYSA-N,O=C1OCC2Cc3cc4c(cc3C(c3ccccc3)C12)OCO4
COC1=C(OC)C(=O)C(CCCCCCCCCCO)=C(C)C1=O,1,JGPMMRGNQUBGND-UHFFFAOYSA-N,O=C1C=CC(=O)C=C1
CC(C1=C(CCN(C)C)Cc2ccccc21)c1ccccn1,1,MVMQESMQSYOVGV-UHFFFAOYSA-N,C1=C(Cc2ccccn2)c2ccccc2C1
COc1ccc([C@H]2CC(=O)Oc3cc(C)oc(=O)c32)cc1,1,PDOGOXFDIDEVGW-GFCCVEGCSA-N,O=C1C[C@H](c2ccccc2)c2c(ccoc2=O)O1
CO/N=C(\C(=O)N[C@H]1C(=O)N2C(C(=O)O)=C(Cn3nnc(C)n3)CS[C@@H]12)c1csc(N)n1,0,XSPUSVIQHBDITA-CKSGCZOQSA-N,N=C(C(=O)N[C@H]1C(=O)N2C=C(Cn3ncnn3)CS[C@@H]12)c1cscn1
CO/N=C(/C(=O)N[C@H]1C(=O)N2C(C(=O)O)=C(Cn3nnc(C)n3)CS[C@@H]12)c1csc(N)n1,0,XSPUSVIQHBDITA-CXVYBRCGSA-N,N=C(C(=O)N[C@H]1C(=O)N2C=C(Cn3ncnn3)CS[C@@H]12)c1cscn1
COCc1c(C(=O)OC(C)C)ncc2[nH]c3cccc(Oc4ccc(Cl)cc4)c3c12,1,SLYDYLLJUXFULK-UHFFFAOYSA-N,c1ccc(Oc2cccc3[nH]c4cnccc4c23)cc1
CC1(C)S[C@@H]2[C@H](NC(=O)C(C(=O)Oc3ccc4c(c3)CCC4)c3ccccc3)C(=O)N2[C@H]1C(=O)O,0,JIRBAUWICKGBFE-MNRDOXJOSA-N,O=C(N[C@@H]1C(=O)N2CCS[C@H]12)C(C(=O)Oc1ccc2c(c1)CCC2)c1ccccc1
O=C(O)c1cc[nH]c1NCCSCc1ncccc1Br,1,ZJQMVHZXQXLHEW-UHFFFAOYSA-N,c1ccc(CSCCNc2ccc[nH]2)nc1
O=[N+]([O-])c1cc[nH]c1NCCSCc1ncccc1Br,1,XBGQFHRIRLWFIM-UHFFFAOYSA-N,c1ccc(CSCCNc2ccc[nH]2)nc1
Cc1cc(C(C)(C)SC(C)(C)CNc2[nH]ccc2[N+](=O)[O-])nc(C)c1C,1,NDQAIROMZPGCGR-UHFFFAOYSA-N,c1ccc(CSCCNc2ccc[nH]2)nc1
O=[N+]([O-])c1cc[nH]c1NCCSCc1ccccn1,1,OGWNKQBYDIKVII-UHFFFAOYSA-N,c1ccc(CSCCNc2ccc[nH]2)nc1
Fc1ccc([C@H]2CCNC[C@H]2COc2ccc3c(c2)OCO3)cc1,1,AHOUBRCZNHFOSL-WMLDXEAASA-N,c1ccc([C@H]2CCNC[C@H]2COc2ccc3c(c2)OCO3)cc1
CCCc1cc(=O)[nH]c(=S)[nH]1,1,KNAHARQHSZJURB-UHFFFAOYSA-N,O=c1cc[nH]c(=S)[nH]1
CC1(c2ccccc2)OC2CC3C4CCC5=CC(=O)C=CC5(C)C4(F)C(O)CC3(C)C2(C(=O)CO)O1,1,HCKFPALGXKOOBK-UHFFFAOYSA-N,O=C1C=CC2C(=C1)CCC1C2CCC2C1CC1OC(c3ccccc3)OC12
CC(C)(Sc1cc(C(C)(C)C)c(O)c(C(C)(C)C)c1)Sc1cc(C(C)(C)C)c(O)c(C(C)(C)C)c1,0,FYPMFJGVHOHGLL-UHFFFAOYSA-N,c1ccc(SCSc2ccccc2)cc1
CC(C)(C)NC(=O)[C@H]1C[C@H]2CCCC[C@H]2CN1C[C@H](O)[C@@H](Cc1ccccc1)NC(=O)[C@@H](CC(N)=O)NC(=O)c1ccc2ccccc2n1,0,QWAXKHKRTORLEM-LRUBALLISA-N,O=C(CNC(=O)c1ccc2ccccc2n1)N[C@@H](CCN1CC[C@H]2CCCC[C@H]2C1)Cc1ccccc1
CC(C)c1ccc2oc3nc(N)c(C(=O)O)cc3c(=O)c2c1,0,SGRYPYWGNKJSDL-UHFFFAOYSA-N,O=c1c2ccccc2oc2ncccc12
O=C(Cc1ccc(Cl)c(Cl)c1)N1CCn2ncnc2[C@@H]1CN1CCCC1,1,GEMQOTQZNVHANG-INIZCTEOSA-N,O=C(Cc1ccccc1)N1CCn2ncnc2[C@@H]1CN1CCCC1
CCN(CC)CCOC(=O)C1N2C(=O)C(NC(=O)c3c(OC)cccc3OC)C2SC1(C)C,0,HBOSVRMWGCNXAB-UHFFFAOYSA-N,O=C(NC1C(=O)N2CCSC12)c1ccccc1
COc1cccc(OC)c1C(=O)NC1C(=O)N2C1SC(C)(C)C2C(=O)O,0,RJQXTJLFIWVMTO-UHFFFAOYSA-N,O=C(NC1C(=O)N2CCSC12)c1ccccc1
C#CC1(O)CCC2C3CCC4=CCCCC4C3C(=C)CC21CC,0,RPLCPCMSCLEKRS-UHFFFAOYSA-N,C=C1CC2CCCC2C2CCC3=CCCCC3C12
COc1cccc(C(=O)NC2CC3CCC(C2)N3Cc2ccccc2)c1OC,1,PCIWCYUKRZFCMF-UHFFFAOYSA-N,O=C(NC1CC2CCC(C1)N2Cc1ccccc1)c1ccccc1
COC(=O)CC(c1cc(Cl)c2c(c1)OCO2)c1c(O)[nH]cc(C(=O)OC)c1=O,0,IQIRVGWHKKOMQN-UHFFFAOYSA-N,O=c1cc[nH]cc1Cc1ccc2c(c1)OCO2
OC1CNCc2ccccc21,1,HTHIHJJKFYXSOQ-UHFFFAOYSA-N,c1ccc2c(c1)CCNC2
c1ccc2c(c1)CCNC2,1,UWYZHKAOTLEWKK-UHFFFAOYSA-N,c1ccc2c(c1)CCNC2
N=C(N)N1CCc2ccccc2C1,0,JWPGJSVJDAJRLW-UHFFFAOYSA-N,c1ccc2c(c1)CCNC2
C#C[C@@]1(O)CC[C@@H]2[C@H]3CCC4=Cc5c(cnn5-c5ccc(F)cc5)C[C@@]4(C)[C@@H]3CC[C@@]21C,1,ZQLOAGFNRKBEAJ-WBVNWZSOSA-N,C1=C2CC[C@@H]3[C@H]4CCCC4CC[C@H]3C2Cc2cnn(-c3ccccc3)c21
COC[C@@H](NC(=O)N1CC(=O)Nc2cc(OC)cnc21)c1ccc(OC(F)(F)F)c(F)c1,1,AWJSRXUQLSPAOI-CQSZACIVSA-N,O=C1CN(C(=O)NCc2ccccc2)c2ncccc2N1
CC1CCC2(OC1)OC1CC3C4CC=C5CC(O)CC(OC6OC(C)C(O)C(OC7OCC(O)C(O)C7O)C6OC6OC(C)C(O)C(O)C6O)C5(C)C4CCC3(C)C1C2C,0,FHKHGNFKBPFJCB-UHFFFAOYSA-N,C1=C2CCCC(OC3OCCC(OC4CCCCO4)C3OC3CCCCO3)C2C2CCC3C4CC5(CCCCO5)OC4CC3C2C1
CC(C)CC(NC(=O)C(CCc1ccccc1)NC(=O)CN1CCOCC1)C(=O)NC(Cc1ccccc1)C(=O)NC(CC(C)C)C(=O)C1(C)CO1,0,BLMPQMFVWMYDKT-UHFFFAOYSA-N,O=C(CN1CCOCC1)NC(CCc1ccccc1)C(=O)NCC(=O)NC(Cc1ccccc1)C(=O)NCC(=O)C1CO1
NC(=O)c1ncn([C@H]2O[C@@H](CO)[C@@H](O)[C@@H]2O)n1,1,IWUCXVSUMQZMFG-WVBYAZCYSA-N,c1ncn([C@@H]2CCCO2)n1
Cc1[nH]cnc1CN1CCc2c(c3ccccc3n2C)C1=O,0,JSWZEAMFRNKZNL-UHFFFAOYSA-N,O=C1c2c([nH]c3ccccc23)CCN1Cc1c[nH]cn1
Cc1ccc(OCCNC(=O)CCSc2ccccc2)cc1,0,PBWYXAPEGXOSBD-UHFFFAOYSA-N,O=C(CCSc1ccccc1)NCCOc1ccccc1
COc1ccc([C@@H](NC(=O)c2cc3ncccn3n2)C2CC(O)C2)cn1,0,QPAMILFQGUHPOF-QWQCLYJRSA-N,O=C(N[C@H](c1cccnc1)C1CCC1)c1cc2ncccn2n1
CC1=C/[C@@H](O)CC(=O)Cc2nc(co2)C(=O)N2CCC=C2C(=O)O[C@@H](C(C)C)[C@H](C)/C=C/C(=O)NC\C=C\1,0,DAIKHDNSXMZDCU-GDMHHPKRSA-N,O=C1CC/C=C\C=C\CNC(=O)/C=C/CCOC(=O)C2=CCCN2C(=O)c2coc(n2)C1
O=C1CCC2(O)C3Cc4ccc(O)c5c4C2(CCN3CC2CC2)C1O5,1,DQCKKXVULJGBQN-UHFFFAOYSA-N,O=C1CCC2C3Cc4cccc5c4C2(CCN3CC2CC2)C1O5
CCC1CC(=O)C2Oc3c(OC)ccc4c3C23CCN(CC2CC2)C(C4)C13,1,JMPUQJQXECRLKY-UHFFFAOYSA-N,O=C1CCC2C3Cc4cccc5c4C2(CCN3CC2CC2)C1O5
CN1C[C@@H](C(=O)NC2(C)OC3(O)[C@@H]4CCCN4C(=O)[C@H](Cc4ccccc4)N3C2=O)C[C@H]2c3cccc4[nH]cc(c34)C[C@@H]21,0,LUZRJRNZXALNLM-GXWWZVJWSA-N,O=C(NC1OC2[C@@H]3CCCN3C(=O)[C@H](Cc3ccccc3)N2C1=O)[C@@H]1CN[C@H]2Cc3c[nH]c4cccc(c34)[C@@H]2C1
COc1cccc2c1C(=O)c1c(O)c3c(c(O)c1C2=O)CC(O)([C@@H](O)CO)C[C@@H]3O,0,CGVVIRBOJFDFBH-WRFWYCALSA-N,O=C1c2ccccc2C(=O)c2cc3c(cc21)CCCC3
COc1cccc2c1C(=O)c1c(O)c3c(c(O)c1C2=O)CC(O)(C(=O)CO)C[C@@H]3O,0,IBZGBXXTIGCACK-LPOBJOOYSA-N,O=C1c2ccccc2C(=O)c2cc3c(cc21)CCCC3
COc1cccc2c1C(=O)c1c(O)c3c(c(O)c1C2=O)C[C@](O)([C@H](O)CO)C[C@@H]3O,0,CGVVIRBOJFDFBH-WOOQEGAKSA-N,O=C1c2ccccc2C(=O)c2cc3c(cc21)CCCC3
COc1cccc2c1C(=O)c1c(O)c3c(c(O)c1C2=O)C[C@@](O)(C(O)CO)C[C@@H]3O,0,CGVVIRBOJFDFBH-PTIJRGHASA-N,O=C1c2ccccc2C(=O)c2cc3c(cc21)CCCC3
COc1cccc2c1C(=O)c1c(O)c3c(c(O)c1C2=O)CC(O)(C(=O)CO)CC3O,0,IBZGBXXTIGCACK-UHFFFAOYSA-N,O=C1c2ccccc2C(=O)c2cc3c(cc21)CCCC3
COc1cccc2c1C(=O)c1c(O)c3c(c(O)c1C2=O)CC(O)(C(O)CO)CC3O,0,CGVVIRBOJFDFBH-UHFFFAOYSA-N,O=C1c2ccccc2C(=O)c2cc3c(cc21)CCCC3
COc1cccc2c1C(=O)c1c(O)c3c(c(O)c1C2=O)C[C@](O)([C@@H](O)CO)C[C@H]3O,0,CGVVIRBOJFDFBH-SXUOVDMSSA-N,O=C1c2ccccc2C(=O)c2cc3c(cc21)CCCC3
CCC1=C(C)N(N)C(c2ccc(OC)c(OC)c2)=C2C=C(OC)C(OC)=CC21,1,RMEKAIIHSUTHPP-UHFFFAOYSA-N,C1=CC2=C(c3ccccc3)NC=CC2C=C1
CC12CCC(=O)C=C1CC[C@H]1[C@@H]2CCC2(C)C(O)CC[C@@H]12,1,MUMGGOZAMZWBJJ-CBIQWHCWSA-N,O=C1C=C2CC[C@@H]3[C@@H]4CCCC4CC[C@@H]3C2CC1
CC12CCC(=O)C=C1CC[C@H]1[C@@H]2CCC2(C)[C@H]1CCC2(O)C(=O)CO,1,WHBHBVVOGNECLV-PXWPURHXSA-N,O=C1C=C2CC[C@@H]3[C@@H]4CCCC4CC[C@@H]3C2CC1
CC(=O)C1(O)[C@@H](O)C[C@H]2[C@H]3CCC4=CC(=O)CCC4(C)[C@H]3CCC21C,1,CXDWHYOBSJTRJU-NSBXYNODSA-N,O=C1C=C2CC[C@@H]3[C@@H]4CCCC4CC[C@@H]3C2CC1
C[C@]12CCC(=O)C=C1CC[C@H]1[C@@H]2[C@@H](O)C[C@@]2(C)[C@H]1CC[C@]2(O)C(=O)CO,0,JYGXADMDTFJGBT-IRZSNYKVSA-N,O=C1C=C2CC[C@@H]3[C@@H]4CCCC4CC[C@@H]3C2CC1
CCN(CC)CC(=O)OCC(=O)[C@@]1(O)CC[C@H]2[C@H]3CCC4=CC(=O)CC[C@@]4(C)[C@H]3[C@H](O)C[C@]21C,1,FWFVLWGEFDIZMJ-GUWSWFOJSA-N,O=C1C=C2CC[C@@H]3[C@@H]4CCCC4CC[C@@H]3C2CC1
CCC(=O)O[C@]1(C(=O)COC(C)=O)CC[C@H]2[C@H]3CCC4=CC(=O)CC[C@@]4(C)[C@H]3[C@H](O)C[C@]21C,1,MFBMYAOAMQLLPK-RBNACLDASA-N,O=C1C=C2CC[C@@H]3[C@@H]4CCCC4CC[C@@H]3C2CC1
CCCCC(=O)O[C@]1(C(=O)CO)CC[C@H]2[C@H]3CCC4=CC(=O)CC[C@@]4(C)[C@H]3[C@H](O)C[C@]21C,1,FZCHYNWYXKICIO-RBNACLDASA-N,O=C1C=C2CC[C@@H]3[C@@H]4CCCC4CC[C@@H]3C2CC1
CCC(=O)[C@@]1(O)CC[C@H]2[C@H]3CCC4=CC(=O)CC[C@@]4(C)[C@H]3[C@H](O)C[C@]21C,1,HERCGHIBUWWDIX-WTKUDMQKSA-N,O=C1C=C2CC[C@@H]3[C@@H]4CCCC4CC[C@@H]3C2CC1
CC(C)(C)C(=O)SCC(=O)[C@@]1(O)CC[C@H]2[C@H]3CCC4=CC(=O)CC[C@@]4(C)[C@H]3[C@H](O)C[C@]21C,1,BISFDZNIUZIKJD-MIKLOYDASA-N,O=C1C=C2CC[C@@H]3[C@@H]4CCCC4CC[C@@H]3C2CC1
CC(=O)[C@@]1(O)[C@H](O)C[C@H]2[C@H]3CCC4=CC(=O)CC[C@@]4(C)[C@H]3CC[C@]21C,1,CXDWHYOBSJTRJU-CSHZPLHDSA-N,O=C1C=C2CC[C@@H]3[C@@H]4CCCC4CC[C@@H]3C2CC1
CCCC(=O)O[C@]1(C(=O)COC(C)=O)CC[C@H]2[C@H]3C[C@H](C)C4=CC(=O)CC[C@@]4(C)[C@H]3[C@H](O)C[C@]21C,1,QRRVOCXLQYLNEC-NSMYGAGUSA-N,O=C1C=C2CC[C@@H]3[C@@H]4CCCC4CC[C@@H]3C2CC1
CC(=O)OCC(=O)[C@@]1(O)CC[C@H]2[C@H]3CCC4=CC(=O)CC[C@@]4(C)[C@H]3[C@H](O)C[C@]21C,1,ALEXXDVDDISNDU-DRNXLAJYSA-N,O=C1C=C2CC[C@@H]3[C@@H]4CCCC4CC[C@@H]3C2CC1
CCCC(=O)O[C@]1(C(=O)COC(=O)CC)CC[C@H]2[C@H]3CCC4=CC(=O)CC[C@@]4(C)[C@H]3[C@H](O)C[C@]21C,1,FOGXJPFPZOHSQS-JQBOCQHASA-N,O=C1C=C2CC[C@@H]3[C@@H]4CCCC4CC[C@@H]3C2CC1
CCCC(=O)O[C@]1(C(=O)CO)CC[C@H]2[C@H]3CCC4=CC(=O)CC[C@@]4(C)[C@H]3[C@H](O)C[C@]21C,1,BMCQMVFGOVHVNG-RHPRAHCQSA-N,O=C1C=C2CC[C@@H]3[C@@H]4CCCC4CC[C@@H]3C2CC1
CC12CCC(=O)C=C1CC[C@H]1[C@@H]2CCC2(C)[C@H]1CCC2(C)O,0,GCKMFJBGXUYNAG-WUIVRCKBSA-N,O=C1C=C2CC[C@@H]3[C@@H]4CCCC4CC[C@@H]3C2CC1
OCCN1CCN([C@H]2C[C@H](c3ccc(F)cc3)c3ccc(C(F)(F)F)cc32)CC1,1,JSBWGXQXCRYYTG-CTNGQTDRSA-N,c1ccc([C@H]2C[C@H](N3CCNCC3)c3ccccc32)cc1
COc1cccc2c1C[C@H](CCCNCCCCN1C(=O)CC3(CCCC3)CC1=O)CO2,1,PTIUHXLUCNTVNG-FQEVSTJZSA-N,O=C1CC2(CCCC2)CC(=O)N1CCCCNCCC[C@@H]1COc2ccccc2C1
O=C(CCN1C(=O)CC2(CCCC2)C1=O)NCC1CC2C=CC1C2,1,YFEONNGHNCKWDH-UHFFFAOYSA-N,O=C(CCN1C(=O)CC2(CCCC2)C1=O)NCC1CC2C=CC1C2
CN(C)Cc1ccc(CSCCNc2[nH]ccc2Cc2ccccc2)o1,0,NRWFZRWONAGBGB-UHFFFAOYSA-N,c1ccc(Cc2cc[nH]c2NCCSCc2ccco2)cc1
C/C=C/C=C/C1OC(O)(C(CC)C(=O)NC/C=C/C=C(\C)C(OC)C(C)C2OC(/C=C/C=C/C=C(\C)C(=O)c3c(O)ccn(C)c3=O)C(O)C2O)C(O)C(OC2OC(C)C(OC3OC(C)C(OC)C(O)C3OC)C(OC)C2O)C1(C)C,0,ASOJLQIBBYOFDE-OUYMVFBDSA-N,O=C(CC1CC(OC2CCC(OC3CCCCO3)CO2)CCO1)NC/C=C/C=CCCC1CCC(/C=C/C=C/C=CC(=O)c2ccc[nH]c2=O)O1
Nc1c2c(nc3ccccc13)CCC[C@@H]2O,1,HLVVITIHAZBPKB-NSHDSACASA-N,c1ccc2nc3c(cc2c1)CCCC3
Nc1c2c(nc3ccccc13)CCCC2,0,YLJREFDVOIBQDA-UHFFFAOYSA-N,c1ccc2nc3c(cc2c1)CCCC3
Nc1c2c(nc3ccccc13)CCCC2O,1,HLVVITIHAZBPKB-UHFFFAOYSA-N,c1ccc2nc3c(cc2c1)CCCC3
Nc1c2c(nc3ccccc13)CCC[C@H]2O,1,HLVVITIHAZBPKB-LLVKDONJSA-N,c1ccc2nc3c(cc2c1)CCCC3
CN1C(=O)[C@@H](NC(=O)c2n[nH]c(Cc3ccccc3)n2)COc2ccccc21,1,LYPAFUINURXJSG-AWEZNQCLSA-N,O=C(N[C@H]1COc2ccccc2NC1=O)c1n[nH]c(Cc2ccccc2)n1
CC1(C)S[C@@H]2[C@H](NC(=O)[C@@H](NC(=O)CN=C(N)c3ccncc3)c3ccccc3)C(=O)N2[C@H]1C(=O)O,0,WRFCGBVLTRJBKN-RQXXJAGISA-N,O=C(CN=Cc1ccncc1)N[C@H](C(=O)N[C@@H]1C(=O)N2CCS[C@H]12)c1ccccc1
CC(C)(Oc1ccc(CCNC(=O)c2ccccc2)cc1)C(=O)O,1,PJBSDQNRVFCPOC-UHFFFAOYSA-N,O=C(NCCc1ccccc1)c1ccccc1
CC(C)(Oc1ccc(CCNC(=O)c2ccc(Cl)cc2)cc1)C(=O)O,0,IIBYAHWJQTYFKB-UHFFFAOYSA-N,O=C(NCCc1ccccc1)c1ccccc1
COC1C=COC2(C)Oc3c(C)c(O)c4c(O)c(c5c(c4c3C2=O)NC2(CCN(CC(C)C)CC2)N5)NC(=O)C(C)=CC=CC(C)C(O)C(C)C(O)C(C)C(OC(C)=O)C1C,0,SKZMLQVUXYSJCO-UHFFFAOYSA-N,O=C1C=CC=CCCCCCCCCC=COC2Oc3ccc4cc(c5c(c4c3C2=O)NC2(CCNCC2)N5)N1
CN1C2CCC1CC(NC(=O)N1CC(C)(C)c3ccccc31)C2,1,ILXWRFDRNAKTDD-UHFFFAOYSA-N,O=C(NC1CC2CCC(C1)N2)N1CCc2ccccc21
CC1=C(CC(=O)O)c2cc(F)ccc2/C1=C/c1ccc([S+](C)[O-])cc1,1,MLKXDPUZXIRXEP-RQZCQDPDSA-N,C1=Cc2ccccc2/C1=C/c1ccccc1
CCC(C)C(C(=O)OC1CC[N+](C)(C)CC1)c1ccccc1,0,WSWDKMFWJOALEW-UHFFFAOYSA-N,O=C(Cc1ccccc1)OC1CC[NH2+]CC1
CC[C@@H](C)[C@@H](C(=O)OC1CC[N+](C)(C)CC1)c1ccccc1,0,WSWDKMFWJOALEW-CRAIPNDOSA-N,O=C(Cc1ccccc1)OC1CC[NH2+]CC1
Cc1cccc(Cl)c1NC(=O)C=C1SCC(=O)N1C,1,YJXQTIXFPYPQFT-UHFFFAOYSA-N,O=C(C=C1NC(=O)CS1)Nc1ccccc1
O=C1CCNC1C(=O)N[C@H]1CC1c1ccccc1,1,DWODZPIYFCFDSX-AKJDGMEZSA-N,O=C1CCNC1C(=O)N[C@H]1CC1c1ccccc1
CC1(C)S[C@H]2C(N3C(=O)C(c4ccccc4)NC3(C)C)C(=O)N2[C@H]1C(=O)O,0,DXVUYOAEDJXBPY-BRNNPLJLSA-N,O=C1C(c2ccccc2)NCN1C1C(=O)N2CCS[C@@H]12
COCOC(=O)[C@@H]1N2C(=O)C(N3C(=O)C(c4ccccc4)NC3(C)C)[C@@H]2SC1(C)C,0,QTQPGZVDUCMVLK-GULCKSEBSA-N,O=C1C(c2ccccc2)NCN1C1C(=O)N2CCS[C@@H]12
CC1(C)S[C@H]2C(N3C(=O)C(c4ccc(O)cc4)NC3(C)C)C(=O)N2[C@H]1C(=O)O,0,MFSKHDSIPVDCDE-BRNNPLJLSA-N,O=C1C(c2ccccc2)NCN1C1C(=O)N2CCS[C@@H]12
Cc1c(O)cccc1C(=O)NC(CSc1ccccc1)C(O)CN1CC2CCCCC2CC1C(=O)CNC(C)(C)C,1,SQUWFAJYPSYGGK-UHFFFAOYSA-N,O=C(NC(CCN1CCC2CCCCC2C1)CSc1ccccc1)c1ccccc1
Cc1c(O)cccc1C(=O)NC(CSc1ccccc1)C(O)CN1CC2CCCCC2CC1C(=O)NC(C)C,0,UHIXTNIBXPVMQB-UHFFFAOYSA-N,O=C(NC(CCN1CCC2CCCCC2C1)CSc1ccccc1)c1ccccc1
CS(=O)(=O)O.Cc1c(O)cccc1C(=O)NC(CSc1ccccc1)C(O)CN1CC2CCCCC2CC1C(=O)NC(C)(C)C,1,NQHXCOAXSHGTIA-UHFFFAOYSA-N,O=C(NC(CCN1CCC2CCCCC2C1)CSc1ccccc1)c1ccccc1
Cc1c(O)cccc1C(=O)NC(CSc1ccccc1)C(O)CN1CC2CCCCC2CC1C(=O)NC(C)(C)C,0,QAGYKUNXZHXKMR-UHFFFAOYSA-N,O=C(NC(CCN1CCC2CCCCC2C1)CSc1ccccc1)c1ccccc1
c1ccc(C2(c3ccccc3)OC[C@H]([C@@H]3CCCCN3)O2)cc1,1,HGKAMARNFGKMLC-RBUKOAKNSA-N,c1ccc(C2(c3ccccc3)OC[C@H]([C@@H]3CCCCN3)O2)cc1
CN1CC[C@]23c4c5ccc(O)c4O[C@H]2[C@@H](O)C=C[C@H]3[C@H]1C5,0,BQJCRHHNABKAKU-KBQPJGBKSA-N,C1=C[C@H]2[C@H]3Cc4cccc5c4[C@@]2(CCN3)[C@H](C1)O5
COc1ccc2c3c1O[C@H]1[C@@H](O)C=C[C@H]4[C@@H](C2)N(C)CC[C@@]341,1,OROGSEYTTFOCAN-DNJOTXNNSA-N,C1=C[C@H]2[C@H]3Cc4cccc5c4[C@@]2(CCN3)[C@H](C1)O5
CC(=O)Oc1ccc2c3c1O[C@H]1[C@@H](OC(C)=O)C=C[C@H]4[C@@H](C2)N(C)CC[C@@]341,1,GVGLGOZIDCSQPN-PVHGPHFFSA-N,C1=C[C@H]2[C@H]3Cc4cccc5c4[C@@]2(CCN3)[C@H](C1)O5
Oc1ccc2c3c1O[C@H]1[C@@H](O)C=C[C@H]4[C@@H](C2)NCC[C@@]341,1,ONBWJWYUHXVEJS-ZTYRTETDSA-N,C1=C[C@H]2[C@H]3Cc4cccc5c4[C@@]2(CCN3)[C@H](C1)O5
CC(=O)Oc1ccc2c3c1O[C@H]1[C@H](OC(C)=O)C=C[C@H]4[C@@H](C2)N(C)CC[C@@]341,1,GVGLGOZIDCSQPN-SCMUXVNPSA-N,C1=C[C@H]2[C@H]3Cc4cccc5c4[C@@]2(CCN3)[C@H](C1)O5
COc1ccc2c3c1O[C@H]1[C@H](O)C=C[C@H]4[C@@H](C2)N(C)CC[C@@]341,1,OROGSEYTTFOCAN-KEMUOJQUSA-N,C1=C[C@H]2[C@H]3Cc4cccc5c4[C@@]2(CCN3)[C@H](C1)O5
C=CCN1CC[C@]23c4c5ccc(O)c4O[C@H]2[C@@H](O)C=C[C@H]3[C@H]1C5,1,UIQMVEYFGZJHCZ-SSTWWWIQSA-N,C1=C[C@H]2[C@H]3Cc4cccc5c4[C@@]2(CCN3)[C@H](C1)O5
CN1CC[C@]23c4c5ccc(O)c4O[C@H]2C(O)C=C[C@H]3[C@H]1C5,1,BQJCRHHNABKAKU-QWPSNIKLSA-N,C1=C[C@H]2[C@H]3Cc4cccc5c4[C@@]2(CCN3)[C@H](C1)O5
COc1ccc2c3c1O[C@H]1[C@@H](O)C=C[C@H]4[C@@H](C2)NCC[C@@]341,1,HKOIXWVRNLGFOR-KOFBORESSA-N,C1=C[C@H]2[C@H]3Cc4cccc5c4[C@@]2(CCN3)[C@H](C1)O5
CN1CC[C@]23c4c5ccc(O)c4O[C@H]2[C@H](O)C=C[C@H]3[C@H]1C5,1,BQJCRHHNABKAKU-NOSXKOESSA-N,C1=C[C@H]2[C@H]3Cc4cccc5c4[C@@]2(CCN3)[C@H](C1)O5
CN(C)CCN(Cc1cccs1)c1ccccn1,1,HNJJXZKZRAWDPF-UHFFFAOYSA-N,c1ccc(NCc2cccs2)nc1
CCC(C)(Oc1ccc(C2(c3ccc(OC(C)(CC)C(=O)O)cc3)CCCCC2)cc1)C(=O)O,0,BMOVQUBVGICXQN-UHFFFAOYSA-N,c1ccc(C2(c3ccccc3)CCCCC2)cc1
CCCc1nc(C(C)(C)O)c(C(=O)O)n1Cc1ccc(-c2ccccc2-c2nn[nH]n2)cc1,0,VTRAEEWXHOVJFV-UHFFFAOYSA-N,c1ccc(-c2nn[nH]n2)c(-c2ccc(Cn3ccnc3)cc2)c1
CN1C(C(=O)/N=c2/cccc[nH]2)=C(O)c2sccc2S1(=O)=O,0,LZNWYQJJBLGYLT-UHFFFAOYSA-N,O=C(/N=c1/cccc[nH]1)C1=Cc2sccc2S(=O)(=O)N1
O=c1ncn2nc(Sc3ccc(F)cc3F)ccc2c1-c1c(Cl)cccc1Cl,1,VEPKQEUBKLEPRA-UHFFFAOYSA-N,O=c1ncn2nc(Sc3ccccc3)ccc2c1-c1ccccc1
CC(/C=C1\SC(=S)N(CC(=O)O)C1=O)=C\c1ccccc1,0,CHNUOJQWGUIOLD-NFZZJPOKSA-N,O=C1NC(=S)S/C1=C\C=C\c1ccccc1
COCc1c(C(=O)OC(C)C)ncc2[nH]c3ccc(OCc4ccccc4)cc3c12,1,RLFKILXOLJVUNF-UHFFFAOYSA-N,c1ccc(COc2ccc3[nH]c4cnccc4c3c2)cc1
Cn1c(=O)c2[nH]cnc2n(C)c1=O.Cn1c(=O)c2[nH]cnc2n(C)c1=O.NCCN,0,FQPFAHBPWDRTLU-UHFFFAOYSA-N,O=c1[nH]c(=O)c2[nH]cnc2[nH]1.O=c1[nH]c(=O)c2[nH]cnc2[nH]1
CN(C)C1C(O)=C(C(=O)NCN2CCCC(C(=O)O)C2)C(=O)C2(O)C(O)=C3C(=O)c4c(O)cccc4C(C)(O)C3CC12,0,LYOHRYSQMOWAQT-UHFFFAOYSA-N,O=C(NCN1CCCCC1)C1=CCC2CC3Cc4ccccc4C(=O)C3=CC2C1=O
N#Cc1ccccc1C(=O)NCCC[C@@H]1CCOC1,0,AJQCDZXJUGAKIQ-GFCCVEGCSA-N,O=C(NCCC[C@@H]1CCOC1)c1ccccc1
COc1ccc2c(c1)[C@@]13CCCC[C@@H]1[C@@H](C2)N(C)CC3,1,MKXZASYAUGDDCJ-KBAYOESNSA-N,c1ccc2c(c1)C[C@H]1NCC[C@@]23CCCC[C@H]13
C=CCN1CC[C@]23CCCC[C@@H]2[C@H]1Cc1ccc(O)cc13,1,OZYUPQUCAUTOBP-BHIYHBOVSA-N,c1ccc2c(c1)C[C@H]1NCC[C@@]23CCCC[C@H]13
Cc1ccc2c(c1)[C@@]13CCCC[C@@H]1[C@@H](C2)N(C)CC3,1,KBEZZLAAKIIPFK-KBAYOESNSA-N,c1ccc2c(c1)C[C@H]1NCC[C@@]23CCCC[C@H]13
CN1C(=O)CN(C(N)=O)[C@@H](c2ccccc2)c2cc(Cl)ccc21,1,HFFJORVBQWPILU-INIZCTEOSA-N,O=C1CN[C@@H](c2ccccc2)c2ccccc2N1
O=C1CN(O)[C@@H](c2ccccc2)c2cc(Cl)ccc2N1,1,OVLHCKOKHHLOCY-HNNXBMFYSA-N,O=C1CN[C@@H](c2ccccc2)c2ccccc2N1
Nc1cc(OCC2CC2)c(C(=O)N[C@@H]2CN3CCC2CC3)cc1Cl,1,DBQMQBCSKXTCIJ-MRXNPFEDSA-N,O=C(N[C@@H]1CN2CCC1CC2)c1ccccc1OCC1CC1
CCOC(=O)Nc1cc2c(c(N)n1)N=C(CN(C)c1ccc(OC)cc1)CN2,1,JXRPMBFHIKMFHG-UHFFFAOYSA-N,c1ccc(NCC2=Nc3cnccc3NC2)cc1
CC(C)c1nc(CN(C)C(=O)N[C@@H](C)C(=O)C[C@@H](Cc2ccccc2)C[C@H](O)[C@H](Cc2ccccc2)NC(=O)OCc2cncs2)cs1,0,PYELINRBJHJZDQ-LMWIOMQRSA-N,O=C(CNC(=O)NCc1cscn1)C[C@H](CC[C@H](Cc1ccccc1)NC(=O)OCc1cncs1)Cc1ccccc1
CCC(=O)C(CC(C)N1CCCCC1)(c1ccccc1)c1ccccc1,1,SVDHSZFEQYXRDC-UHFFFAOYSA-N,c1ccc(C(CCN2CCCCC2)c2ccccc2)cc1
COc1ccccc1N1CCN(CCN(C(=O)c2ccc(F)cc2)c2ccccn2)CC1,0,YJZYDPRMWYWYCG-UHFFFAOYSA-N,O=C(c1ccccc1)N(CCN1CCN(c2ccccc2)CC1)c1ccccn1
CCN=C1NC(=O)[C@H](c2ccccc2)O1,1,RXOIEVSUURELPG-VIFPVBQESA-N,N=C1NC(=O)[C@H](c2ccccc2)O1
Cc1ccc(OC[C@@H](C)NC(=O)/C(=C/c2ccco2)c2ccccc2)cc1,0,VAAUDVCSLRKRPV-GNFOSXPUSA-N,O=C(NCCOc1ccccc1)/C(=C/c1ccco1)c1ccccc1
CN(C)[C@H]1C(O)=C(C(=O)NCN[C@@H](C(=O)N[C@H]2C(=O)N3[C@H]2SC(C)(C)[C@H]3C(=O)O)c2ccccc2)C(=O)[C@@]2(O)C(O)=C3C(=O)c4c(O)cccc4[C@@](C)(O)[C@H]3C[C@@H]12,0,ZVVMCQBZCQRRME-TZTWABLNSA-N,O=C(NCN[C@@H](C(=O)N[C@H]1C(=O)N2CCS[C@@H]12)c1ccccc1)C1=CC[C@@H]2C[C@@H]3Cc4ccccc4C(=O)C3=CC2C1=O
CNCCCN1c2ccccc2C(C)(C)c2ccccc21,1,PGSOFANFWNSSRA-UHFFFAOYSA-N,c1ccc2c(c1)Cc1ccccc1N2
CN(C)CCC[C@H]1c2ccccc2Nc2ccc(Cl)cc21,1,JFRLWWDJCFYFSU-AWEZNQCLSA-N,c1ccc2c(c1)Cc1ccccc1N2
CN(C)CCCN1c2ccccc2C(C)(C)c2ccccc21,1,RYQOGSFEJBUZBX-UHFFFAOYSA-N,c1ccc2c(c1)Cc1ccccc1N2
CN(C)CCCC1c2ccccc2Nc2ccc(Cl)cc21,1,JFRLWWDJCFYFSU-UHFFFAOYSA-N,c1ccc2c(c1)Cc1ccccc1N2
CN(C)CCCN1c2ccccc2Cc2ccccc21,1,PIRAQJMOVRSLRB-UHFFFAOYSA-N,c1ccc2c(c1)Cc1ccccc1N2
CO[C@H]1/C=C\C=C(/C)C(=O)NC2=CC(=O)C(NCCN(C)C)=C(C[C@H](C)C[C@@H](OC)[C@@H](O)[C@H](C)/C=C(\C)[C@@H]1OC(N)=O)C2=O,1,KUFRQPKVAWMTJO-XGTVLSQKSA-N,O=C1C=C2CCCCCCC=CCC/C=C\C=CC(=O)NC(=C1)C2=O
COC1/C=C\C=C(\C)C(=O)NC2=CC(=O)C(NCCN(C)C)=C(CC(C)CC(OC)C(O)C(C)/C=C(/C)C1OC(N)=O)C2=O,1,KUFRQPKVAWMTJO-DCAKUMPVSA-N,O=C1C=C2CCCCCCC=CCC/C=C\C=CC(=O)NC(=C1)C2=O
S=C(NC1CCCCC1)N1CCC(c2cnc[nH]2)CC1,1,QKDDJDBFONZGBW-UHFFFAOYSA-N,S=C(NC1CCCCC1)N1CCC(c2cnc[nH]2)CC1
CC1(C)O[C@H]2C[C@@H]3[C@H]4C[C@@H](F)C5=CC(=O)CC[C@]5(C)[C@@H]4[C@H](O)C[C@]3(C)[C@@]2(C(=O)CO)O1,1,POPFMWWJOGLOIF-JHMPHCJQSA-N,O=C1C=C2CC[C@H]3[C@@H](CCC4C5OCO[C@H]5C[C@@H]43)C2CC1
CN(C)CCCC1c2ccccc2COc2ccccc21,1,NPAJSBXVAVYZNJ-UHFFFAOYSA-N,c1ccc2c(c1)COc1ccccc1C2
CN(C)CCC[C@@H]1c2ccccc2COc2ccccc21,1,NPAJSBXVAVYZNJ-QGZVFWFLSA-N,c1ccc2c(c1)COc1ccccc1C2
Cc1ccc(C(=O)c2ccc(CC(=O)O)n2C)cc1,1,UPSPUYADGBWSHF-UHFFFAOYSA-N,O=C(c1ccccc1)c1ccc[nH]1
Cc1cc(CC(=O)O)n(C)c1C(=O)c1ccc(Cl)cc1,1,ZXVNMYWKKDOREA-UHFFFAOYSA-N,O=C(c1ccccc1)c1ccc[nH]1
CC[C@@]1(O)C[C@@H](O[C@H]2C[C@@H](N(C)C)[C@@H](O[C@H]3C[C@H]4O[C@H]5CC(=O)[C@H](C)O[C@H]5O[C@H]4[C@H](C)O3)[C@H](C)O2)c2c(O)c3c(c(O)c2[C@H]1O[C@H]1C[C@@H](N(C)C)[C@H](O)[C@H](C)O1)C(=O)c1cccc(O)c1C3=O,0,JXVAMODRWBNUSF-LYPQEFBISA-N,O=C1CO[C@H]2O[C@H]3CO[C@@H](O[C@@H]4CC[C@H](O[C@@H]5CC[C@H](O[C@H]6CCCCO6)c6cc7c(cc65)C(=O)c5ccccc5C7=O)OC4)C[C@H]3O[C@H]2C1
Cc1c2oc3c(C)ccc(C(=O)NC4C(=O)NC(C(C)C)C(=O)N5CCCC5C(=O)N(C)CC(=O)N(C)C(C(C)C)C(=O)OC4C)c3nc-2c(C(=O)NC2C(=O)NC(C(C)C)C(=O)N3CCCC3C(=O)N(C)CC(=O)N(C)C(C(C)C)C(=O)OC2C)c(N)c1=O,0,RJURFGZVJUQBHK-UHFFFAOYSA-N,O=C1CNC(=O)C2CCCN2C(=O)CNC(=O)C(NC(=O)c2cc(=O)cc3oc4cccc(C(=O)NC5COC(=O)CNC(=O)CNC(=O)C6CCCN6C(=O)CNC5=O)c4nc2-3)COC(=O)CN1
CO/N=C(\C(=O)NC1C(=O)N2C(C(=O)O)=C(CSc3nc(=O)c(O)nn3C)CS[C@@H]12)c1csc(N)n1,1,VAAUVRVFOQPIGI-DPERCMSLSA-N,N=C(C(=O)NC1C(=O)N2C=C(CSc3nc(=O)cn[nH]3)CS[C@@H]12)c1cscn1
CO/N=C(/C(=O)NC1C(=O)N2C(C(=O)O)=C(CSc3nc(=O)c(O)nn3C)CS[C@@H]12)c1csc(N)n1,0,VAAUVRVFOQPIGI-BMKSLYNKSA-N,N=C(C(=O)NC1C(=O)N2C=C(CSc3nc(=O)cn[nH]3)CS[C@@H]12)c1cscn1
CC(=O)OCC/C(SC(C)=O)=C(/C)N(C=O)Cc1cnc(C)nc1N,1,ISIPQAHMLLFSFR-XNTDXEJSSA-N,c1cncnc1
CCOC(=O)OCC/C(SC(=O)OCC)=C(\C)N(C=O)Cc1cnc(C)nc1N,1,YBROOZNJUDHTGE-QINSGFPZSA-N,c1cncnc1
CCOC(=O)OCC/C(SC(=O)OCC)=C(/C)N(C=O)Cc1cnc(C)nc1N,1,YBROOZNJUDHTGE-NTCAYCPXSA-N,c1cncnc1
CC(=O)OCCC(SC(C)=O)=C(C)N(C=O)Cc1cnc(C)nc1N,1,ISIPQAHMLLFSFR-UHFFFAOYSA-N,c1cncnc1
CCOC(=O)OCCC(SC(=O)OCC)=C(C)N(C=O)Cc1cnc(C)nc1N,1,YBROOZNJUDHTGE-UHFFFAOYSA-N,c1cncnc1
CC(=O)OCC/C(SC(C)=O)=C(\C)N(C=O)Cc1cnc(C)nc1N,1,ISIPQAHMLLFSFR-GDNBJRDFSA-N,c1cncnc1
C(=NNC1=NCCN1)c1c2ccccc2c(C=NNC2=NCCN2)c2ccccc12,0,NJSMWLQOCQIOPE-UHFFFAOYSA-N,C(=NNC1=NCCN1)c1c2ccccc2c(C=NNC2=NCCN2)c2ccccc12
CC(=O)OCC(=O)C1(O)CCC2C3CCC4=CC(=O)CCC4(C)C3C(=O)CC21C,1,ITRJWOMZKQRYTA-UHFFFAOYSA-N,O=C1C=C2CCC3C4CCCC4CC(=O)C3C2CC1
CC12CCC(=O)C=C1CCC1C2C(=O)CC2(C)C1CCC2(O)C(=O)CO,1,MFYSYFVPBJMHGN-UHFFFAOYSA-N,O=C1C=C2CCC3C4CCCC4CC(=O)C3C2CC1
COc1ccc(CSCC(=O)N[C@H]2CC(C)(C)Oc3cc(OC)ccc32)cc1,0,MRBKGEMEUAJWJB-IBGZPJMESA-N,O=C(CSCc1ccccc1)N[C@H]1CCOc2ccccc21
Cc1ccc2c(c1)OC(C)(C)C[C@@H]2NC(=O)CSCc1ccc([N+](=O)[O-])cc1,1,FBFSEVBAWFZAFR-SFHVURJKSA-N,O=C(CSCc1ccccc1)N[C@H]1CCOc2ccccc21
CSc1ccc2c(c1)N(CCC1CCCNC1)c1ccccc1S2,1,SXOYTTUKVFYFPB-UHFFFAOYSA-N,c1ccc2c(c1)Sc1ccccc1N2CCC1CCCNC1
O=C1C(O)=C([C@H]2CC[C@H](c3ccc(Cl)cc3)CC2)C(=O)c2ccccc21,0,KUCQYCKVKVOKAY-CTYIDZIISA-N,O=C1C=C([C@H]2CC[C@H](c3ccccc3)CC2)C(=O)c2ccccc21
CC1CCN(CCC2CCN2S(=O)(=O)C2=CC(O)=CCC2)CC1,1,XNFBTUWYUQMQSW-UHFFFAOYSA-N,O=S(=O)(C1=CC=CCC1)N1CCC1CCN1CCCCC1
O=C1C[C@@H]2S[C@H](C3(O)CN4C(=O)C[C@@H]4S3)CN12,1,WBHZLVMIBFDJPD-GCKQUGCSSA-N,O=C1C[C@@H]2SC([C@@H]3CN4C(=O)C[C@@H]4S3)CN12
CCOC(=O)C1=CC(OC(CC)CC)C(NCOC)C(N)C1,1,PBZSJMGKHMEBHC-UHFFFAOYSA-N,C1=CCCCC1
CC(C=CC1=C(C)CCCC1(C)C)=CC=CC(C)=CCO,1,FPIPGXGPPPQFEQ-UHFFFAOYSA-N,C1=CCCCC1
CCC(CC)OC1C=C(C(=O)O)CC(N)C1NCOC,0,BDMYFOQWUPLTBP-UHFFFAOYSA-N,C1=CCCCC1
CC1=C(/C=C/C(C)=C/C=C/C(C)=C/C(=O)O)C(C)(C)CCC1,1,SHGAZHPCJJPHSC-YCNIQYBTSA-N,C1=CCCCC1
CC(C=CC1=C(C)CCCC1(C)C)=CC=CC(C)=CC(=O)O,0,SHGAZHPCJJPHSC-UHFFFAOYSA-N,C1=CCCCC1
CCC(CC)O[C@@H]1C=C(C(=O)O)C[C@H](N)[C@@H]1NCOC,0,BDMYFOQWUPLTBP-XQQFMLRXSA-N,C1=CCCCC1
CCOC(=O)C1=C[C@@H](OC(CC)CC)[C@@H](NCOC)[C@@H](N)C1,0,PBZSJMGKHMEBHC-ZNMIVQPWSA-N,C1=CCCCC1
CC(=CC(=O)O)/C=C/C=C(C)\C=C/C1=C(C)CCCC1(C)C,1,SHGAZHPCJJPHSC-GCWCIWOTSA-N,C1=CCCCC1
CC(=CCO)/C=C/C=C(C)\C=C\C1=C(C)CCCC1(C)C,1,FPIPGXGPPPQFEQ-KTEZCEQGSA-N,C1=CCCCC1
CCOC(=O)C1=C[C@H](OC(CC)CC)[C@H](NC(C)=O)[C@@H](N)C1,1,VSZGPKBBMSAYNT-SOUVJXGZSA-N,C1=CCCCC1
CC1=C(/C=C/C(C)=C/C=C/C(C)=C\C(=O)O)C(C)(C)CCC1,1,SHGAZHPCJJPHSC-XFYACQKRSA-N,C1=CCCCC1
CCOC(=O)C1=C[C@@H](OC(CC)CC)[C@H](NC(C)=O)[C@@H](N)C1,0,VSZGPKBBMSAYNT-RRFJBIMHSA-N,C1=CCCCC1
CCOC(=O)C1=CC(OC(CC)CC)C(NC(C)=O)C(N)C1,0,VSZGPKBBMSAYNT-UHFFFAOYSA-N,C1=CCCCC1
CCCCCCCCCCCCCCCC(=O)OCC=C(C)C=CC=C(C)C=CC1=C(C)CCCC1(C)C,0,VYGQUTWHTHXGQB-UHFFFAOYSA-N,C1=CCCCC1
CN1C2CC(OC(=O)[C@@H](CO)c3ccccc3)CC1C1OC12,1,STECJAGHUSJQJN-PLZWVXDASA-N,O=C(Cc1ccccc1)OC1CC2NC(C1)C1OC21
CN1C2CC(OC(=O)C(CO)c3ccccc3)CC1C1OC12,1,STECJAGHUSJQJN-UHFFFAOYSA-N,O=C(Cc1ccccc1)OC1CC2NC(C1)C1OC21
CCc1ccccc1-n1c(C)nc2ccccc2c1=O,1,UVTJKLLUVOTSOB-UHFFFAOYSA-N,O=c1c2ccccc2ncn1-c1ccccc1
Cc1ccccc1-n1c(C)nc2ccccc2c1=O,1,JEYCTXHKTXCGPB-UHFFFAOYSA-N,O=c1c2ccccc2ncn1-c1ccccc1
Cc1nc2ccccc2c(=O)n1-c1ccccc1Cl,1,SFITWQDBYUMAPS-UHFFFAOYSA-N,O=c1c2ccccc2ncn1-c1ccccc1
CCC(=O)OC1CC(=O)OC(C)C/C=C/C=C\C(O)C(C)CC(CC=O)C(O[C@@H]2O[C@H](C)[C@@H](O[C@H]3C[C@@](C)(O)[C@H](OC(=O)CC)[C@@H](C)O3)[C@H](N(C)C)[C@H]2O)C1OC,0,DMUAPQTXSSNEDD-ZZHFWOCQSA-N,O=C1CCCC(O[C@H]2CC[C@H](O[C@H]3CCCCO3)CO2)CCCC/C=C\C=C\CCO1
CC[N+](C)(CC=CC1=C(C(=O)O)N2C(=O)C(=NC(=O)C(NOCF)c3nsc(N)n3)C2SC1)CC(N)=O,0,VLWVOWJFGDHNKB-UHFFFAOYSA-O,O=C(Cc1ncsn1)N=C1C(=O)N2C=CCSC12
Cc1ccccc1OCC(C)NC(=O)C(C)Sc1ccccc1,0,NMLQBVWTBLVUCH-UHFFFAOYSA-N,O=C(CSc1ccccc1)NCCOc1ccccc1
Cc1ccccc1OC[C@H](C)NC(=O)[C@H](C)Sc1ccccc1,0,NMLQBVWTBLVUCH-HOTGVXAUSA-N,O=C(CSc1ccccc1)NCCOc1ccccc1
CO/N=C(/C(=O)N[C@@H]1C(=O)N2C(C(=O)O)=C(COC(C)=O)C[S+]([O-])[C@H]12)c1csc(N)n1,0,MMQXRUYUBYWTDP-QDHDWBTJSA-N,N=C(C(=O)N[C@@H]1C(=O)N2C=CC[SH+][C@H]12)c1cscn1
CO/N=C(\C(=O)NC1C(=O)N2C(C(=O)O)=C(CSc3nnnn3C)CS[C@@H]12)c1csc(N)n1,0,HJJDBAOLQAWBMH-QWLXCWJQSA-N,N=C(C(=O)NC1C(=O)N2C=C(CSc3nnn[nH]3)CS[C@@H]12)c1cscn1
CO/N=C(/C(=O)NC1C(=O)N2C(C(=O)O)=C(CSc3nnnn3C)CS[C@@H]12)c1csc(N)n1,0,HJJDBAOLQAWBMH-FNMBRIBESA-N,N=C(C(=O)NC1C(=O)N2C=C(CSc3nnn[nH]3)CS[C@@H]12)c1cscn1
CC1(C)CCC(C)(C)c2cc(NC(=O)c3ccc(C(=O)O)cc3)ccc21,0,MUTNCGKQJGXKEM-UHFFFAOYSA-N,O=C(Nc1ccc2c(c1)CCCC2)c1ccccc1
O=C1CCC2CCC(=O)N12,1,IEZDOKQWPWZVQF-UHFFFAOYSA-N,O=C1CCC2CCC(=O)N12
CCCc1c2oc(C(=O)O)cc(=O)c2cc2c(=O)cc(C(=O)O)n(CC)c12,0,RQTOOFIXOKYGAN-UHFFFAOYSA-N,O=c1cc[nH]c2cc3occc(=O)c3cc12
CCCS(=O)(=O)Nc1ccc(F)c(C(=O)c2c[nH]c3ncc(-c4ccc(Cl)cc4)cc23)c1F,0,GPXBXXGIAQBQNI-UHFFFAOYSA-N,O=C(c1ccccc1)c1c[nH]c2ncc(-c3ccccc3)cc12
CC(=O)c1c2c(c3oc(=O)cc(C)c3c1O)C(c1cc(F)c(F)c(F)c1)CC(=O)O2,0,ORPMXJQZAUSTTR-UHFFFAOYSA-N,O=C1CC(c2ccccc2)c2c(ccc3ccc(=O)oc23)O1
COc1ccc(C2CC(=O)Oc3c(C(C)=O)c(O)c4c(C)cc(=O)oc4c32)cc1OCC(N)=O,0,VOIUICAOIWQVBF-UHFFFAOYSA-N,O=C1CC(c2ccccc2)c2c(ccc3ccc(=O)oc23)O1
CC1(C)S[C@@H]2[C@H](NC(=O)[C@H](N)c3ccccc3)C(=O)N2[C@H]1C(=O)OC1OC(=O)c2ccccc21,0,SOROUYSPFADXSN-SUWVAFIASA-N,O=C(Cc1ccccc1)N[C@@H]1C(=O)N2[C@@H](C(=O)OC3OC(=O)c4ccccc43)CS[C@H]12
C1=Cc2c(cccc2OC[C@@H]2CNCCO2)C1,1,NWINIMXDTPZGDL-LBPRGKRZSA-N,C1=Cc2c(cccc2OC[C@@H]2CNCCO2)C1
O=C1NC(=O)C2(CCc3ccccc3C2)N1,1,ZWYUGDUPLSGYSK-UHFFFAOYSA-N,O=C1NC(=O)C2(CCc3ccccc3C2)N1
C=CC1OC2CC3C4CC=C5CC(=O)C=CC5(C)C4(F)C(O)CC3(C)C2(C(=O)CO)O1,1,VZRWXYQVLIMTIY-UHFFFAOYSA-N,O=C1C=CC2C(=CCC3C2CCC2C3CC3OCOC32)C1
CC(C)(C)CC(=O)OCC(=O)C12OC(C)(C)OC1CC1C3CC=C4CC(=O)C=CC4(C)C3(F)C(O)CC12C,1,BJOHUNZQBNULNC-UHFFFAOYSA-N,O=C1C=CC2C(=CCC3C2CCC2C3CC3OCOC32)C1
CC1(C)OC2CC3C4CC=C5CC(=O)C=CC5(C)C4C(O)CC3(C)C2(C(=O)CO)O1,1,ZMUSCGJNJYXJBP-UHFFFAOYSA-N,O=C1C=CC2C(=CCC3C2CCC2C3CC3OCOC32)C1
CC1(C)OC2CC3C4CC=C5CC(=O)C=CC5(C)C4(F)C(O)CC3(C)C2(C(=O)CO)O1,1,AIPSXDXZFKITIG-UHFFFAOYSA-N,O=C1C=CC2C(=CCC3C2CCC2C3CC3OCOC32)C1
CCC1(CC)OC2CC3C4CC=C5CC(=O)C=CC5(C)C4(F)C(O)CC3(C)C2(C(=O)CO)O1,1,CJCRPFHTZQUQDW-UHFFFAOYSA-N,O=C1C=CC2C(=CCC3C2CCC2C3CC3OCOC32)C1
CC(=O)C12OC(C)(C)OC1CC1C3CC=C4CC(=O)C=CC4(C)C3(F)C(O)CC12C,1,YAIQULINTAQPAS-UHFFFAOYSA-N,O=C1C=CC2C(=CCC3C2CCC2C3CC3OCOC32)C1
CCCC1OC2CC3C4CC=C5CC(=O)C=CC5(C)C4C(O)CC3(C)C2(C(=O)CO)O1,1,UNISKOOZAQCSPC-UHFFFAOYSA-N,O=C1C=CC2C(=CCC3C2CCC2C3CC3OCOC32)C1
CCCC1(O)C2CC34C=CC2(OC)C1C31CCN(C)C4Cc2ccc(OC(C)=O)c(OC)c21,1,PKOHTEKKIRXEHS-UHFFFAOYSA-N,C1=CC23CC4CC(C14)C21CCNC3Cc2ccccc21
CC1(C)SC2C(NC(=O)C3(N)CCCCC3)C(=O)N2C1C(=O)O,0,HGBLNBBNRORJKI-UHFFFAOYSA-N,O=C(NC1C(=O)N2CCSC12)C1CCCCC1
CCOC(=O)c1ccc(C#Cc2ccc3c(c2)C(C)(C)CCS3)nc1,0,OGQICQVSFDPSEI-UHFFFAOYSA-N,C(#Cc1ccccn1)c1ccc2c(c1)CCCS2
C=C1c2c(Cl)ccc(O)c2C(=O)C2=C(O)C3(O)C(=O)C(C(N)=O)=C(O)C(N(C)C)C3C(O)C12,0,GGQJXCQBBONZFX-UHFFFAOYSA-N,C=C1c2ccccc2C(=O)C2=CC3C(=O)C=CCC3CC12
C=C1c2cccc(O)c2C(=O)C2=C(O)C3(O)C(=O)C(C(N)=O)=C(O)C(N(C)C)C3C(O)C12,0,MHIGBKBJSQVXNH-UHFFFAOYSA-N,C=C1c2ccccc2C(=O)C2=CC3C(=O)C=CCC3CC12
CC1(C)SC2C(NC(=O)C(N)c3ccccc3)C(=O)N2C1C(=O)OC1OC(=O)c2ccccc21,0,SOROUYSPFADXSN-UHFFFAOYSA-N,O=C(Cc1ccccc1)NC1C(=O)N2C(C(=O)OC3OC(=O)c4ccccc43)CSC12
CNCCC=C1c2ccccc2[C@H]2C[C@H]2c2ccccc21,1,MILRTYCRJIRPKY-BGYRXZFFSA-N,C=C1c2ccccc2[C@H]2C[C@H]2c2ccccc21
CNCC/C=C1/c2ccccc2[C@H]2C[C@H]2c2ccccc21,1,MILRTYCRJIRPKY-IKXRLOQMSA-N,C=C1c2ccccc2[C@H]2C[C@H]2c2ccccc21
CN1CC(C)(C2=CCCCC2)C(=O)NC1=O,0,FNKSLANLRBBNGS-UHFFFAOYSA-N,O=C1NCC(C2=CCCCC2)C(=O)N1
COC(=O)C[C@H](c1cc(Cl)c2c(c1)OCO2)c1c(O)c(C(=O)OC)c[nH]c1=O,0,IQIRVGWHKKOMQN-SECBINFHSA-N,O=c1[nH]cccc1Cc1ccc2c(c1)OCO2
CNC1CCC(c2ccccc2)c2ccccc21,1,NVXPZMLRGBVYQV-UHFFFAOYSA-N,c1ccc(C2CCCc3ccccc32)cc1
CNC1CCC(c2ccc(Cl)c(Cl)c2)c2ccccc21,1,VGKDLMBJGBXTGI-UHFFFAOYSA-N,c1ccc(C2CCCc3ccccc32)cc1
CO[C@H]1C=CO[C@@]2(C)Oc3c(C)c(O)c4c(O)c(c(/C=N\N5CCN(C)CC5)c(O)c4c3C2=O)NC(=O)C(C)=CC=C[C@H](C)[C@H](O)[C@@H](C)[C@@H](O)[C@@H](C)[C@H](OC(C)=O)[C@@H]1C,0,JQXXHWHPUNPDRT-HYLOSMOFSA-N,O=C1C=CC=CCCCCCCCCC=COC2Oc3ccc4cc(c(/C=N\N5CCNCC5)cc4c3C2=O)N1
CCCN1CC(NS(=O)(=O)N(CC)CC)CC2Cc3c(O)cccc3CC21,1,GDFGTRDCCWFXTG-UHFFFAOYSA-N,c1ccc2c(c1)CC1CCCNC1C2
c1cc(CN2CCCCC2)cc(OCCCNc2nc3ccccc3o2)c1,1,VIASCVHAGATDQI-UHFFFAOYSA-N,c1cc(CN2CCCCC2)cc(OCCCNc2nc3ccccc3o2)c1
COc1c2c(cc(F)c1N1C[C@@H]3CCCN[C@@H]3C1)C(=O)C(C(=O)O)=C[C@@H]2NC1CC1,1,LLBPAWFNZAXMSD-MZPVMMEZSA-N,O=C1C=C[C@H](NC2CC2)c2cc(N3C[C@@H]4CCCN[C@@H]4C3)ccc21
OCCCOc1cccc(CN2CCCCC2)c1,1,JACPUZOKPSTMTK-UHFFFAOYSA-N,c1ccc(CN2CCCCC2)cc1
CC(=O)NCCCOc1cccc(CN2CCCCC2)c1,1,FAXLXLJWHQJMPK-UHFFFAOYSA-N,c1ccc(CN2CCCCC2)cc1
CC(C)NCCCOc1cccc(CN2CCCCC2)c1,1,GNRHZCDKYAHZSF-UHFFFAOYSA-N,c1ccc(CN2CCCCC2)cc1
CC(=O)OCC(=O)NCCCOc1cccc(CN2CCCCC2)c1,0,SMTZFNFIKUPEJC-UHFFFAOYSA-N,c1ccc(CN2CCCCC2)cc1
COc1ccc(C(NC(=O)c2cnoc2C)C2CC(O)C2)cn1,0,QHJYAOJUMUTWAJ-UHFFFAOYSA-N,O=C(NC(c1cccnc1)C1CCC1)c1cnoc1
CC(=O)O[C@]1(C(C)=O)CC[C@@H]2[C@H]3C=C(C)C4=CC(=O)CC[C@@]4(C)[C@H]3CC[C@]21C,1,RQZAXGRLVPAYTJ-NTQRXFJSSA-N,O=C1C=C2C=C[C@H]3[C@H](CCC4CCC[C@@H]43)C2CC1
CCc1c2c(nc3ccc(OC(=O)N4CCC(N5CCCCC5)CC4)cc13)-c1cc3c(c(=O)n1C2)COC(=O)C3(O)CC,0,UWKQSNNFCGGAFS-UHFFFAOYSA-N,O=C1Cc2cc3n(c(=O)c2CO1)Cc1cc2cc(OC(=O)N4CCC(N5CCCCC5)CC4)ccc2nc1-3
CCc1c2c(nc3ccc(OC(=O)N4CCC(N5CCCCC5)CC4)cc13)-c1cc3c(c(=O)n1C2)COC(=O)[C@]3(O)CC,0,UWKQSNNFCGGAFS-XIFFEERXSA-N,O=C1Cc2cc3n(c(=O)c2CO1)Cc1cc2cc(OC(=O)N4CCC(N5CCCCC5)CC4)ccc2nc1-3
O=C1CCC2(CCC(=O)c3ccccc32)C(=O)N1,1,WZAIVXXKOAWTGQ-UHFFFAOYSA-N,O=C1CCC2(CCC(=O)c3ccccc32)C(=O)N1
CC1(c2ccccc2)O[C@H]2C[C@H]3[C@@H]4CCC5=CC(=O)C=CC5(C)C4(F)C(O)CC3(C)C2(C(=O)CO)O1,1,HCKFPALGXKOOBK-MSLSIWLISA-N,O=C1C=CC2C(=C1)CC[C@@H]1C2CCC2C3OC(c4ccccc4)O[C@H]3C[C@H]21
CCn1cc(C(=O)O)c(=O)c2cc(F)c(N3CCNCC3)nc21,0,IDYZIJYBMGIQMJ-UHFFFAOYSA-N,O=c1cc[nH]c2nc(N3CCNCC3)ccc12
Fc1ccccc1C1=NCC(=S)N(CC(F)(F)F)c2ccc(Cl)cc21,1,IKMPWMZBZSAONZ-UHFFFAOYSA-N,S=C1CN=C(c2ccccc2)c2ccccc2N1
CN1C(=S)CN=C(c2ccccc2)c2cc(Cl)ccc21,1,MWGWTOPCKLQYEU-UHFFFAOYSA-N,S=C1CN=C(c2ccccc2)c2ccccc2N1
CC1(C)O[C@H]2C[C@H]3[C@H]4CCC5=CC(=O)C=C[C@@]5(C)[C@H]4[C@H](O)C[C@@]3(C)[C@]2(C(=O)CO)O1,1,WBGKWQHBNHJJPZ-XPKJQYDESA-N,O=C1C=CC2C(=C1)CC[C@H]1[C@@H]2CCC2C3OCO[C@H]3C[C@H]21
CCC[C@H]1O[C@H]2C[C@H]3[C@H]4CCC5=CC(=O)C=C[C@@]5(C)[C@H]4[C@H](O)C[C@@]3(C)[C@]2(C(=O)CO)O1,1,VOVIALXJUBGFJZ-NXKOVCJVSA-N,O=C1C=CC2C(=C1)CC[C@H]1[C@@H]2CCC2C3OCO[C@H]3C[C@H]21
CC1(C)O[C@H]2C[C@H]3[C@H]4C[C@H](F)C5=CC(=O)C=C[C@@]5(C)[C@H]4[C@H](O)C[C@@]3(C)[C@]2(C(=O)CO)O1,1,XSFJVAJPIHIPKU-ZDDQLPHWSA-N,O=C1C=CC2C(=C1)CC[C@H]1[C@@H]2CCC2C3OCO[C@H]3C[C@H]21
CC(=O)OCC(=O)[C@@]12OC(C)(C)O[C@H]1C[C@H]1[C@H]3C[C@H](F)C4=CC(=O)C=C[C@@]4(C)[C@H]3[C@H](O)C[C@]12C,1,WEGNFRKBIKYVLC-HBESPAILSA-N,O=C1C=CC2C(=C1)CC[C@H]1[C@@H]2CCC2C3OCO[C@H]3C[C@H]21
O=C(Cc1cccs1)N[C@@H]1C(=O)N2C(C(=O)O)=C(CSc3nc[nH]n3)CS[C@H]12,0,UQWYUAURRDNBKR-BXUZGUMPSA-N,O=C(Cc1cccs1)N[C@@H]1C(=O)N2C=C(CSc3nc[nH]n3)CS[C@H]12
CC(=O)OCC(=O)C1(OC(=O)c2ccco2)C(C)CC2C3CCC4=CC(=O)C=CC4(C)C3(F)C(O)CC21C,1,DDIWRLSEGOVQQD-UHFFFAOYSA-N,O=C1C=CC2C(=C1)CCC1C2CCC2C(OC(=O)c3ccco3)CCC21
CC1CC2C3CCC4=CC(=O)C=CC4(C)C3(Cl)C(O)CC2(C)C1(OC(=O)c1ccco1)C(=O)CCl,1,WOFMFGQZHJDGCX-UHFFFAOYSA-N,O=C1C=CC2C(=C1)CCC1C2CCC2C(OC(=O)c3ccco3)CCC21
C[C@@H]1CC2C3CCC4=CC(=O)C=C[C@]4(C)[C@@]3(Cl)[C@@H](O)C[C@]2(C)[C@@]1(OC(=O)c1ccco1)C(=O)CCl,1,WOFMFGQZHJDGCX-NKEDMXMMSA-N,O=C1C=CC2C(=C1)CCC1C2CCC2C(OC(=O)c3ccco3)CCC21
COC(=O)Nc1nc2cc(C(=O)c3ccccc3)ccc2[nH]1,0,OPXLLQIJSORQAM-UHFFFAOYSA-N,O=C(c1ccccc1)c1ccc2[nH]cnc2c1
c1ccc([C@@H]2CN3CCS[C@H]3N2)cc1,1,BQCLJTZQPUUUBR-QWRGUYRKSA-N,c1ccc([C@@H]2CN3CCS[C@H]3N2)cc1
Clc1ccc([C@H]2[C@H]3CC[C@H](C3)[C@]23CCC(N2CCOCC2)=N3)cc1,1,KIYTZWUWLDEAMW-ACZWYYKOSA-N,c1ccc([C@H]2[C@H]3CC[C@H](C3)[C@]23CCC(N2CCOCC2)=N3)cc1
CCN[C@H]1[C@H]2CC[C@@H](C2)[C@H]1c1ccccc1,1,IKFBPFGUINLYQI-XQLPTFJDSA-N,c1ccc([C@H]2C[C@H]3CC[C@H]2C3)cc1
CCOc1ccc2ccccc2c1C(=O)N[C@H]1C(=O)N2[C@@H]1SC(C)(C)[C@@H]2C(=O)O,0,GPXLMGHLHQJAGZ-TXPKVOOTSA-N,O=C(N[C@H]1C(=O)N2CCS[C@H]12)c1cccc2ccccc12
CN1C[C@]23C=CC(O)=C[C@@]24C[C@]42CCCC[C@@H]2[C@H]1C3,1,GAIONQUSMVWCSO-OVYGPGRDSA-N,C1=C[C@]23CN[C@H](C2)[C@H]2CCCC[C@]24C[C@]34C=C1
Clc1ccc(Nc2nnc(Cc3ccncc3)c3ccccc23)cc1,1,YCOYDOIWSSHVCK-UHFFFAOYSA-N,c1ccc(Nc2nnc(Cc3ccncc3)c3ccccc23)cc1
O=C(CCCN1CCC(n2c(=O)[nH]c3ccccc32)CC1)c1ccc(F)cc1,1,FEBOTPHFXYHVPL-UHFFFAOYSA-N,O=C(CCCN1CCC(n2c(=O)[nH]c3ccccc32)CC1)c1ccccc1
CC(=O)N1CCc2ccc(N(C(=O)/C=C/c3cccc(C#N)c3)N3CCN(CCC4CCCC4)CC3)cc21,0,NBKUEHKOWOUYIC-FMIVXFBMSA-N,O=C(/C=C/c1ccccc1)N(c1ccc2c(c1)NCC2)N1CCN(CCC2CCCC2)CC1
O=C1NCC(c2ccccc2)C2(CCN(C(=O)c3cc(C(F)(F)F)cc(C(F)(F)F)c3)CC2)O1,1,VEZFZDPMCIZCLQ-UHFFFAOYSA-N,O=C1NCC(c2ccccc2)C2(CCN(C(=O)c3ccccc3)CC2)O1
CC[C@H](C)C(=O)O[C@H]1CCC=C2C=C[C@H](C)[C@H](CC[C@H]3C[C@H](O)CC(=O)O3)[C@@H]21,1,AJLFOPYRIVGYMJ-ZISZTCLUSA-N,O=C1CCC[C@H](CC[C@H]2CC=CC3=CCCC[C@H]32)O1
CCC(C)(C)C(=O)O[C@H]1C[C@H](C)C=C2C=C[C@H](C)[C@H](CC[C@H]3C[C@H](O)CC(=O)O3)[C@@H]21,1,RYMZZMVNJRMUDD-LOAVTWKMSA-N,O=C1CCC[C@H](CC[C@H]2CC=CC3=CCCC[C@H]32)O1
O=C(/C=C\c1cccc2cccnc12)N(Cc1ccco1)C[C@@H]1CCCO1,0,JZKDRCVXWCLXAE-PISNEZEASA-N,O=C(/C=C\c1cccc2cccnc12)N(Cc1ccco1)C[C@@H]1CCCO1
CCC12CCN(CC3CCC3)[C@@H](Cc3ccc(O)cc31)C2(C)C,1,IUUBFDSJJHOTDI-ZQRQZVKFSA-N,c1ccc2c(c1)C[C@H]1CC2CCN1CC1CCC1
CC[C@@]12CCN(CC3CCC3)[C@@H](Cc3ccc(O)cc31)C2(C)C,1,IUUBFDSJJHOTDI-PZJWPPBQSA-N,c1ccc2c(c1)C[C@H]1CC2CCN1CC1CCC1
CCC(C)n1ncn(-c2ccc(N3CCN(c4ccc(OC[C@H]5CO[C@](Cn6cncn6)(c6ccc(Cl)cc6Cl)O5)cc4)CC3)cc2)c1=O,0,VHVPQPYKVGDNFY-ZPGVKDDISA-N,O=c1[nH]ncn1-c1ccc(N2CCN(c3ccc(OC[C@H]4CO[C@](Cn5cncn5)(c5ccccc5)O4)cc3)CC2)cc1
CC[C@H](C)n1ncn(-c2ccc(N3CCN(c4ccc(OC[C@H]5CO[C@](Cn6cncn6)(c6ccc(Cl)cc6Cl)O5)cc4)CC3)cc2)c1=O,0,VHVPQPYKVGDNFY-TUJWMRSMSA-N,O=c1[nH]ncn1-c1ccc(N2CCN(c3ccc(OC[C@H]4CO[C@](Cn5cncn5)(c5ccccc5)O4)cc3)CC2)cc1
C=C[C@H]1CN2CC[C@H]1C[C@@H]2[C@@H](O)c1ccnc2ccc(OC)cc12,1,LOUPRKONTZGTKE-LHHVKLHASA-N,c1ccc2c(C[C@H]3CC4CCN3CC4)ccnc2c1
C=C[C@H]1CN2CC[C@@H]1C[C@@H]2[C@@H](O)c1ccnc2ccc(OC)cc12,1,LOUPRKONTZGTKE-SMHQJORMSA-N,c1ccc2c(C[C@H]3CC4CCN3CC4)ccnc2c1
C=C[C@@H]1CN2CC[C@@H]1C[C@@H]2[C@@H](O)c1ccnc2ccc(OC)cc12,1,LOUPRKONTZGTKE-FQZPYLGXSA-N,c1ccc2c(C[C@H]3CC4CCN3CC4)ccnc2c1
C=C[C@H]1CN2CCC1C[C@@H]2[C@@H](O)c1ccnc2ccc(OC)cc12,1,LOUPRKONTZGTKE-NBGVHYBESA-N,c1ccc2c(C[C@H]3CC4CCN3CC4)ccnc2c1
Cc1ccc(-n2cccc2C2C(c3ccccn3)NC(=S)N2CCN(C)C)cc1,0,XGZVYPFWXQSRDY-UHFFFAOYSA-N,S=C1NC(c2ccccn2)C(c2cccn2-c2ccccc2)N1
CN(C)Cc1ccnc(-c2cccc(Nc3[nH]ccc3[N+](=O)[O-])c2)c1,1,PYCFDUKKBNGLNC-UHFFFAOYSA-N,c1ccc(-c2cccc(Nc3ccc[nH]3)c2)nc1
Oc1c2c(c(O)n1CCCCN1CCN(c3ncccn3)CC1)C1C=CC2C2C=CC12,1,DGBIZYVXADVRDV-UHFFFAOYSA-N,C1=CC2c3cn(CCCCN4CCN(c5ncccn5)CC4)cc3C1C1C=CC21
CC(=O)c1ccc2c(c1O)C(c1ccc(F)c(Cl)c1)CC(=O)O2,0,QHSLUIZWBDFYAO-UHFFFAOYSA-N,O=C1CC(c2ccccc2)c2ccccc2O1
CCc1nn(CCCN2CCN(c3cccc(Cl)c3)CC2)c(=O)n1CCOc1ccccc1,1,VRBKIVRKKCLPHA-UHFFFAOYSA-N,O=c1n(CCOc2ccccc2)cnn1CCCN1CCN(c2ccccc2)CC1
NC12CC3C[C@H](C1)C[C@H](C3)C2,1,DKNWSYNQZKUICI-LGUIWLBCSA-N,C1C2CC3CC1CC(C2)C3
CC12CC3CC(C)(C1)CC(N)(C3)C2,1,BUGYDGFZZOZRHP-UHFFFAOYSA-N,C1C2CC3CC1CC(C2)C3
NC12CC3C[C@H](C1)C[C@@H](C3)C2,1,DKNWSYNQZKUICI-BQKDNTBBSA-N,C1C2CC3CC1CC(C2)C3
C[C@]12C[C@@H]3CC(N)(C1)C[C@@](C)(C3)C2,1,BUGYDGFZZOZRHP-VBLDAPLVSA-N,C1C2CC3CC1CC(C2)C3
N[C@]12CC3C[C@H](C[C@H](C3)C1)C2,1,DKNWSYNQZKUICI-UNVPZKBBSA-N,C1C2CC3CC1CC(C2)C3
NC12CC3CC(CC(C3)C1)C2,1,DKNWSYNQZKUICI-UHFFFAOYSA-N,C1C2CC3CC1CC(C2)C3
C[C@]12CC3CC(N)(C1)C[C@@](C)(C3)C2,1,BUGYDGFZZOZRHP-WSVSKBAQSA-N,C1C2CC3CC1CC(C2)C3
c1ccc(CC2=NCCN2)cc1,1,JIVZKJJQOZQXQB-UHFFFAOYSA-N,c1ccc(CC2=NCCN2)cc1
Cc1cc(C(C)(C)C)c(O)c(C)c1CC1=NCCN1,0,WYWIFABBXFUGLM-UHFFFAOYSA-N,c1ccc(CC2=NCCN2)cc1
Cc1cc(C(C)(C)C)cc(C)c1CC1=NCCN1,0,HUCJFAOMUPXHDK-UHFFFAOYSA-N,c1ccc(CC2=NCCN2)cc1
CC12CCC3C(=CCc4cc(O)ccc43)C1CCC2=O,0,WKRLQDKEXYKHJB-UHFFFAOYSA-N,O=C1CCC2C3=CCc4ccccc4C3CCC12
CN(C)C[C@H]1COC2(O1)c1ccccc1COc1ccccc12,1,CMEBTCWURHMCEE-FUKCDUGKSA-N,c1ccc2c(c1)COc1ccccc1C21OCCO1
CN(C)CC1COC2(O1)c1ccccc1COc1ccccc12,1,CMEBTCWURHMCEE-UHFFFAOYSA-N,c1ccc2c(c1)COc1ccccc1C21OCCO1
CN(C)C[C@H]1CO[C@@]2(O1)c1ccccc1COc1ccccc12,1,CMEBTCWURHMCEE-HNAYVOBHSA-N,c1ccc2c(c1)COc1ccccc1C21OCCO1
CN(C)C[C@@H]1CO[C@@]2(O1)c1ccccc1COc1ccccc12,1,CMEBTCWURHMCEE-DNVCBOLYSA-N,c1ccc2c(c1)COc1ccccc1C21OCCO1
CCC(C(=O)NC(C)C)N(Cc1ccccc1Cl)C(=O)CN(c1ccc(F)c(Cl)c1)S(C)(=O)=O,1,HMSYGPVKEBQOFR-UHFFFAOYSA-N,O=C(CNc1ccccc1)NCc1ccccc1
CCC(C(=O)NC(C)c1ccc(C)c(C)c1)N(c1cc(C)ccc1C)S(C)(=O)=O,0,REWMUMWSVSIVKR-UHFFFAOYSA-N,O=C(CNc1ccccc1)NCc1ccccc1
CC[C@H](C(=O)NC(C)C)N(Cc1ccccc1Cl)C(=O)CN(c1ccc(F)c(Cl)c1)S(C)(=O)=O,1,HMSYGPVKEBQOFR-OAQYLSRUSA-N,O=C(CNc1ccccc1)NCc1ccccc1
CC[C@H](C(=O)N[C@@H](C)c1ccc(C)c(C)c1)N(c1cc(C)ccc1C)S(C)(=O)=O,0,REWMUMWSVSIVKR-PZJWPPBQSA-N,O=C(CNc1ccccc1)NCc1ccccc1
C=CC1CNCCC1CCCc1ccnc2ccc(OC)cc12,1,XFXANHWIBFMEOY-UHFFFAOYSA-N,c1ccc2c(CCCC3CCNCC3)ccnc2c1
C=C[C@@H]1CNCC[C@H]1CCCc1ccnc2ccc(OC)cc12,1,XFXANHWIBFMEOY-HZPDHXFCSA-N,c1ccc2c(CCCC3CCNCC3)ccnc2c1
C=C[C@@H]1CNCC[C@@H]1CCCc1ccnc2ccc(OC)cc12,1,XFXANHWIBFMEOY-CVEARBPZSA-N,c1ccc2c(CCCC3CCNCC3)ccnc2c1
C=C[C@H]1CNCC[C@H]1CCCc1ccnc2ccc(OC)cc12,1,XFXANHWIBFMEOY-JKSUJKDBSA-N,c1ccc2c(CCCC3CCNCC3)ccnc2c1
O=C1CCC(=O)N1C[C@@H]1CC[C@H]2CN(c3ncccn3)CCN2C1,1,UXWBIYCPUVWKHP-KGLIPLIRSA-N,O=C1CCC(=O)N1C[C@@H]1CC[C@H]2CN(c3ncccn3)CCN2C1
C[C@H]1O[C@@H](O[C@H]2[C@@H](O)C[C@H](O[C@H]3[C@@H](O)C[C@H](O[C@H]4CC[C@@]5(C)[C@H](CC[C@@H]6[C@@H]5C[C@@H](O)[C@]5(C)[C@@H](C7=CC(=O)OC7)CC[C@]65O)C4)O[C@@H]3C)O[C@@H]2C)C[C@H](O)[C@@H]1O,0,LTMHDMANZUZIPE-PUGKRICDSA-N,O=C1C=C([C@H]2CCC3C2CC[C@@H]2C4CC[C@H](O[C@H]5CC[C@H](O[C@H]6CC[C@H](O[C@H]7CCCCO7)CO6)CO5)C[C@H]4CC[C@@H]32)CO1
CC(=O)O[C@H]1C[C@H](O[C@H]2[C@@H](O)C[C@H](O[C@H]3[C@@H](O)C[C@H](O[C@H]4CC[C@@]5(C)[C@H](CC[C@@H]6[C@@H]5CC[C@]5(C)[C@@H](C7=CC(=O)OC7)CC[C@]65O)C4)O[C@@H]3C)O[C@@H]2C)O[C@H](C)[C@H]1O,0,HPMZBILYSWLILX-UMDUKNJSSA-N,O=C1C=C([C@H]2CCC3C2CC[C@@H]2C4CC[C@H](O[C@H]5CC[C@H](O[C@H]6CC[C@H](O[C@H]7CCCCO7)CO6)CO5)C[C@H]4CC[C@@H]32)CO1
Cn1c(=O)c2c(ncn2CC2OCCO2)n(C)c1=O,0,HWXIGFIVGWUZAO-UHFFFAOYSA-N,O=c1[nH]c(=O)c2c(ncn2CC2OCCO2)[nH]1
CC(=O)OC12COC1CC(O)C1(C)C(=O)C(O)C3C(C)C(OC(=O)C(O)C(NC(=O)OC(C)(C)C)c4ccccc4)CC(O)(C(OC(=O)c4ccccc4)C21)C3(C)C,0,SYSFKIZFBOHUEC-UHFFFAOYSA-N,O=C(CCc1ccccc1)OC1CC2CC(=O)C3CCC4OCC4C3C(OC(=O)c3ccccc3)C(C2)C1
CCOC(=O)C[C@@H](O)C[C@H](O)/C=C/C1=C(c2ccc(F)cc2)c2ccccc2OC12CCCC2,1,ZADJRRFMOOACHL-WQHODERWSA-N,C1=C(c2ccccc2)c2ccccc2OC12CCCC2
CCOC(=O)C[C@@H](O)C[C@H](O)/C=C\C1=C(c2ccc(F)cc2)c2ccccc2OC12CCCC2,1,ZADJRRFMOOACHL-UPYQTWMCSA-N,C1=C(c2ccccc2)c2ccccc2OC12CCCC2
CCOC(=O)CC(O)CC(O)C=CC1=C(c2ccc(F)cc2)c2ccccc2OC12CCCC2,1,ZADJRRFMOOACHL-UHFFFAOYSA-N,C1=C(c2ccccc2)c2ccccc2OC12CCCC2
CCOC(=O)C[C@@H](O)C[C@@H](O)/C=C/C1=C(c2ccc(F)cc2)c2ccccc2OC12CCCC2,1,ZADJRRFMOOACHL-WQICJITCSA-N,C1=C(c2ccccc2)c2ccccc2OC12CCCC2
CCOC(=O)C[C@H](O)C[C@H](O)C=CC1=C(c2ccc(F)cc2)c2ccccc2OC12CCCC2,1,ZADJRRFMOOACHL-FGZHOGPDSA-N,C1=C(c2ccccc2)c2ccccc2OC12CCCC2
CCOC(=O)CC(O)CC(O)/C=C/C1=C(c2ccc(F)cc2)c2ccccc2OC12CCCC2,1,ZADJRRFMOOACHL-BUHFOSPRSA-N,C1=C(c2ccccc2)c2ccccc2OC12CCCC2
CCOC(=O)C[C@H](O)C[C@H](O)/C=C/C1=C(c2ccc(F)cc2)c2ccccc2OC12CCCC2,1,ZADJRRFMOOACHL-WRBWEIJPSA-N,C1=C(c2ccccc2)c2ccccc2OC12CCCC2
Cc1ccc(-c2cc(C(F)(F)F)nn2-c2ccc(S(N)(=O)=O)cc2)cc1,0,RZEKVGVHFLEQIL-UHFFFAOYSA-N,c1ccc(-c2ccnn2-c2ccccc2)cc1
Cn1ncnc1COc1nn2c(-c3cc(F)ccc3F)nnc2cc1C(C)(C)C,0,BQDUNOMMYOKHEP-UHFFFAOYSA-N,c1ccc(-c2nnc3ccc(OCc4ncn[nH]4)nn23)cc1
CC(=O)OCC(=O)[C@@]1(O)[C@@H](OC(C)=O)C[C@H]2[C@@H]3CCC4=CC(=O)C=C[C@]4(C)[C@@]3(F)[C@H](O)C[C@@]21C,1,XGMPVBXKDAHORN-YIVZPMHXSA-N,O=C1C=CC2C(=C1)CC[C@@H]1C2CCC2CCC[C@H]21
CC(=O)OCC(=O)[C@@]1(OC(C)=O)CC[C@H]2[C@@H]3C[C@H](F)C4=CC(=O)C(Br)=C[C@]4(C)[C@@]3(F)[C@H](O)C[C@@]21C,1,YCISZOVUHXIOFY-GCWSXTOISA-N,O=C1C=CC2C(=C1)CC[C@@H]1C2CCC2CCC[C@H]21
CC(=O)OCC(=O)[C@@]1(OC(C)=O)[C@@H](C)C[C@H]2[C@@H]3C[C@H](F)C4=CC(=O)C=C[C@]4(C)[C@@]3(F)[C@H](O)C[C@@]21C,1,BOBLHFUVNSFZPJ-KTSQFLIHSA-N,O=C1C=CC2C(=C1)CC[C@@H]1C2CCC2CCC[C@H]21
CC(=O)OCC(=O)[C@]1(O)[C@H](C)C[C@H]2[C@@H]3CC(F)(F)C4=CC(=O)C=C[C@]4(C)[C@@]3(F)[C@H](O)C[C@]21C,1,YXKFATPOEMHNMJ-AFAPYTQSSA-N,O=C1C=CC2C(=C1)CC[C@@H]1C2CCC2CCC[C@H]21
CC(=O)OCC(=O)[C@]1(OC(=O)C(C)C)[C@H](C)C[C@H]2[C@@H]3CCC4=CC(=O)C=C[C@]4(C)[C@@]3(F)[C@H](O)C[C@]21C,1,KGNVBESWWSSQAN-DIPYDZKFSA-N,O=C1C=CC2C(=C1)CC[C@@H]1C2CCC2CCC[C@H]21
CC(=O)[C@]1(O)[C@H](C)C[C@H]2[C@@H]3CCC4=CC(=O)C=C[C@]4(C)[C@@]3(F)[C@H](O)C[C@]21C,1,IKGBPSZWCRRUQS-IQXPXWNDSA-N,O=C1C=CC2C(=C1)CC[C@@H]1C2CCC2CCC[C@H]21
CCCC(=O)OCC(=O)[C@]1(OC(=O)CCC)[C@@H](C)C[C@H]2[C@@H]3CCC4=CC(=O)C=C[C@]4(C)[C@@]3(Cl)[C@H](Cl)C[C@]21C,1,HUXCOHMTWUSXGY-MLYRXXHCSA-N,O=C1C=CC2C(=C1)CC[C@@H]1C2CCC2CCC[C@H]21
CCCC(=O)O[C@@]1(C(=O)COC(C)=O)[C@@H](C)C[C@H]2[C@@H]3CCC4=CC(=O)C=C[C@]4(C)[C@@]3(Cl)[C@H](O)C[C@]21C,1,OVTRPNSKIPQZEC-STRKTCGPSA-N,O=C1C=CC2C(=C1)CC[C@@H]1C2CCC2CCC[C@H]21
CSC(=O)[C@@]1(O)[C@@H](C)C[C@H]2[C@@H]3CCC4=CC(=O)C=C[C@]4(C)[C@@]3(F)[C@H](O)C[C@@]21C,1,LNGNTCFORRWFSF-ASCNRHBSSA-N,O=C1C=CC2C(=C1)CC[C@@H]1C2CCC2CCC[C@H]21
C[C@]12C=CC(=O)C=C1CC[C@H]1[C@@H]3CC[C@@](O)(C(=O)CO)[C@]3(C)C[C@@H](Cl)[C@@]12Cl,1,CZJXBZPJABCCRQ-KBONVHAXSA-N,O=C1C=CC2C(=C1)CC[C@@H]1C2CCC2CCC[C@H]21
CCC(=O)OC1(C(=O)SCCl)[C@@H](C)C[C@H]2[C@@H]3C[C@H](F)C4=CC(=O)C=CC4(C)C3(F)[C@@H](O)CC21C,1,MVLBCBPGBUAVJQ-BWIYNDDHSA-N,O=C1C=CC2C(=C1)CC[C@@H]1C2CCC2CCC[C@H]21
C[C@H]1C[C@H]2[C@@H]3CC(F)(F)C4=CC(=O)C=CC4(C)C3(F)[C@@H](O)CC2(C)C1(O)C(=O)CO,1,QVTPFMPYKMLGGK-ZJYHZURJSA-N,O=C1C=CC2C(=C1)CC[C@@H]1C2CCC2CCC[C@H]21
CC(=O)C1(O)C(O)C[C@H]2[C@@H]3CCC4=CC(=O)C=CC4(C)C3(F)[C@@H](O)CC21C,1,DYCBAFABWCTLEN-YQGUDLFSSA-N,O=C1C=CC2C(=C1)CC[C@@H]1C2CCC2CCC[C@H]21
CC(=O)OCC(=O)C1(O)CC[C@H]2[C@@H]3CCC4=CC(=O)C=CC4(C)C3(Cl)[C@@H](Cl)CC21C,1,YNNURTVKPVJVEI-PDHKXLCESA-N,O=C1C=CC2C(=C1)CC[C@@H]1C2CCC2CCC[C@H]21
C[C@H]1C[C@H]2[C@@H]3C[C@H](F)C4=CC(=O)C=CC4(C)C3(F)[C@@H](O)CC2(C)C1(O)C(=O)SCF,1,MGNNYOODZCAHBA-NZKHEVQASA-N,O=C1C=CC2C(=C1)CC[C@@H]1C2CCC2CCC[C@H]21
CCC(=O)OC1(C(=O)SCF)[C@@H](C)C[C@H]2[C@@H]3C[C@H](F)C4=CC(=O)C=CC4(C)C3(F)[C@@H](O)CC21C,1,WMWTYOKRWGGJOA-BWIYNDDHSA-N,O=C1C=CC2C(=C1)CC[C@@H]1C2CCC2CCC[C@H]21
C[C@H]1C[C@H]2[C@@H]3C[C@H](F)C4=CC(=O)C=CC4(C)C3(Cl)[C@@H](F)CC2(C)C1C(=O)CO,1,MBRXSOUHUFBPQC-GTVNTLLCSA-N,O=C1C=CC2C(=C1)CC[C@@H]1C2CCC2CCC[C@H]21
CC12C=C(Br)C(=O)C=C1[C@@H](F)C[C@H]1[C@@H]3CCC(O)(C(=O)CO)C3(C)C[C@H](O)C12F,1,MYZDPUZXMFCPMU-BBWKDMMHSA-N,O=C1C=CC2C(=C1)CC[C@@H]1C2CCC2CCC[C@H]21
CC12C=CC(=O)C=C1CC[C@H]1[C@@H]3CCC(O)(C(=O)CO)C3(C)C[C@H](O)C12F,1,WAIJIHDWAKJCBX-ARJPBXCHSA-N,O=C1C=CC2C(=C1)CC[C@@H]1C2CCC2CCC[C@H]21
C[C@H]1C[C@H]2[C@@H]3CCC4=CC(=O)C=CC4(C)C3(Cl)[C@@H](Cl)CC2(C)C1(O)C(=O)CO,1,OKWSMPYQIYKVDC-UYWGRENSSA-N,O=C1C=CC2C(=C1)CC[C@@H]1C2CCC2CCC[C@H]21
C[C@H]1C[C@H]2[C@@H]3CCC4=CC(=O)C=CC4(C)C3(Cl)[C@@H](O)CC2(C)C1(O)C(=O)CCl,1,QLIIKPVHVRXHRI-UYWGRENSSA-N,O=C1C=CC2C(=C1)CC[C@@H]1C2CCC2CCC[C@H]21
CC(=O)OCC(=O)C1(O)[C@@H](C)C[C@H]2[C@@H]3CC(F)(F)C4=CC(=O)C=CC4(C)C3(F)[C@@H](O)CC21C,1,YXKFATPOEMHNMJ-URFTUPEGSA-N,O=C1C=CC2C(=C1)CC[C@@H]1C2CCC2CCC[C@H]21
CCCC(=O)OC1(C(=O)COC(C)=O)CC[C@H]2[C@@H]3C[C@H](F)C4=CC(=O)C=CC4(C)C3(F)C(O)CC21C,1,WYQPLTPSGFELIB-FXQZTFIPSA-N,O=C1C=CC2C(=C1)CC[C@@H]1C2CCC2CCC[C@H]21
CCC(=O)OC1(C(=O)SC)[C@@H](C)C[C@H]2[C@@H]3C[C@H](F)C4=CC(=O)C=CC4(C)C3(F)[C@@H](O)CC21C,1,DRXCUKXWTNOXTD-BWIYNDDHSA-N,O=C1C=CC2C(=C1)CC[C@@H]1C2CCC2CCC[C@H]21
CSC(=O)C1(O)[C@@H](C)C[C@H]2[C@@H]3CCC4=CC(=O)C=CC4(C)C3(F)[C@@H](O)CC21C,1,LNGNTCFORRWFSF-UYWGRENSSA-N,O=C1C=CC2C(=C1)CC[C@@H]1C2CCC2CCC[C@H]21
C[C@H]1C[C@H]2[C@@H]3C[C@H](F)C4=CC(=O)C=CC4(C)C3(F)[C@@H](O)CC2(C)C1(O)C(=O)CCl,1,LEHFPXVYPMWYQD-NZKHEVQASA-N,O=C1C=CC2C(=C1)CC[C@@H]1C2CCC2CCC[C@H]21
CCC(=O)OC1(C(=O)COC)[C@@H](C)C[C@H]2[C@@H]3CCC4=CC(=O)C=CC4(C)C3(F)[C@@H](O)CC21C,1,ZMYGOSBRLPSJNB-LRYQOLONSA-N,O=C1C=CC2C(=C1)CC[C@@H]1C2CCC2CCC[C@H]21
C[C@H]1C[C@H]2[C@@H]3CCC4=CC(=O)C=CC4(C)C3(Cl)[C@@H](O)CC2(C)C1(O)C(=O)CO,1,NBMKJKDGKREAPL-UYWGRENSSA-N,O=C1C=CC2C(=C1)CC[C@@H]1C2CCC2CCC[C@H]21
CC(=O)OCC(=O)C1(OC(=O)C(C)C)[C@@H](C)C[C@H]2[C@@H]3CCC4=CC(=O)C=CC4(C)C3(F)[C@@H](O)CC21C,1,KGNVBESWWSSQAN-JCLOPBEQSA-N,O=C1C=CC2C(=C1)CC[C@@H]1C2CCC2CCC[C@H]21
C[C@H]1C[C@H]2[C@@H]3C[C@H](F)C4=CC(=O)C=CC4(C)C3(Cl)[C@@H](O)CC2(C)C1C(=O)CO,1,YMTMADLUXIRMGX-GTVNTLLCSA-N,O=C1C=CC2C(=C1)CC[C@@H]1C2CCC2CCC[C@H]21
CC(=O)OCC(=O)C1[C@@H](C)C[C@H]2[C@@H]3C[C@H](F)C4=CC(=O)C=CC4(C)C3(Cl)[C@@H](O)CC12C,1,ARPLCFGLEYFDCN-FYOGWUPSSA-N,O=C1C=CC2C(=C1)CC[C@@H]1C2CCC2CCC[C@H]21
C[C@H]1C[C@H]2[C@@H]3C[C@H](F)C4=CC(=O)C=CC4(C)C3(Cl)C(O)CC2(C)C1C(=O)COC(=O)C(C)(C)C,1,SXYZQZLHAIHKKY-KNCIXHKESA-N,O=C1C=CC2C(=C1)CC[C@@H]1C2CCC2CCC[C@H]21
CCC(=O)OC1(C(=O)SCCl)[C@@H](C)C[C@H]2[C@@H]3C[C@H](F)C4=CC(=O)C=CC4(C)C3(F)C(O)CC21C,1,MVLBCBPGBUAVJQ-DQBLOJITSA-N,O=C1C=CC2C(=C1)CC[C@@H]1C2CCC2CCC[C@H]21
C[C@H]1C[C@H]2[C@@H]3CCC4=CC(=O)C=CC4(C)C3(F)[C@@H](O)CC2(C)C1C(=O)CO,1,VWVSBHGCDBMOOT-FZJKROLFSA-N,O=C1C=CC2C(=C1)CC[C@@H]1C2CCC2CCC[C@H]21
CC12C=CC(=O)C=C1CC[C@H]1[C@@H]3CCC(O)(C(=O)CO)C3(C)C[C@H](Cl)C12Cl,1,CZJXBZPJABCCRQ-ARJPBXCHSA-N,O=C1C=CC2C(=C1)CC[C@@H]1C2CCC2CCC[C@H]21
CC(=O)CC(=O)C1(O)CC[C@H]2[C@@H]3CCC4=CC(=O)C=CC4(C)C3(Cl)[C@@H](Cl)CC21C,1,BJFSLTHXSJFXGR-PDHKXLCESA-N,O=C1C=CC2C(=C1)CC[C@@H]1C2CCC2CCC[C@H]21
C[C@H]1C[C@H]2[C@@H]3C[C@H](F)C4=CC(=O)C=CC4(C)C3(F)[C@@H](O)CC2(C)C1C(=O)CO,1,OGPWIDANBSLJPC-GTVNTLLCSA-N,O=C1C=CC2C(=C1)CC[C@@H]1C2CCC2CCC[C@H]21
C[C@H]1C[C@H]2[C@@H]3C[C@H](F)C4=CC(=O)C=CC4(C)C3(F)C(O)CC2(C)C1C(=O)COC(=O)C(C)(C)C,1,UWGRWFCLGQWKPR-KNCIXHKESA-N,O=C1C=CC2C(=C1)CC[C@@H]1C2CCC2CCC[C@H]21
CC(=O)OC1(C(C)=O)CC[C@H]2[C@@H]3C[C@H](C)C4=CC(=O)C=CC4(C)C3(F)[C@@H](O)CC21C,1,YRFXGQHBPBMFHW-VEFOCTPDSA-N,O=C1C=CC2C(=C1)CC[C@@H]1C2CCC2CCC[C@H]21
CCC(=O)OC1(C(=O)SCF)[C@@H](C)C[C@H]2[C@@H]3C[C@H](F)C4=CC(=O)C=CC4(C)C3(F)C(O)CC21C,1,WMWTYOKRWGGJOA-DQBLOJITSA-N,O=C1C=CC2C(=C1)CC[C@@H]1C2CCC2CCC[C@H]21
C[C@H]1C[C@H]2[C@@H]3C[C@H](F)C4=CC(=O)C=CC4(C)C3(Cl)[C@@H](F)CC2(C)[C@H]1C(=O)CO,1,MBRXSOUHUFBPQC-NSRHCTLDSA-N,O=C1C=CC2C(=C1)CC[C@@H]1C2CCC2CCC[C@H]21
CC(=O)OCC(=O)C1(OC(C)=O)CC[C@H]2[C@@H]3C[C@H](F)C4=CC(=O)C(Br)=CC4(C)C3(F)[C@@H](O)CC21C,1,YCISZOVUHXIOFY-AGKDEBCGSA-N,O=C1C=CC2C(=C1)CC[C@@H]1C2CCC2CCC[C@H]21
CC(=O)OCC(=O)C1(O)CC[C@H]2[C@@H]3CCC4=CC(=O)C=CC4(C)C3(F)[C@@H](O)CC21C,1,ZOCUOMKMBMEYQV-PDHKXLCESA-N,O=C1C=CC2C(=C1)CC[C@@H]1C2CCC2CCC[C@H]21
CCCC(=O)OCC(=O)C1(OC(=O)CCC)[C@@H](C)C[C@H]2[C@@H]3CCC4=CC(=O)C=CC4(C)C3(Cl)[C@@H](Cl)CC21C,1,HUXCOHMTWUSXGY-KDDHEFKUSA-N,O=C1C=CC2C(=C1)CC[C@@H]1C2CCC2CCC[C@H]21
CSC(=O)C1(OC(C)=O)[C@@H](C)C[C@H]2[C@@H]3CCC4=CC(=O)C=CC4(C)C3(F)C(O)CC21C,1,NWJQIUPQBDVVLW-HQUGXTOLSA-N,O=C1C=CC2C(=C1)CC[C@@H]1C2CCC2CCC[C@H]21
CCSC1(SC)CC[C@H]2[C@@H]3CCC4=CC(=O)C=CC4(C)C3(F)[C@@H](O)CC21C,1,DXEXNWDGDYUITL-GZQNXIRGSA-N,O=C1C=CC2C(=C1)CC[C@@H]1C2CCC2CCC[C@H]21
CC12C=CC(=O)C=C1CC[C@H]1[C@@H]3C[C@H](O)C(O)(C(=O)CO)C3(C)C[C@H](O)C12F,1,GFNANZIMVAIWHM-YHRJYHHGSA-N,O=C1C=CC2C(=C1)CC[C@@H]1C2CCC2CCC[C@H]21
CCC(=O)OCC(=O)C1(OC(=O)CC)[C@@H](C)C[C@H]2[C@@H]3CCC4=CC(=O)C=CC4(C)C3(Cl)[C@@H](O)CC21C,1,KUVIULQEHSCUHY-QZTNDZQCSA-N,O=C1C=CC2C(=C1)CC[C@@H]1C2CCC2CCC[C@H]21
CC(=O)OCC(=O)C1(O)[C@@H](C)C[C@H]2[C@@H]3CCC4=CC(=O)C=CC4(C)C3(F)[C@@H](O)CC21C,1,AKUJBENLRBOFTD-JWCUTEEWSA-N,O=C1C=CC2C(=C1)CC[C@@H]1C2CCC2CCC[C@H]21
CCC(=O)OCC(=O)C1(OC(=O)CC)[C@@H](C)C[C@H]2[C@@H]3CCC4=CC(=O)C=CC4(C)C3(F)[C@@H](O)CC21C,1,CIWBQSYVNNPZIQ-QZTNDZQCSA-N,O=C1C=CC2C(=C1)CC[C@@H]1C2CCC2CCC[C@H]21
CCCCC(=O)OC1(C(=O)CO)[C@@H](C)C[C@H]2[C@@H]3CCC4=CC(=O)C=CC4(C)C3(F)[C@@H](O)CC21C,1,SNHRLVCMMWUAJD-CKKUHNOLSA-N,O=C1C=CC2C(=C1)CC[C@@H]1C2CCC2CCC[C@H]21
C[C@H]1C[C@H]2[C@@H]3CCC4=CC(=O)C=CC4(C)C3(F)[C@@H](O)CC2(C)C1(O)C(=O)CCl,1,FCSHDIVRCWTZOX-UYWGRENSSA-N,O=C1C=CC2C(=C1)CC[C@@H]1C2CCC2CCC[C@H]21
CCC(=O)OC1(C(=O)CCl)[C@@H](C)C[C@H]2[C@@H]3CCC4=CC(=O)C=CC4(C)C3(F)[C@@H](O)CC21C,1,CBGUOGMQLZIXBE-GXXWVSLKSA-N,O=C1C=CC2C(=C1)CC[C@@H]1C2CCC2CCC[C@H]21
CC(=O)OCC(=O)C1(OC(C)=O)[C@@H](C)C[C@H]2[C@@H]3C[C@H](F)C4=CC(=O)C=CC4(C)C3(F)[C@@H](O)CC21C,1,BOBLHFUVNSFZPJ-NMXKUOOWSA-N,O=C1C=CC2C(=C1)CC[C@@H]1C2CCC2CCC[C@H]21
CCCC(=O)OC1(C(=O)COC(C)=O)CC[C@H]2[C@@H]3C[C@H](F)C4=CC(=O)C=CC4(C)C3(F)[C@@H](O)CC21C,1,WYQPLTPSGFELIB-XJPRDRQLSA-N,O=C1C=CC2C(=C1)CC[C@@H]1C2CCC2CCC[C@H]21
C[C@H]1C[C@H]2[C@@H]3CCC4=CC(=O)C=CC4(C)C3(F)C(O)CC2(C)C1(C)C(=O)CO,1,FXBVINCSIJOIGL-WPKDMHKKSA-N,O=C1C=CC2C(=C1)CC[C@@H]1C2CCC2CCC[C@H]21
CC(=O)C1(O)[C@@H](C)C[C@H]2[C@@H]3CCC4=CC(=O)C=CC4(C)C3(F)[C@@H](O)CC21C,1,IKGBPSZWCRRUQS-SHDCOILUSA-N,O=C1C=CC2C(=C1)CC[C@@H]1C2CCC2CCC[C@H]21
C[C@H]1C[C@H]2[C@@H]3C[C@H](F)C4=CC(=O)C=CC4(C)C3(F)[C@@H](O)CC2(C)C1(O)C(=O)CO,1,WXURHACBFYSXBI-NZKHEVQASA-N,O=C1C=CC2C(=C1)CC[C@@H]1C2CCC2CCC[C@H]21
C[C@H]1C[C@H]2[C@@H]3C[C@H](F)C4=CC(=O)C=CC4(C)C3(F)[C@@H](O)CC2(C)C1(O)C(=O)COC(=O)C(C)(C)C,1,JWRMHDSINXPDHB-YPZAAVCESA-N,O=C1C=CC2C(=C1)CC[C@@H]1C2CCC2CCC[C@H]21
CC12C=CC(=O)C=C1[C@@H](F)C[C@H]1[C@@H]3C[C@H](O)C(O)(C(=O)CO)C3(C)C[C@H](O)C12F,1,UUOUOERPONYGOS-RHFCCECRSA-N,O=C1C=CC2C(=C1)CC[C@@H]1C2CCC2CCC[C@H]21
CC(=O)C1(O)CC[C@H]2[C@@H]3C[C@H](C)C4=CC(=O)C=CC4(C)C3(F)[C@@H](O)CC21C,1,FAOZLTXFLGPHNG-DEQNGBRMSA-N,O=C1C=CC2C(=C1)CC[C@@H]1C2CCC2CCC[C@H]21
CC(=O)O[C@@H](C)C(=O)C1(O)CC[C@H]2[C@@H]3CCC4=CC(=O)C=CC4(C)C3(F)[C@@H](O)CC21C,1,HHPZZKDXAFJLOH-JWCUTEEWSA-N,O=C1C=CC2C(=C1)CC[C@@H]1C2CCC2CCC[C@H]21
C[C@H]1C[C@H]2[C@@H]3C[C@H](F)C4=CC(=O)C(Cl)=CC4(C)C3(F)[C@@H](O)CC2(C)C1(O)C(=O)CO,1,GGXMRPUKBWXVHE-WTPIYNOOSA-N,O=C1C=CC2C(=C1)CC[C@@H]1C2CCC2CCC[C@H]21
CCCC(=O)OC1(C(=O)COC(C)=O)[C@@H](C)C[C@H]2[C@@H]3CCC4=CC(=O)C=CC4(C)C3(Cl)[C@@H](O)CC21C,1,OVTRPNSKIPQZEC-JCLOPBEQSA-N,O=C1C=CC2C(=C1)CC[C@@H]1C2CCC2CCC[C@H]21
CCC(=O)OC1(C(=O)SC)[C@@H](C)C[C@H]2[C@@H]3C[C@H](F)C4=CC(=O)C=CC4(C)C3(F)C(O)CC21C,1,DRXCUKXWTNOXTD-DQBLOJITSA-N,O=C1C=CC2C(=C1)CC[C@@H]1C2CCC2CCC[C@H]21
CC(=O)OCC(=O)C1(O)[C@@H](OC(C)=O)C[C@H]2[C@@H]3CCC4=CC(=O)C=CC4(C)C3(F)[C@@H](O)CC21C,1,XGMPVBXKDAHORN-LRDRJEENSA-N,O=C1C=CC2C(=C1)CC[C@@H]1C2CCC2CCC[C@H]21
C[C@H]1C[C@H]2[C@@H]3CCC4=CC(=O)C=C[C@]4(C)[C@@]3(Cl)[C@@H](O)C[C@]2(C)[C@@]1(O)C(=O)CO,1,NBMKJKDGKREAPL-DVTGEIKXSA-N,O=C1C=CC2C(=C1)CC[C@@H]1C2CCC2CCC[C@H]21
C[C@]12C=CC(=O)C=C1CC[C@H]1[C@@H]3C[C@@H](O)[C@](O)(C(=O)CO)[C@@]3(C)C[C@H](O)[C@@]12F,0,GFNANZIMVAIWHM-OBYCQNJPSA-N,O=C1C=CC2C(=C1)CC[C@@H]1C2CCC2CCC[C@H]21
CCC(=O)O[C@]1(C(=O)COC)[C@@H](C)C[C@H]2[C@@H]3CCC4=CC(=O)C=C[C@]4(C)[C@@]3(F)[C@@H](O)C[C@@]21C,1,ZMYGOSBRLPSJNB-SOMXGXJRSA-N,O=C1C=CC2C(=C1)CC[C@@H]1C2CCC2CCC[C@H]21
CCCCC(=O)O[C@]1(C(=O)CO)[C@@H](C)C[C@H]2[C@@H]3CCC4=CC(=O)C=C[C@]4(C)[C@@]3(F)[C@@H](O)C[C@@]21C,1,SNHRLVCMMWUAJD-SUYDQAKGSA-N,O=C1C=CC2C(=C1)CC[C@@H]1C2CCC2CCC[C@H]21
CC(=O)OCC(=O)[C@H]1[C@H](C)C[C@H]2[C@@H]3C[C@H](F)C4=CC(=O)C=C[C@]4(C)C3(Cl)[C@@H](O)C[C@@]21C,1,ARPLCFGLEYFDCN-JIAFSOTFSA-N,O=C1C=CC2C(=C1)CC[C@@H]1C2CCC2CCC[C@H]21
CC(=O)[C@@]1(O)[C@H](O)C[C@H]2[C@@H]3CCC4=CC(=O)C=C[C@]4(C)[C@@]3(F)[C@@H](O)C[C@@]21C,1,DYCBAFABWCTLEN-PMVIMZBYSA-N,O=C1C=CC2C(=C1)CC[C@@H]1C2CCC2CCC[C@H]21
C[C@@H]1C[C@H]2[C@@H]3CCC4=CC(=O)C=C[C@]4(C)[C@@]3(F)[C@@H](O)C[C@]2(C)[C@H]1C(=O)CO,1,VWVSBHGCDBMOOT-IIEHVVJPSA-N,O=C1C=CC2C(=C1)CC[C@@H]1C2CCC2CCC[C@H]21
C[C@@H]1C[C@H]2[C@@H]3C[C@H](F)C4=CC(=O)C=C[C@]4(C)[C@@]3(F)[C@@H](O)C[C@]2(C)[C@H]1C(=O)COC(=O)C(C)(C)C,1,UWGRWFCLGQWKPR-GSTUPEFVSA-N,O=C1C=CC2C(=C1)CC[C@@H]1C2CCC2CCC[C@H]21
CC(=O)O[C@]1(C(C)=O)CC[C@H]2[C@@H]3C[C@H](C)C4=CC(=O)C=C[C@]4(C)[C@@]3(F)[C@@H](O)C[C@@]21C,1,YRFXGQHBPBMFHW-SBTZIJSASA-N,O=C1C=CC2C(=C1)CC[C@@H]1C2CCC2CCC[C@H]21
CCC(=O)O[C@]1(C(=O)SCF)[C@H](C)C[C@H]2[C@@H]3C[C@H](F)C4=CC(=O)C=C[C@]4(C)[C@@]3(F)[C@@H](O)C[C@@]21C,1,WMWTYOKRWGGJOA-CENSZEJFSA-N,O=C1C=CC2C(=C1)CC[C@@H]1C2CCC2CCC[C@H]21
C[C@@H]1C[C@H]2[C@@H]3C[C@H](F)C4=CC(=O)C=C[C@]4(C)C3(Cl)[C@@H](F)C[C@]2(C)[C@H]1C(=O)CO,1,MBRXSOUHUFBPQC-UZGAULTLSA-N,O=C1C=CC2C(=C1)CC[C@@H]1C2CCC2CCC[C@H]21
C[C@]12C=C(Br)C(=O)C=C1[C@H](F)C[C@H]1[C@@H]3CCC(O)(C(=O)CO)[C@@]3(C)C[C@H](O)C12F,1,MYZDPUZXMFCPMU-JIPLOCHSSA-N,O=C1C=CC2C(=C1)CC[C@@H]1C2CCC2CCC[C@H]21
CC(=O)OCC(=O)[C@@]1(O)CC[C@H]2[C@@H]3CCC4=CC(=O)C=C[C@]4(C)[C@@]3(F)[C@@H](O)C[C@@]21C,1,ZOCUOMKMBMEYQV-GSLJADNHSA-N,O=C1C=CC2C(=C1)CC[C@@H]1C2CCC2CCC[C@H]21
C[C@@H]1C[C@H]2[C@@H]3CCC4=CC(=O)C=C[C@]4(C)[C@@]3(Cl)[C@@H](O)C[C@]2(C)[C@@]1(O)C(=O)CCl,1,QLIIKPVHVRXHRI-CXSFZGCWSA-N,O=C1C=CC2C(=C1)CC[C@@H]1C2CCC2CCC[C@H]21
CSC(=O)C1(OC(C)=O)[C@@H](C)C[C@H]2[C@@H]3CCC4=CC(=O)C=C[C@]4(C)C3(F)[C@@H](O)C[C@@]21C,1,NWJQIUPQBDVVLW-LWKYSAPBSA-N,O=C1C=CC2C(=C1)CC[C@@H]1C2CCC2CCC[C@H]21
CCS[C@]1(SC)CC[C@H]2[C@@H]3CCC4=CC(=O)C=C[C@]4(C)[C@@]3(F)[C@@H](O)C[C@@]21C,1,DXEXNWDGDYUITL-FXSSSKFRSA-N,O=C1C=CC2C(=C1)CC[C@@H]1C2CCC2CCC[C@H]21
CCC(=O)OCC(=O)[C@@]1(OC(=O)CC)[C@@H](C)C[C@H]2[C@@H]3CCC4=CC(=O)C=C[C@]4(C)[C@@]3(Cl)[C@@H](O)C[C@@]21C,1,KUVIULQEHSCUHY-XYWKZLDCSA-N,O=C1C=CC2C(=C1)CC[C@@H]1C2CCC2CCC[C@H]21
CC(=O)OCC(=O)[C@@]1(OC(=O)C(C)C)[C@@H](C)C[C@H]2[C@@H]3CCC4=CC(=O)C=C[C@]4(C)[C@@]3(F)[C@@H](O)C[C@@]21C,1,KGNVBESWWSSQAN-QEVRMTOFSA-N,O=C1C=CC2C(=C1)CC[C@@H]1C2CCC2CCC[C@H]21
CC(=O)OCC(=O)[C@@]1(O)[C@@H](C)C[C@H]2[C@@H]3CCC4=CC(=O)C=C[C@]4(C)[C@@]3(F)[C@@H](O)C[C@@]21C,1,AKUJBENLRBOFTD-QZIXMDIESA-N,O=C1C=CC2C(=C1)CC[C@@H]1C2CCC2CCC[C@H]21
CCC(=O)OCC(=O)[C@@]1(OC(=O)CC)[C@@H](C)C[C@H]2[C@@H]3CCC4=CC(=O)C=C[C@]4(C)[C@@]3(F)[C@@H](O)C[C@@]21C,1,CIWBQSYVNNPZIQ-XYWKZLDCSA-N,O=C1C=CC2C(=C1)CC[C@@H]1C2CCC2CCC[C@H]21
CCC(=O)O[C@]1(C(=O)CCl)[C@@H](C)C[C@H]2[C@@H]3CCC4=CC(=O)C=C[C@]4(C)[C@@]3(F)[C@@H](O)C[C@@]21C,1,CBGUOGMQLZIXBE-XGQKBEPLSA-N,O=C1C=CC2C(=C1)CC[C@@H]1C2CCC2CCC[C@H]21
CC(=O)OCC(=O)[C@@]1(OC(C)=O)[C@@H](C)C[C@H]2[C@@H]3C[C@H](F)C4=CC(=O)C=C[C@]4(C)[C@@]3(F)[C@@H](O)C[C@@]21C,1,BOBLHFUVNSFZPJ-JOYXJVLSSA-N,O=C1C=CC2C(=C1)CC[C@@H]1C2CCC2CCC[C@H]21
CCCC(=O)O[C@]1(C(=O)COC(C)=O)CC[C@H]2[C@@H]3C[C@H](F)C4=CC(=O)C=C[C@]4(C)[C@@]3(F)[C@@H](O)C[C@@]21C,1,WYQPLTPSGFELIB-JTQPXKBDSA-N,O=C1C=CC2C(=C1)CC[C@@H]1C2CCC2CCC[C@H]21
C[C@@H]1C[C@H]2[C@@H]3CCC4=CC(=O)C=C[C@]4(C)[C@@]3(F)[C@@H](O)C[C@]2(C)[C@@]1(C)C(=O)CO,1,FXBVINCSIJOIGL-ODTHGOCZSA-N,O=C1C=CC2C(=C1)CC[C@@H]1C2CCC2CCC[C@H]21
CC(=O)[C@@]1(O)[C@@H](C)C[C@H]2[C@@H]3CCC4=CC(=O)C=C[C@]4(C)[C@@]3(F)[C@@H](O)C[C@@]21C,1,IKGBPSZWCRRUQS-DTAAKRQUSA-N,O=C1C=CC2C(=C1)CC[C@@H]1C2CCC2CCC[C@H]21
C[C@@H]1C[C@H]2[C@@H]3C[C@H](F)C4=CC(=O)C=C[C@]4(C)[C@@]3(F)[C@@H](O)C[C@]2(C)[C@@]1(O)C(=O)CO,1,WXURHACBFYSXBI-GQKYHHCASA-N,O=C1C=CC2C(=C1)CC[C@@H]1C2CCC2CCC[C@H]21
C[C@]12C=CC(=O)C=C1[C@@H](F)C[C@H]1[C@@H]3C[C@@H](O)[C@](O)(C(=O)CO)[C@@]3(C)C[C@H](O)[C@@]12F,1,UUOUOERPONYGOS-CLCRDYEYSA-N,O=C1C=CC2C(=C1)CC[C@@H]1C2CCC2CCC[C@H]21
CC(=O)[C@@]1(O)CC[C@H]2[C@@H]3C[C@H](C)C4=CC(=O)C=C[C@]4(C)[C@@]3(F)[C@@H](O)C[C@@]21C,1,FAOZLTXFLGPHNG-KNAQIMQKSA-N,O=C1C=CC2C(=C1)CC[C@@H]1C2CCC2CCC[C@H]21
CC(=O)O[C@@H](C)C(=O)[C@@]1(O)CC[C@H]2[C@@H]3CCC4=CC(=O)C=C[C@]4(C)[C@@]3(F)[C@@H](O)C[C@@]21C,1,HHPZZKDXAFJLOH-QZIXMDIESA-N,O=C1C=CC2C(=C1)CC[C@@H]1C2CCC2CCC[C@H]21
CCCC(=O)O[C@]1(C(=O)COC(C)=O)[C@H](C)C[C@H]2[C@@H]3CCC4=CC(=O)C=C[C@]4(C)[C@@]3(Cl)[C@@H](O)C[C@@]21C,1,OVTRPNSKIPQZEC-NJLPOHDGSA-N,O=C1C=CC2C(=C1)CC[C@@H]1C2CCC2CCC[C@H]21
CC(=O)OCC(=O)[C@@]1(O)[C@H](OC(C)=O)C[C@H]2[C@@H]3CCC4=CC(=O)C=C[C@]4(C)[C@@]3(F)[C@@H](O)C[C@@]21C,1,XGMPVBXKDAHORN-RBWIMXSLSA-N,O=C1C=CC2C(=C1)CC[C@@H]1C2CCC2CCC[C@H]21
CCC(=O)O[C@]1(C(=O)SC)[C@H](C)C[C@H]2[C@@H]3C[C@H](F)C4=CC(=O)C=C[C@]4(C)[C@@]3(F)[C@@H](O)C[C@@]21C,1,DRXCUKXWTNOXTD-CENSZEJFSA-N,O=C1C=CC2C(=C1)CC[C@@H]1C2CCC2CCC[C@H]21
C[C@@H]1C[C@H]2[C@@H]3C[C@H](F)C4=CC(=O)C(Cl)=C[C@]4(C)[C@@]3(F)[C@@H](O)C[C@]2(C)[C@@]1(O)C(=O)CO,1,GGXMRPUKBWXVHE-MIHLVHIWSA-N,O=C1C=CC2C(=C1)CC[C@@H]1C2CCC2CCC[C@H]21
CCCC(=O)OCC(=O)[C@@]1(OC(=O)CCC)[C@H](C)C[C@H]2[C@@H]3CCC4=CC(=O)C=C[C@]4(C)[C@@]3(Cl)[C@@H](Cl)C[C@@]21C,1,HUXCOHMTWUSXGY-GAPIFECDSA-N,O=C1C=CC2C(=C1)CC[C@@H]1C2CCC2CCC[C@H]21
CSC(=O)[C@@]1(O)[C@@H](C)C[C@H]2[C@@H]3CCC4=CC(=O)C=C[C@]4(C)[C@@]3(F)[C@@H](O)C[C@@]21C,1,LNGNTCFORRWFSF-DVTGEIKXSA-N,O=C1C=CC2C(=C1)CC[C@@H]1C2CCC2CCC[C@H]21
CCC(=O)O[C@]1(C(=O)SCCl)[C@H](C)C[C@H]2[C@@H]3C[C@H](F)C4=CC(=O)C=C[C@]4(C)[C@@]3(F)[C@@H](O)C[C@@]21C,1,MVLBCBPGBUAVJQ-CENSZEJFSA-N,O=C1C=CC2C(=C1)CC[C@@H]1C2CCC2CCC[C@H]21
CSC(=O)[C@@]1(OC(C)=O)[C@@H](C)C[C@H]2[C@@H]3CCC4=CC(=O)C=C[C@]4(C)[C@@]3(F)[C@@H](O)C[C@@]21C,1,NWJQIUPQBDVVLW-QZIXMDIESA-N,O=C1C=CC2C(=C1)CC[C@@H]1C2CCC2CCC[C@H]21
CC(O)C(=O)[C@@]1(O)CC[C@H]2[C@@H]3CCC4=CC(=O)C=C[C@]4(C)[C@@]3(F)[C@@H](O)C[C@@]21C,1,SLVCCRYLKTYUQP-IAIMTWSWSA-N,O=C1C=CC2C(=C1)CC[C@@H]1C2CCC2CCC[C@H]21
CSC(=O)[C@@]1(O)[C@H](C)C[C@H]2[C@@H]3C[C@H](F)C4=CC(=O)C=C[C@]4(C)[C@@]3(F)[C@@H](O)C[C@@]21C,1,TYVHQHCXWZVELU-GQKYHHCASA-N,O=C1C=CC2C(=C1)CC[C@@H]1C2CCC2CCC[C@H]21
C[C@]12C=CC(=O)C=C1CC[C@H]1[C@@H]3CC[C@](O)(C(=O)CO)[C@@]3(C)C[C@H](O)[C@@]12F,1,WAIJIHDWAKJCBX-BULBTXNYSA-N,O=C1C=CC2C(=C1)CC[C@@H]1C2CCC2CCC[C@H]21
CC(=O)[C@@]1(O)CC[C@H]2[C@@H]3C[C@H](C)C4=CC(=O)C=C[C@]4(C)[C@@]3(F)[C@H](O)C[C@@]21C,1,FAOZLTXFLGPHNG-JQJXMUTFSA-N,O=C1C=CC2C(=C1)CC[C@@H]1C2CCC2CCC[C@H]21
C[C@]12C=CC(=O)C=C1CC[C@H]1[C@@H]3C[C@H](O)[C@](O)(C(=O)CO)[C@@]3(C)C[C@@H](O)[C@@]12F,1,GFNANZIMVAIWHM-KFVVNMEASA-N,O=C1C=CC2C(=C1)CC[C@@H]1C2CCC2CCC[C@H]21
CCC(=O)OCC(=O)[C@@]1(OC(=O)CC)[C@@H](C)C[C@H]2[C@@H]3CCC4=CC(=O)C=C[C@]4(C)[C@@]3(Cl)[C@@H](O)C[C@]21C,1,KUVIULQEHSCUHY-KEZNSFAJSA-N,O=C1C=CC2C(=C1)CC[C@@H]1C2CCC2CCC[C@H]21
CCCCC(=O)O[C@]1(C(=O)CO)[C@H](C)C[C@H]2[C@@H]3CCC4=CC(=O)C=C[C@]4(C)[C@@]3(F)[C@H](O)C[C@@]21C,1,SNHRLVCMMWUAJD-MXFKGUJQSA-N,O=C1C=CC2C(=C1)CC[C@@H]1C2CCC2CCC[C@H]21
C[C@]12C=CC(=O)C=C1[C@@H](F)C[C@H]1[C@@H]3C[C@H](O)[C@](O)(C(=O)CO)[C@@]3(C)C[C@@H](O)[C@@]12F,1,UUOUOERPONYGOS-OTJLYDAYSA-N,O=C1C=CC2C(=C1)CC[C@@H]1C2CCC2CCC[C@H]21
CC(=O)O[C@]1(C(C)=O)CC[C@H]2[C@@H]3C[C@H](C)C4=CC(=O)C=C[C@]4(C)[C@@]3(F)[C@H](O)C[C@@]21C,1,YRFXGQHBPBMFHW-OBSXTDBZSA-N,O=C1C=CC2C(=C1)CC[C@@H]1C2CCC2CCC[C@H]21
CC(=O)OCC(=O)[C@@]1(O)CC[C@H]2[C@@H]3CCC4=CC(=O)C=C[C@]4(C)[C@@]3(F)[C@H](O)C[C@@]21C,1,ZOCUOMKMBMEYQV-UDZABEMNSA-N,O=C1C=CC2C(=C1)CC[C@@H]1C2CCC2CCC[C@H]21
C[C@@H]1C[C@H]2[C@@H]3CCC4=CC(=O)C=C[C@]4(C)[C@@]3(F)[C@@H](O)C[C@]2(C)[C@@]1(O)C(=O)CO,1,UREBDLICKHMUKA-CXSFZGCWSA-N,O=C1C=CC2C(=C1)CC[C@@H]1C2CCC2CCC[C@H]21
C[C@H]1C[C@H]2[C@@H]3CCC4=CC(=O)C=CC4(C)C3(F)[C@@H](O)CC2(C)C1(O)C(=O)CO,0,UREBDLICKHMUKA-UYWGRENSSA-N,O=C1C=CC2C(=C1)CC[C@@H]1C2CCC2CCC[C@H]21
C[C@@H]1C[C@H]2[C@@H]3CCC4=CC(=O)C=C[C@]4(C)[C@@]3(Cl)[C@@H](Cl)C[C@]2(C)[C@@]1(O)C(=O)CO,1,OKWSMPYQIYKVDC-CXSFZGCWSA-N,O=C1C=CC2C(=C1)CC[C@@H]1C2CCC2CCC[C@H]21
C[C@@H]1C[C@H]2[C@@H]3C[C@H](F)C4=CC(=O)C=C[C@]4(C)[C@@]3(Cl)[C@@H](O)C[C@]2(C)[C@H]1C(=O)CO,1,YMTMADLUXIRMGX-RFPWEZLHSA-N,O=C1C=CC2C(=C1)CC[C@@H]1C2CCC2CCC[C@H]21
C[C@@H]1C[C@H]2[C@@H]3C[C@H](F)C4=CC(=O)C=C[C@]4(C)[C@@]3(F)[C@@H](O)C[C@]2(C)[C@@]1(O)C(=O)SCCl,1,ANLWAEZHUOEOTI-GQKYHHCASA-N,O=C1C=CC2C(=C1)CC[C@@H]1C2CCC2CCC[C@H]21
C[C@@H]1C[C@H]2[C@@H]3C[C@H](F)C4=CC(=O)C=C[C@]4(C)[C@@]3(F)[C@@H](O)C[C@]2(C)[C@@]1(O)C(=O)SCF,1,MGNNYOODZCAHBA-GQKYHHCASA-N,O=C1C=CC2C(=C1)CC[C@@H]1C2CCC2CCC[C@H]21
C[C@@H]1C[C@H]2[C@@H]3CC(F)(F)C4=CC(=O)C=C[C@]4(C)[C@@]3(F)[C@H](O)C[C@]2(C)[C@@]1(O)C(=O)CO,1,QVTPFMPYKMLGGK-PDJMNWMVSA-N,O=C1C=CC2C(=C1)CC[C@@H]1C2CCC2CCC[C@H]21
C[C@@H]1C[C@H]2[C@@H]3CCC4=CC(=O)C=C[C@]4(C)[C@@]3(Cl)[C@H](O)C[C@@]2(C)[C@]1(O)C(=O)CO,1,NBMKJKDGKREAPL-DDKKJOFASA-N,O=C1C=CC2C(=C1)CC[C@@H]1C2CCC2CCC[C@H]21
C[C@@H]1C[C@H]2[C@@H]3CCC4=CC(=O)C=C[C@]4(C)[C@@]3(F)[C@H](O)C[C@]2(C)[C@H]1C(=O)CO,1,VWVSBHGCDBMOOT-GEANKBDGSA-N,O=C1C=CC2C(=C1)CC[C@@H]1C2CCC2CCC[C@H]21
C[C@@H]1C[C@H]2[C@@H]3C[C@@H](F)C4=CC(=O)C=C[C@]4(C)[C@@]3(Cl)[C@H](F)C[C@@]2(C)[C@@H]1C(=O)CO,1,MBRXSOUHUFBPQC-IIDFSOFBSA-N,O=C1C=CC2C(=C1)CC[C@@H]1C2CCC2CCC[C@H]21
C[C@H]1C[C@H]2[C@@H]3C[C@H](F)C4=CC(=O)C=C[C@]4(C)[C@@]3(F)[C@H](O)C[C@]2(C)[C@H]1C(=O)COC(=O)C(C)(C)C,1,UWGRWFCLGQWKPR-FBJYBGKSSA-N,O=C1C=CC2C(=C1)CC[C@@H]1C2CCC2CCC[C@H]21
C[C@H]1C[C@H]2[C@@H]3CCC4=CC(=O)C=C[C@]4(C)[C@@]3(F)[C@@H](O)C[C@]2(C)[C@@]1(O)C(=O)CO,0,UREBDLICKHMUKA-DVTGEIKXSA-N,O=C1C=CC2C(=C1)CC[C@@H]1C2CCC2CCC[C@H]21
COc1ccc(-c2cc(=O)c3c(O)cc(O[C@@H]4O[C@@H](CO[C@@H]5O[C@H](C)[C@H](O)[C@@H](O)[C@H]5O)[C@H](O)[C@@H](O)[C@@H]4O)cc3o2)cc1O,0,GZSOSUNBTXMUFQ-XBUUOCAXSA-N,O=c1cc(-c2ccccc2)oc2cc(O[C@H]3CCC[C@H](CO[C@H]4CCCCO4)O3)ccc12
O=C(O)CCC(=O)Nc1ccc(S(=O)(=O)Nc2nccs2)cc1,0,SKVLYVHULOWXTD-UHFFFAOYSA-N,O=S(=O)(Nc1nccs1)c1ccccc1
Nc1ccc(S(=O)(=O)Nc2nccs2)cc1,0,JNMRHUJNCSQMMB-UHFFFAOYSA-N,O=S(=O)(Nc1nccs1)c1ccccc1
CC(C)=CCN1CCC2(C)c3cc(O)ccc3CC1C2C,1,VOKSWYLNZZRQPF-UHFFFAOYSA-N,c1ccc2c(c1)CC1CC2CCN1
CCCCCC(=O)CCC1(C)C2Cc3ccc(O)cc3C1(C)CCN2C,1,UDNUCVYCLQJJBY-UHFFFAOYSA-N,c1ccc2c(c1)CC1CC2CCN1
CC1C2Cc3ccc(O)cc3C1(C)CCN2C,1,YGSVZRIZCHZUHB-UHFFFAOYSA-N,c1ccc2c(c1)CC1CC2CCN1
CC(C)=CCN1CC[C@@]2(C)c3cc(O)ccc3CC1C2C,1,VOKSWYLNZZRQPF-DNOPENIRSA-N,c1ccc2c(c1)CC1CC2CCN1
